2026-08-18 10:38:42 [INFO]: 🚀 Starting application initialization...
2026-08-18 10:38:43 [INFO]: ✅ Database connection established successfully.
2026-08-18 10:38:43 [INFO]: 🚀 Starting application initialization...
2026-08-18 10:38:43 [INFO]: ✅ Database connection established successfully.
2026-08-18 10:38:44 [INFO]: 🚀 Starting application initialization...
2026-08-18 10:38:44 [INFO]: ✅ Database connection established successfully.
2026-08-18 10:38:45 [INFO]: 🚀 Starting application initialization...
2026-08-18 10:38:45 [INFO]: ✅ Database connection established successfully.
2026-08-18 10:38:46 [INFO]: 🚀 Starting application initialization...
2026-08-18 10:38:46 [INFO]: ✅ Database connection established successfully.
2026-08-18 10:38:46 [INFO]: 🚀 Starting application initialization...
2026-08-18 10:38:46 [INFO]: ✅ Database connection established successfully.
2026-08-18 10:38:47 [INFO]: 🚀 Starting application initialization...
2026-08-18 10:38:47 [INFO]: ✅ Database connection established successfully.
2026-08-18 10:38:48 [INFO]: 🚀 Starting application initialization...
2026-08-18 10:38:48 [INFO]: ✅ Database connection established successfully.
2026-08-18 10:38:49 [INFO]: 🚀 Starting application initialization...
2026-08-18 10:38:49 [INFO]: ✅ Database connection established successfully.
2026-08-18 10:38:49 [INFO]: 🚀 Starting application initialization...
2026-08-18 10:38:49 [INFO]: ✅ Database connection established successfully.
2026-08-18 10:38:50 [INFO]: 🚀 Starting application initialization...
2026-08-18 10:38:50 [INFO]: ✅ Database connection established successfully.
2026-08-18 10:38:51 [INFO]: 🚀 Starting application initialization...
2026-08-18 10:38:51 [INFO]: ✅ Database connection established successfully.
2026-08-18 10:38:52 [INFO]: 🚀 Starting application initialization...
2026-08-18 10:38:52 [INFO]: ✅ Database connection established successfully.
2026-08-18 10:38:52 [INFO]: 🚀 Starting application initialization...
2026-08-18 10:38:52 [INFO]: ✅ Database connection established successfully.
2026-08-18 10:38:53 [INFO]: 🚀 Starting application initialization...
2026-08-18 10:38:53 [INFO]: ✅ Database connection established successfully.
2026-08-18 10:38:54 [INFO]: 🚀 Starting application initialization...
2026-08-18 10:38:54 [INFO]: ✅ Database connection established successfully.
2026-08-18 10:40:41 [INFO]: 🚀 Starting application initialization...
2026-08-18 10:40:41 [INFO]: ✅ Auth routes loaded
2026-08-18 10:40:41 [INFO]: ✅ Conversations routes loaded
2026-08-18 10:40:41 [INFO]: ✅ Users routes loaded
2026-08-18 10:40:41 [INFO]: ✅ Database connection established successfully.
2026-08-18 10:40:41 [INFO]: ✅ Database synced
2026-08-18 10:40:41 [INFO]: 🚀 Starting application initialization...
2026-08-18 10:40:41 [INFO]: ✅ Auth routes loaded
2026-08-18 10:40:41 [INFO]: ✅ Conversations routes loaded
2026-08-18 10:40:41 [INFO]: ✅ Users routes loaded
2026-08-18 10:40:42 [INFO]: ✅ Database connection established successfully.
2026-08-18 10:40:42 [INFO]: ✅ Database synced
2026-08-18 10:40:42 [INFO]: 🚀 Starting application initialization...
2026-08-18 10:40:42 [INFO]: ✅ Auth routes loaded
2026-08-18 10:40:42 [INFO]: ✅ Conversations routes loaded
2026-08-18 10:40:42 [INFO]: ✅ Users routes loaded
2026-08-18 10:40:42 [INFO]: ✅ Database connection established successfully.
2026-08-18 10:40:42 [INFO]: ✅ Database synced
2026-08-18 10:40:43 [INFO]: 🚀 Starting application initialization...
2026-08-18 10:40:43 [INFO]: ✅ Auth routes loaded
2026-08-18 10:40:43 [INFO]: ✅ Conversations routes loaded
2026-08-18 10:40:43 [INFO]: ✅ Users routes loaded
2026-08-18 10:40:43 [INFO]: ✅ Database connection established successfully.
2026-08-18 10:40:43 [INFO]: ✅ Database synced
2026-08-18 10:40:44 [INFO]: 🚀 Starting application initialization...
2026-08-18 10:40:44 [INFO]: ✅ Auth routes loaded
2026-08-18 10:40:44 [INFO]: ✅ Conversations routes loaded
2026-08-18 10:40:44 [INFO]: ✅ Users routes loaded
2026-08-18 10:40:44 [INFO]: ✅ Database connection established successfully.
2026-08-18 10:40:44 [INFO]: ✅ Database synced
2026-08-18 10:40:45 [INFO]: 🚀 Starting application initialization...
2026-08-18 10:40:45 [INFO]: ✅ Auth routes loaded
2026-08-18 10:40:45 [INFO]: ✅ Conversations routes loaded
2026-08-18 10:40:45 [INFO]: ✅ Users routes loaded
2026-08-18 10:40:45 [INFO]: ✅ Database connection established successfully.
2026-08-18 10:40:45 [INFO]: ✅ Database synced
2026-08-18 10:40:46 [INFO]: 🚀 Starting application initialization...
2026-08-18 10:40:46 [INFO]: ✅ Auth routes loaded
2026-08-18 10:40:46 [INFO]: ✅ Conversations routes loaded
2026-08-18 10:40:46 [INFO]: ✅ Users routes loaded
2026-08-18 10:40:46 [INFO]: ✅ Database connection established successfully.
2026-08-18 10:40:46 [INFO]: ✅ Database synced
2026-08-18 10:40:46 [INFO]: 🚀 Starting application initialization...
2026-08-18 10:40:46 [INFO]: ✅ Auth routes loaded
2026-08-18 10:40:46 [INFO]: ✅ Conversations routes loaded
2026-08-18 10:40:46 [INFO]: ✅ Users routes loaded
2026-08-18 10:40:46 [INFO]: ✅ Database connection established successfully.
2026-08-18 10:40:47 [INFO]: ✅ Database synced
2026-08-18 10:40:47 [INFO]: 🚀 Starting application initialization...
2026-08-18 10:40:47 [INFO]: ✅ Auth routes loaded
2026-08-18 10:40:47 [INFO]: ✅ Conversations routes loaded
2026-08-18 10:40:47 [INFO]: ✅ Users routes loaded
2026-08-18 10:40:47 [INFO]: ✅ Database connection established successfully.
2026-08-18 10:40:47 [INFO]: ✅ Database synced
2026-08-18 10:40:48 [INFO]: 🚀 Starting application initialization...
2026-08-18 10:40:48 [INFO]: ✅ Auth routes loaded
2026-08-18 10:40:48 [INFO]: ✅ Conversations routes loaded
2026-08-18 10:40:48 [INFO]: ✅ Users routes loaded
2026-08-18 10:40:48 [INFO]: ✅ Database connection established successfully.
2026-08-18 10:40:48 [INFO]: ✅ Database synced
2026-08-18 10:40:49 [INFO]: 🚀 Starting application initialization...
2026-08-18 10:40:49 [INFO]: ✅ Auth routes loaded
2026-08-18 10:40:49 [INFO]: ✅ Conversations routes loaded
2026-08-18 10:40:49 [INFO]: ✅ Users routes loaded
2026-08-18 10:40:49 [INFO]: ✅ Database connection established successfully.
2026-08-18 10:40:49 [INFO]: ✅ Database synced
2026-08-18 10:40:50 [INFO]: 🚀 Starting application initialization...
2026-08-18 10:40:50 [INFO]: ✅ Auth routes loaded
2026-08-18 10:40:50 [INFO]: ✅ Conversations routes loaded
2026-08-18 10:40:50 [INFO]: ✅ Users routes loaded
2026-08-18 10:40:50 [INFO]: ✅ Database connection established successfully.
2026-08-18 10:40:50 [INFO]: ✅ Database synced
2026-08-18 10:40:51 [INFO]: 🚀 Starting application initialization...
2026-08-18 10:40:51 [INFO]: ✅ Auth routes loaded
2026-08-18 10:40:51 [INFO]: ✅ Conversations routes loaded
2026-08-18 10:40:51 [INFO]: ✅ Users routes loaded
2026-08-18 10:40:51 [INFO]: ✅ Database connection established successfully.
2026-08-18 10:40:51 [INFO]: ✅ Database synced
2026-08-18 10:40:51 [INFO]: 🚀 Starting application initialization...
2026-08-18 10:40:51 [INFO]: ✅ Auth routes loaded
2026-08-18 10:40:51 [INFO]: ✅ Conversations routes loaded
2026-08-18 10:40:51 [INFO]: ✅ Users routes loaded
2026-08-18 10:40:51 [INFO]: ✅ Database connection established successfully.
2026-08-18 10:40:52 [INFO]: ✅ Database synced
2026-08-18 10:40:52 [INFO]: 🚀 Starting application initialization...
2026-08-18 10:40:52 [INFO]: ✅ Auth routes loaded
2026-08-18 10:40:52 [INFO]: ✅ Conversations routes loaded
2026-08-18 10:40:52 [INFO]: ✅ Users routes loaded
2026-08-18 10:40:52 [INFO]: ✅ Database connection established successfully.
2026-08-18 10:40:52 [INFO]: ✅ Database synced
2026-08-18 10:40:53 [INFO]: 🚀 Starting application initialization...
2026-08-18 10:40:53 [INFO]: ✅ Auth routes loaded
2026-08-18 10:40:53 [INFO]: ✅ Conversations routes loaded
2026-08-18 10:40:53 [INFO]: ✅ Users routes loaded
2026-08-18 10:40:53 [INFO]: ✅ Database connection established successfully.
2026-08-18 10:40:53 [INFO]: ✅ Database synced
2026-08-18 10:43:03 [INFO]: 🚀 Starting application initialization...
2026-08-18 10:43:03 [INFO]: ✅ Auth routes loaded
2026-08-18 10:43:03 [INFO]: ✅ Conversations routes loaded
2026-08-18 10:43:03 [INFO]: ✅ Users routes loaded
2026-08-18 10:43:03 [INFO]: ✅ Database connection established successfully.
2026-08-18 10:43:03 [INFO]: ✅ Database synced
2026-08-18 10:43:03 [INFO]: ✅ Socket.IO configured successfully
2026-08-18 10:43:03 [INFO]: ✅ Application initialized successfully
2026-08-18 10:43:03 [INFO]: 🚀 Server is running on port 3000
2026-08-18 10:43:03 [INFO]: 📡 Environment: production
2026-08-18 10:43:03 [INFO]: 🌐 API URL: http://localhost:3000
2026-08-18 10:43:03 [INFO]: 💾 Database: icq_messenger on localhost:5432
2026-08-18 10:43:06 [INFO]: 🔌 New WebSocket connection: pDUqY3xs3fbLRI46AAAB
2026-08-18 10:43:06 [INFO]: 👤 User 10 registered on socket pDUqY3xs3fbLRI46AAAB
2026-08-18 10:43:07 [INFO]: 🔌 New WebSocket connection: WcqlpWVNnrpyNstVAAAD
2026-08-18 10:43:07 [INFO]: 👤 User 7 registered on socket WcqlpWVNnrpyNstVAAAD
2026-08-18 10:44:20 [INFO]: ❌ WebSocket disconnected: WcqlpWVNnrpyNstVAAAD
2026-08-18 10:44:21 [INFO]: 🔌 New WebSocket connection: D2ZN_FIZhOfWME2bAAAF
2026-08-18 10:44:21 [INFO]: 👤 User 7 registered on socket D2ZN_FIZhOfWME2bAAAF
2026-08-18 10:44:22 [INFO]: ❌ WebSocket disconnected: D2ZN_FIZhOfWME2bAAAF
2026-08-18 10:44:22 [INFO]: 🔌 New WebSocket connection: xe53fDZcsuUXx9FYAAAH
2026-08-18 10:44:22 [INFO]: 👤 User 7 registered on socket xe53fDZcsuUXx9FYAAAH
2026-08-18 10:44:23 [INFO]: ❌ WebSocket disconnected: xe53fDZcsuUXx9FYAAAH
2026-08-18 10:44:23 [INFO]: 🔌 New WebSocket connection: 4lapQakkrgptdatiAAAJ
2026-08-18 10:44:23 [INFO]: 👤 User 7 registered on socket 4lapQakkrgptdatiAAAJ
2026-08-18 10:44:54 [INFO]: ❌ WebSocket disconnected: 4lapQakkrgptdatiAAAJ
2026-08-18 10:44:54 [INFO]: 🔌 New WebSocket connection: Sw4736EHESAHbVVDAAAL
2026-08-18 10:44:55 [INFO]: 👤 User 7 registered on socket Sw4736EHESAHbVVDAAAL
2026-08-18 10:45:31 [INFO]: 
SIGTERM received. Shutting down gracefully...
2026-08-18 10:46:03 [INFO]: 🚀 Starting application initialization...
2026-08-18 10:46:03 [INFO]: ✅ Auth routes loaded
2026-08-18 10:46:03 [INFO]: ✅ Conversations routes loaded
2026-08-18 10:46:03 [INFO]: ✅ Users routes loaded
2026-08-18 10:46:04 [INFO]: ✅ Database connection established successfully.
2026-08-18 10:46:04 [INFO]: ✅ Database synced
2026-08-18 10:46:04 [INFO]: ✅ Socket.IO configured successfully
2026-08-18 10:46:04 [INFO]: ✅ Application initialized successfully
2026-08-18 10:46:04 [INFO]: 🚀 Server is running on port 3000
2026-08-18 10:46:04 [INFO]: 📡 Environment: production
2026-08-18 10:46:04 [INFO]: 🌐 API URL: http://localhost:3000
2026-08-18 10:46:04 [INFO]: 💾 Database: icq_messenger on localhost:5432
2026-08-18 10:46:07 [INFO]: 🔌 New WebSocket connection: AZk809LtSzD-Ka6hAAAB
2026-08-18 10:46:07 [INFO]: 👤 User 10 registered on socket AZk809LtSzD-Ka6hAAAB
2026-08-18 10:46:31 [INFO]: 🔌 New WebSocket connection: H__dVoZJZRXIUvV7AAAD
2026-08-18 10:46:31 [INFO]: 👤 User 7 registered on socket H__dVoZJZRXIUvV7AAAD
2026-08-18 10:46:33 [INFO]: 💬 Socket H__dVoZJZRXIUvV7AAAD joined chat 2
2026-08-18 10:46:37 [INFO]: 💬 Socket H__dVoZJZRXIUvV7AAAD joined chat 1
2026-08-18 10:48:36 [INFO]: 🔌 New WebSocket connection: OqMDAlHDCJd6lN_RAAAF
2026-08-18 10:48:36 [INFO]: 👤 User 7 registered on socket OqMDAlHDCJd6lN_RAAAF
2026-08-18 10:48:41 [INFO]: 💬 Socket OqMDAlHDCJd6lN_RAAAF joined chat 2
2026-08-18 10:48:57 [INFO]: 💬 Socket H__dVoZJZRXIUvV7AAAD joined chat 1
2026-08-18 10:49:06 [INFO]: 💬 Socket H__dVoZJZRXIUvV7AAAD joined chat 2
2026-08-18 10:49:07 [INFO]: ❌ WebSocket disconnected: AZk809LtSzD-Ka6hAAAB
2026-08-18 10:49:10 [INFO]: 💬 Socket H__dVoZJZRXIUvV7AAAD joined chat 1
2026-08-18 10:49:20 [INFO]: 💬 Socket OqMDAlHDCJd6lN_RAAAF joined chat 2
2026-08-18 10:49:30 [INFO]: 🔌 New WebSocket connection: DzmNI7xFmPj1RP4yAAAH
2026-08-18 10:49:30 [INFO]: 👤 User 10 registered on socket DzmNI7xFmPj1RP4yAAAH
2026-08-18 10:49:32 [INFO]: ❌ WebSocket disconnected: DzmNI7xFmPj1RP4yAAAH
2026-08-18 10:49:53 [INFO]: 🔌 New WebSocket connection: VapNy8IARJUOFY1xAAAJ
2026-08-18 10:49:53 [INFO]: 👤 User 10 registered on socket VapNy8IARJUOFY1xAAAJ
2026-08-18 10:49:57 [INFO]: 💬 Socket OqMDAlHDCJd6lN_RAAAF joined chat 2
2026-08-18 10:50:00 [INFO]: 💬 Socket VapNy8IARJUOFY1xAAAJ joined chat 2
2026-08-18 10:50:09 [INFO]: 💬 Socket OqMDAlHDCJd6lN_RAAAF joined chat 2
2026-08-18 10:50:19 [INFO]: ❌ WebSocket disconnected: VapNy8IARJUOFY1xAAAJ
2026-08-18 10:50:28 [INFO]: ❌ WebSocket disconnected: OqMDAlHDCJd6lN_RAAAF
2026-08-18 10:50:34 [INFO]: 🔌 New WebSocket connection: 7AZp-_C-SJ2Agq5zAAAL
2026-08-18 10:50:34 [INFO]: 👤 User 7 registered on socket 7AZp-_C-SJ2Agq5zAAAL
2026-08-18 10:50:36 [INFO]: 🔌 New WebSocket connection: HwEbcbJK1yFpn3KCAAAN
2026-08-18 10:50:36 [INFO]: 👤 User 7 registered on socket HwEbcbJK1yFpn3KCAAAN
2026-08-18 10:50:38 [INFO]: ❌ WebSocket disconnected: HwEbcbJK1yFpn3KCAAAN
2026-08-18 10:50:59 [INFO]: ❌ WebSocket disconnected: 7AZp-_C-SJ2Agq5zAAAL
2026-08-18 10:52:47 [INFO]: 🔌 New WebSocket connection: -nceqxeS9uag3ZlaAAAP
2026-08-18 10:52:47 [INFO]: 👤 User 6 registered on socket -nceqxeS9uag3ZlaAAAP
2026-08-18 10:53:44 [INFO]: 💬 Socket -nceqxeS9uag3ZlaAAAP joined chat 3
2026-08-18 10:54:35 [INFO]: ❌ WebSocket disconnected: -nceqxeS9uag3ZlaAAAP
2026-08-18 10:54:39 [INFO]: 🔌 New WebSocket connection: 6-wScTHCbmd0qAaUAAAR
2026-08-18 10:54:39 [INFO]: 👤 User 6 registered on socket 6-wScTHCbmd0qAaUAAAR
2026-08-18 10:56:39 [INFO]: ❌ WebSocket disconnected: 6-wScTHCbmd0qAaUAAAR
2026-08-18 11:01:51 [INFO]: 💬 Socket H__dVoZJZRXIUvV7AAAD joined chat 3
2026-08-18 11:03:06 [INFO]: 💬 Socket H__dVoZJZRXIUvV7AAAD joined chat 3
2026-08-18 11:05:29 [INFO]: 🔌 New WebSocket connection: H1b9ih_trEcTWrKPAAAT
2026-08-18 11:05:29 [INFO]: 👤 User 6 registered on socket H1b9ih_trEcTWrKPAAAT
2026-08-18 11:05:31 [INFO]: 💬 Socket H1b9ih_trEcTWrKPAAAT joined chat 3
2026-08-18 11:07:57 [INFO]: ❌ WebSocket disconnected: H1b9ih_trEcTWrKPAAAT
2026-08-18 11:19:01 [INFO]: ❌ WebSocket disconnected: H__dVoZJZRXIUvV7AAAD
2026-08-18 11:19:02 [INFO]: 🔌 New WebSocket connection: tI8_Iwp6ZZGcwCtuAAAV
2026-08-18 11:19:02 [INFO]: 👤 User 7 registered on socket tI8_Iwp6ZZGcwCtuAAAV
2026-08-18 11:19:20 [INFO]: 
SIGINT received. Shutting down gracefully...
2026-08-18 11:19:23 [INFO]: 🚀 Starting application initialization...
2026-08-18 11:19:23 [INFO]: ✅ Auth routes loaded
2026-08-18 11:19:23 [INFO]: ✅ Conversations routes loaded
2026-08-18 11:19:23 [INFO]: ✅ Users routes loaded
2026-08-18 11:19:23 [INFO]: ✅ Database connection established successfully.
2026-08-18 11:19:23 [INFO]: ✅ Database synced
2026-08-18 11:19:23 [INFO]: ✅ Socket.IO configured successfully
2026-08-18 11:19:23 [INFO]: ✅ Application initialized successfully
2026-08-18 11:19:23 [INFO]: 🚀 Server is running on port 3000
2026-08-18 11:19:23 [INFO]: 📡 Environment: production
2026-08-18 11:19:23 [INFO]: 🌐 API URL: http://localhost:3000
2026-08-18 11:19:23 [INFO]: 💾 Database: icq_messenger on localhost:5432
2026-08-18 11:19:24 [INFO]: 🔌 New WebSocket connection: 0JP4pn14Yfzr3APIAAAB
2026-08-18 11:19:24 [INFO]: 👤 User 7 registered on socket 0JP4pn14Yfzr3APIAAAB
2026-08-18 11:19:24 [INFO]: 📊 Online users: 7:1
2026-08-18 11:19:55 [INFO]: ❌ WebSocket disconnected: 0JP4pn14Yfzr3APIAAAB, reason: client namespace disconnect
2026-08-18 11:19:55 [INFO]: 🔴 User 7 went offline
2026-08-18 11:19:55 [INFO]: 📊 Online users after disconnect: 
2026-08-18 11:19:55 [INFO]: 🔌 New WebSocket connection: 1B7tJ4hKV9j7q8XLAAAD
2026-08-18 11:19:55 [INFO]: 👤 User 7 registered on socket 1B7tJ4hKV9j7q8XLAAAD
2026-08-18 11:19:55 [INFO]: 📊 Online users: 7:1
2026-08-18 11:19:59 [INFO]: 💬 Socket 1B7tJ4hKV9j7q8XLAAAD joined chat 3
2026-08-18 11:20:03 [INFO]: 💬 Socket 1B7tJ4hKV9j7q8XLAAAD joined chat 2
2026-08-18 11:20:06 [INFO]: 💬 Socket 1B7tJ4hKV9j7q8XLAAAD joined chat 1
2026-08-18 11:20:26 [INFO]: ❌ WebSocket disconnected: 1B7tJ4hKV9j7q8XLAAAD, reason: client namespace disconnect
2026-08-18 11:20:26 [INFO]: 🔴 User 7 went offline
2026-08-18 11:20:26 [INFO]: 📊 Online users after disconnect: 
2026-08-18 11:20:27 [INFO]: 🔌 New WebSocket connection: mdZ09epDUepCT4m0AAAF
2026-08-18 11:20:27 [INFO]: 👤 User 7 registered on socket mdZ09epDUepCT4m0AAAF
2026-08-18 11:20:27 [INFO]: 📊 Online users: 7:1
2026-08-18 11:20:58 [INFO]: ❌ WebSocket disconnected: mdZ09epDUepCT4m0AAAF, reason: client namespace disconnect
2026-08-18 11:20:58 [INFO]: 🔴 User 7 went offline
2026-08-18 11:20:58 [INFO]: 📊 Online users after disconnect: 
2026-08-18 11:20:58 [INFO]: 🔌 New WebSocket connection: h1i-eWp60ezxbHwfAAAH
2026-08-18 11:20:58 [INFO]: 👤 User 7 registered on socket h1i-eWp60ezxbHwfAAAH
2026-08-18 11:20:58 [INFO]: 📊 Online users: 7:1
2026-08-18 11:21:29 [INFO]: ❌ WebSocket disconnected: h1i-eWp60ezxbHwfAAAH, reason: client namespace disconnect
2026-08-18 11:21:29 [INFO]: 🔴 User 7 went offline
2026-08-18 11:21:29 [INFO]: 📊 Online users after disconnect: 
2026-08-18 11:21:29 [INFO]: 🔌 New WebSocket connection: t9sE_nhAxfBrtuvJAAAJ
2026-08-18 11:21:29 [INFO]: 👤 User 7 registered on socket t9sE_nhAxfBrtuvJAAAJ
2026-08-18 11:21:29 [INFO]: 📊 Online users: 7:1
2026-08-18 11:22:00 [INFO]: ❌ WebSocket disconnected: t9sE_nhAxfBrtuvJAAAJ, reason: client namespace disconnect
2026-08-18 11:22:00 [INFO]: 🔴 User 7 went offline
2026-08-18 11:22:00 [INFO]: 📊 Online users after disconnect: 
2026-08-18 11:22:00 [INFO]: 🔌 New WebSocket connection: kQ_oqihONqSo5hK0AAAL
2026-08-18 11:22:00 [INFO]: 👤 User 7 registered on socket kQ_oqihONqSo5hK0AAAL
2026-08-18 11:22:00 [INFO]: 📊 Online users: 7:1
2026-08-18 11:22:31 [INFO]: ❌ WebSocket disconnected: kQ_oqihONqSo5hK0AAAL, reason: client namespace disconnect
2026-08-18 11:22:31 [INFO]: 🔴 User 7 went offline
2026-08-18 11:22:31 [INFO]: 📊 Online users after disconnect: 
2026-08-18 11:22:31 [INFO]: 🔌 New WebSocket connection: Tcv_yPUUg8k8LxYnAAAN
2026-08-18 11:22:31 [INFO]: 👤 User 7 registered on socket Tcv_yPUUg8k8LxYnAAAN
2026-08-18 11:22:31 [INFO]: 📊 Online users: 7:1
2026-08-18 11:23:02 [INFO]: ❌ WebSocket disconnected: Tcv_yPUUg8k8LxYnAAAN, reason: client namespace disconnect
2026-08-18 11:23:02 [INFO]: 🔴 User 7 went offline
2026-08-18 11:23:02 [INFO]: 📊 Online users after disconnect: 
2026-08-18 11:23:02 [INFO]: 🔌 New WebSocket connection: rRug27i5H1tjdtD-AAAP
2026-08-18 11:23:02 [INFO]: 👤 User 7 registered on socket rRug27i5H1tjdtD-AAAP
2026-08-18 11:23:02 [INFO]: 📊 Online users: 7:1
2026-08-18 11:23:13 [INFO]: 💬 Socket rRug27i5H1tjdtD-AAAP joined chat 3
2026-08-18 11:23:17 [INFO]: 💬 Socket rRug27i5H1tjdtD-AAAP joined chat 2
2026-08-18 11:23:33 [INFO]: ❌ WebSocket disconnected: rRug27i5H1tjdtD-AAAP, reason: client namespace disconnect
2026-08-18 11:23:33 [INFO]: 🔴 User 7 went offline
2026-08-18 11:23:33 [INFO]: 📊 Online users after disconnect: 
2026-08-18 11:23:33 [INFO]: 🔌 New WebSocket connection: 79VYlGq299TcIJ7hAAAR
2026-08-18 11:23:33 [INFO]: 👤 User 7 registered on socket 79VYlGq299TcIJ7hAAAR
2026-08-18 11:23:33 [INFO]: 📊 Online users: 7:1
2026-08-18 11:23:45 [INFO]: 🔌 New WebSocket connection: 1CwF9Y59JgwzHGhdAAAT
2026-08-18 11:23:45 [INFO]: 👤 User 7 registered on socket 1CwF9Y59JgwzHGhdAAAT
2026-08-18 11:23:45 [INFO]: 📊 Online users: 7:2
2026-08-18 11:23:58 [INFO]: ❌ WebSocket disconnected: 1CwF9Y59JgwzHGhdAAAT, reason: transport close
2026-08-18 11:23:58 [INFO]: 📊 Online users after disconnect: 7:1
2026-08-18 11:24:04 [INFO]: ❌ WebSocket disconnected: 79VYlGq299TcIJ7hAAAR, reason: client namespace disconnect
2026-08-18 11:24:04 [INFO]: 🔴 User 7 went offline
2026-08-18 11:24:04 [INFO]: 📊 Online users after disconnect: 
2026-08-18 11:24:04 [INFO]: 🔌 New WebSocket connection: MKpTKJHEj7GE91c3AAAV
2026-08-18 11:24:04 [INFO]: 👤 User 7 registered on socket MKpTKJHEj7GE91c3AAAV
2026-08-18 11:24:04 [INFO]: 📊 Online users: 7:1
2026-08-18 11:24:35 [INFO]: ❌ WebSocket disconnected: MKpTKJHEj7GE91c3AAAV, reason: client namespace disconnect
2026-08-18 11:24:35 [INFO]: 🔴 User 7 went offline
2026-08-18 11:24:35 [INFO]: 📊 Online users after disconnect: 
2026-08-18 11:24:35 [INFO]: 🔌 New WebSocket connection: HoJBz6DZkZDL2Vu4AAAX
2026-08-18 11:24:35 [INFO]: 👤 User 7 registered on socket HoJBz6DZkZDL2Vu4AAAX
2026-08-18 11:24:35 [INFO]: 📊 Online users: 7:1
2026-08-18 11:25:06 [INFO]: ❌ WebSocket disconnected: HoJBz6DZkZDL2Vu4AAAX, reason: client namespace disconnect
2026-08-18 11:25:06 [INFO]: 🔴 User 7 went offline
2026-08-18 11:25:06 [INFO]: 📊 Online users after disconnect: 
2026-08-18 11:25:06 [INFO]: 🔌 New WebSocket connection: nl0vvXxGFMT6Y5XQAAAZ
2026-08-18 11:25:06 [INFO]: 👤 User 7 registered on socket nl0vvXxGFMT6Y5XQAAAZ
2026-08-18 11:25:06 [INFO]: 📊 Online users: 7:1
2026-08-18 11:25:37 [INFO]: ❌ WebSocket disconnected: nl0vvXxGFMT6Y5XQAAAZ, reason: client namespace disconnect
2026-08-18 11:25:37 [INFO]: 🔴 User 7 went offline
2026-08-18 11:25:37 [INFO]: 📊 Online users after disconnect: 
2026-08-18 11:25:37 [INFO]: 🔌 New WebSocket connection: bToTiOHgEyySP4T5AAAb
2026-08-18 11:25:37 [INFO]: 👤 User 7 registered on socket bToTiOHgEyySP4T5AAAb
2026-08-18 11:25:37 [INFO]: 📊 Online users: 7:1
2026-08-18 11:26:08 [INFO]: ❌ WebSocket disconnected: bToTiOHgEyySP4T5AAAb, reason: client namespace disconnect
2026-08-18 11:26:08 [INFO]: 🔴 User 7 went offline
2026-08-18 11:26:08 [INFO]: 📊 Online users after disconnect: 
2026-08-18 11:26:08 [INFO]: 🔌 New WebSocket connection: fuxjhejlK00EN9g3AAAd
2026-08-18 11:26:08 [INFO]: 👤 User 7 registered on socket fuxjhejlK00EN9g3AAAd
2026-08-18 11:26:08 [INFO]: 📊 Online users: 7:1
2026-08-18 11:26:39 [INFO]: ❌ WebSocket disconnected: fuxjhejlK00EN9g3AAAd, reason: client namespace disconnect
2026-08-18 11:26:39 [INFO]: 🔴 User 7 went offline
2026-08-18 11:26:39 [INFO]: 📊 Online users after disconnect: 
2026-08-18 11:26:39 [INFO]: 🔌 New WebSocket connection: o0yJsPfETikoatGwAAAf
2026-08-18 11:26:39 [INFO]: 👤 User 7 registered on socket o0yJsPfETikoatGwAAAf
2026-08-18 11:26:39 [INFO]: 📊 Online users: 7:1
2026-08-18 11:27:10 [INFO]: ❌ WebSocket disconnected: o0yJsPfETikoatGwAAAf, reason: client namespace disconnect
2026-08-18 11:27:10 [INFO]: 🔴 User 7 went offline
2026-08-18 11:27:10 [INFO]: 📊 Online users after disconnect: 
2026-08-18 11:27:10 [INFO]: 🔌 New WebSocket connection: WelEyA0dpw02CCzuAAAh
2026-08-18 11:27:10 [INFO]: 👤 User 7 registered on socket WelEyA0dpw02CCzuAAAh
2026-08-18 11:27:10 [INFO]: 📊 Online users: 7:1
2026-08-18 11:27:41 [INFO]: ❌ WebSocket disconnected: WelEyA0dpw02CCzuAAAh, reason: client namespace disconnect
2026-08-18 11:27:41 [INFO]: 🔴 User 7 went offline
2026-08-18 11:27:41 [INFO]: 📊 Online users after disconnect: 
2026-08-18 11:27:41 [INFO]: 🔌 New WebSocket connection: SGnwnplW2an2KIjtAAAj
2026-08-18 11:27:41 [INFO]: 👤 User 7 registered on socket SGnwnplW2an2KIjtAAAj
2026-08-18 11:27:41 [INFO]: 📊 Online users: 7:1
2026-08-18 11:27:59 [INFO]: 💬 Socket SGnwnplW2an2KIjtAAAj joined chat 3
2026-08-18 11:28:01 [INFO]: 💬 Socket SGnwnplW2an2KIjtAAAj joined chat 2
2026-08-18 11:28:11 [INFO]: ❌ WebSocket disconnected: SGnwnplW2an2KIjtAAAj, reason: client namespace disconnect
2026-08-18 11:28:11 [INFO]: 🔴 User 7 went offline
2026-08-18 11:28:11 [INFO]: 📊 Online users after disconnect: 
2026-08-18 11:28:11 [INFO]: 🔌 New WebSocket connection: u-1hq0M5scU33URpAAAl
2026-08-18 11:28:11 [INFO]: 👤 User 7 registered on socket u-1hq0M5scU33URpAAAl
2026-08-18 11:28:11 [INFO]: 📊 Online users: 7:1
2026-08-18 11:28:42 [INFO]: ❌ WebSocket disconnected: u-1hq0M5scU33URpAAAl, reason: client namespace disconnect
2026-08-18 11:28:42 [INFO]: 🔴 User 7 went offline
2026-08-18 11:28:42 [INFO]: 📊 Online users after disconnect: 
2026-08-18 11:28:42 [INFO]: 🔌 New WebSocket connection: dLFIbpb4EnsEA9-cAAAn
2026-08-18 11:28:42 [INFO]: 👤 User 7 registered on socket dLFIbpb4EnsEA9-cAAAn
2026-08-18 11:28:42 [INFO]: 📊 Online users: 7:1
2026-08-18 11:29:13 [INFO]: ❌ WebSocket disconnected: dLFIbpb4EnsEA9-cAAAn, reason: client namespace disconnect
2026-08-18 11:29:13 [INFO]: 🔴 User 7 went offline
2026-08-18 11:29:13 [INFO]: 📊 Online users after disconnect: 
2026-08-18 11:29:13 [INFO]: 🔌 New WebSocket connection: A_1ZKe4TOK6_c91gAAAp
2026-08-18 11:29:13 [INFO]: 👤 User 7 registered on socket A_1ZKe4TOK6_c91gAAAp
2026-08-18 11:29:13 [INFO]: 📊 Online users: 7:1
2026-08-18 11:29:44 [INFO]: ❌ WebSocket disconnected: A_1ZKe4TOK6_c91gAAAp, reason: client namespace disconnect
2026-08-18 11:29:44 [INFO]: 🔴 User 7 went offline
2026-08-18 11:29:44 [INFO]: 📊 Online users after disconnect: 
2026-08-18 11:29:44 [INFO]: 🔌 New WebSocket connection: FHZ45927k6gytUrHAAAr
2026-08-18 11:29:44 [INFO]: 👤 User 7 registered on socket FHZ45927k6gytUrHAAAr
2026-08-18 11:29:44 [INFO]: 📊 Online users: 7:1
2026-08-18 11:30:15 [INFO]: ❌ WebSocket disconnected: FHZ45927k6gytUrHAAAr, reason: client namespace disconnect
2026-08-18 11:30:15 [INFO]: 🔴 User 7 went offline
2026-08-18 11:30:15 [INFO]: 📊 Online users after disconnect: 
2026-08-18 11:30:15 [INFO]: 🔌 New WebSocket connection: QGSPT-zW9p2LG3IsAAAt
2026-08-18 11:30:15 [INFO]: 👤 User 7 registered on socket QGSPT-zW9p2LG3IsAAAt
2026-08-18 11:30:15 [INFO]: 📊 Online users: 7:1
2026-08-18 11:30:46 [INFO]: ❌ WebSocket disconnected: QGSPT-zW9p2LG3IsAAAt, reason: client namespace disconnect
2026-08-18 11:30:46 [INFO]: 🔴 User 7 went offline
2026-08-18 11:30:46 [INFO]: 📊 Online users after disconnect: 
2026-08-18 11:30:46 [INFO]: 🔌 New WebSocket connection: h1Rcrs4ExKWDTHgCAAAv
2026-08-18 11:30:46 [INFO]: 👤 User 7 registered on socket h1Rcrs4ExKWDTHgCAAAv
2026-08-18 11:30:46 [INFO]: 📊 Online users: 7:1
2026-08-18 11:31:16 [INFO]: ❌ WebSocket disconnected: h1Rcrs4ExKWDTHgCAAAv, reason: client namespace disconnect
2026-08-18 11:31:16 [INFO]: 🔴 User 7 went offline
2026-08-18 11:31:16 [INFO]: 📊 Online users after disconnect: 
2026-08-18 11:31:16 [INFO]: 🔌 New WebSocket connection: hc5yDu_rf_UE9svHAAAx
2026-08-18 11:31:16 [INFO]: 👤 User 7 registered on socket hc5yDu_rf_UE9svHAAAx
2026-08-18 11:31:16 [INFO]: 📊 Online users: 7:1
2026-08-18 11:31:47 [INFO]: ❌ WebSocket disconnected: hc5yDu_rf_UE9svHAAAx, reason: client namespace disconnect
2026-08-18 11:31:47 [INFO]: 🔴 User 7 went offline
2026-08-18 11:31:47 [INFO]: 📊 Online users after disconnect: 
2026-08-18 11:31:47 [INFO]: 🔌 New WebSocket connection: Rh3IlfSbPfu20iLyAAAz
2026-08-18 11:31:47 [INFO]: 👤 User 7 registered on socket Rh3IlfSbPfu20iLyAAAz
2026-08-18 11:31:47 [INFO]: 📊 Online users: 7:1
2026-08-18 11:32:18 [INFO]: ❌ WebSocket disconnected: Rh3IlfSbPfu20iLyAAAz, reason: client namespace disconnect
2026-08-18 11:32:18 [INFO]: 🔴 User 7 went offline
2026-08-18 11:32:18 [INFO]: 📊 Online users after disconnect: 
2026-08-18 11:32:18 [INFO]: 🔌 New WebSocket connection: BG1L5DhdZfLNVfZ5AAA1
2026-08-18 11:32:19 [INFO]: 👤 User 7 registered on socket BG1L5DhdZfLNVfZ5AAA1
2026-08-18 11:32:19 [INFO]: 📊 Online users: 7:1
2026-08-18 11:32:49 [INFO]: ❌ WebSocket disconnected: BG1L5DhdZfLNVfZ5AAA1, reason: client namespace disconnect
2026-08-18 11:32:49 [INFO]: 🔴 User 7 went offline
2026-08-18 11:32:49 [INFO]: 📊 Online users after disconnect: 
2026-08-18 11:32:49 [INFO]: 🔌 New WebSocket connection: QzuEeJ4YlqX6fjPPAAA3
2026-08-18 11:32:49 [INFO]: 👤 User 7 registered on socket QzuEeJ4YlqX6fjPPAAA3
2026-08-18 11:32:49 [INFO]: 📊 Online users: 7:1
2026-08-18 11:33:16 [INFO]: 
SIGINT received. Shutting down gracefully...
2026-08-18 11:33:18 [INFO]: 🚀 Starting application initialization...
2026-08-18 11:33:18 [INFO]: ✅ Auth routes loaded
2026-08-18 11:33:18 [INFO]: ✅ Conversations routes loaded
2026-08-18 11:33:18 [INFO]: ✅ Users routes loaded
2026-08-18 11:33:18 [INFO]: ✅ Database connection established successfully.
2026-08-18 11:33:19 [INFO]: ✅ Database synced
2026-08-18 11:33:19 [INFO]: ✅ Socket.IO configured successfully
2026-08-18 11:33:19 [INFO]: ✅ Application initialized successfully
2026-08-18 11:33:19 [INFO]: 🚀 Server is running on port 3000
2026-08-18 11:33:19 [INFO]: 📡 Environment: production
2026-08-18 11:33:19 [INFO]: 🌐 API URL: http://localhost:3000
2026-08-18 11:33:19 [INFO]: 💾 Database: icq_messenger on localhost:5432
2026-08-18 11:33:19 [INFO]: 🔌 New WebSocket connection: aOTt6hf7LBEtsauiAAAB
2026-08-18 11:33:19 [INFO]: 👤 User 7 registered on socket aOTt6hf7LBEtsauiAAAB
2026-08-18 11:33:19 [INFO]: 📊 Online users: 7:1
2026-08-18 11:33:50 [INFO]: ❌ WebSocket disconnected: aOTt6hf7LBEtsauiAAAB, reason: client namespace disconnect
2026-08-18 11:33:50 [INFO]: 🔴 User 7 went offline
2026-08-18 11:33:50 [INFO]: 📊 Online users after disconnect: 
2026-08-18 11:33:50 [INFO]: 🔌 New WebSocket connection: wZlY9Gra2aJFLk8KAAAD
2026-08-18 11:33:50 [INFO]: 👤 User 7 registered on socket wZlY9Gra2aJFLk8KAAAD
2026-08-18 11:33:50 [INFO]: 📊 Online users: 7:1
2026-08-18 11:34:21 [INFO]: ❌ WebSocket disconnected: wZlY9Gra2aJFLk8KAAAD, reason: client namespace disconnect
2026-08-18 11:34:21 [INFO]: 🔴 User 7 went offline
2026-08-18 11:34:21 [INFO]: 📊 Online users after disconnect: 
2026-08-18 11:34:21 [INFO]: 🔌 New WebSocket connection: wKY_h5sWGo4sx-2bAAAF
2026-08-18 11:34:21 [INFO]: 👤 User 7 registered on socket wKY_h5sWGo4sx-2bAAAF
2026-08-18 11:34:21 [INFO]: 📊 Online users: 7:1
2026-08-18 11:34:52 [INFO]: ❌ WebSocket disconnected: wKY_h5sWGo4sx-2bAAAF, reason: client namespace disconnect
2026-08-18 11:34:52 [INFO]: 🔴 User 7 went offline
2026-08-18 11:34:52 [INFO]: 📊 Online users after disconnect: 
2026-08-18 11:34:52 [INFO]: 🔌 New WebSocket connection: -eC7LxhDhw87P7SdAAAH
2026-08-18 11:34:52 [INFO]: 👤 User 7 registered on socket -eC7LxhDhw87P7SdAAAH
2026-08-18 11:34:52 [INFO]: 📊 Online users: 7:1
2026-08-18 11:35:23 [INFO]: ❌ WebSocket disconnected: -eC7LxhDhw87P7SdAAAH, reason: client namespace disconnect
2026-08-18 11:35:23 [INFO]: 🔴 User 7 went offline
2026-08-18 11:35:23 [INFO]: 📊 Online users after disconnect: 
2026-08-18 11:35:23 [INFO]: 🔌 New WebSocket connection: I4IcXD_AmKq68aVKAAAJ
2026-08-18 11:35:23 [INFO]: 👤 User 7 registered on socket I4IcXD_AmKq68aVKAAAJ
2026-08-18 11:35:23 [INFO]: 📊 Online users: 7:1
2026-08-18 11:35:54 [INFO]: ❌ WebSocket disconnected: I4IcXD_AmKq68aVKAAAJ, reason: client namespace disconnect
2026-08-18 11:35:54 [INFO]: 🔴 User 7 went offline
2026-08-18 11:35:54 [INFO]: 📊 Online users after disconnect: 
2026-08-18 11:35:54 [INFO]: 🔌 New WebSocket connection: tGHAKx7sNoUDnMaFAAAL
2026-08-18 11:35:54 [INFO]: 👤 User 7 registered on socket tGHAKx7sNoUDnMaFAAAL
2026-08-18 11:35:54 [INFO]: 📊 Online users: 7:1
2026-08-18 11:36:25 [INFO]: ❌ WebSocket disconnected: tGHAKx7sNoUDnMaFAAAL, reason: client namespace disconnect
2026-08-18 11:36:25 [INFO]: 🔴 User 7 went offline
2026-08-18 11:36:25 [INFO]: 📊 Online users after disconnect: 
2026-08-18 11:36:25 [INFO]: 🔌 New WebSocket connection: q2KGQuoNhVE9jmC1AAAN
2026-08-18 11:36:25 [INFO]: 👤 User 7 registered on socket q2KGQuoNhVE9jmC1AAAN
2026-08-18 11:36:25 [INFO]: 📊 Online users: 7:1
2026-08-18 11:36:56 [INFO]: ❌ WebSocket disconnected: q2KGQuoNhVE9jmC1AAAN, reason: client namespace disconnect
2026-08-18 11:36:56 [INFO]: 🔴 User 7 went offline
2026-08-18 11:36:56 [INFO]: 📊 Online users after disconnect: 
2026-08-18 11:36:56 [INFO]: 🔌 New WebSocket connection: 1SgzVDK0hJBUGsn-AAAP
2026-08-18 11:36:56 [INFO]: 👤 User 7 registered on socket 1SgzVDK0hJBUGsn-AAAP
2026-08-18 11:36:56 [INFO]: 📊 Online users: 7:1
2026-08-18 11:37:27 [INFO]: ❌ WebSocket disconnected: 1SgzVDK0hJBUGsn-AAAP, reason: client namespace disconnect
2026-08-18 11:37:27 [INFO]: 🔴 User 7 went offline
2026-08-18 11:37:27 [INFO]: 📊 Online users after disconnect: 
2026-08-18 11:37:27 [INFO]: 🔌 New WebSocket connection: cwFWNaW2TcBqxwGwAAAR
2026-08-18 11:37:27 [INFO]: 👤 User 7 registered on socket cwFWNaW2TcBqxwGwAAAR
2026-08-18 11:37:27 [INFO]: 📊 Online users: 7:1
2026-08-18 11:37:58 [INFO]: ❌ WebSocket disconnected: cwFWNaW2TcBqxwGwAAAR, reason: client namespace disconnect
2026-08-18 11:37:58 [INFO]: 🔴 User 7 went offline
2026-08-18 11:37:58 [INFO]: 📊 Online users after disconnect: 
2026-08-18 11:37:58 [INFO]: 🔌 New WebSocket connection: RaYLCPtv9-B3kIf6AAAT
2026-08-18 11:37:58 [INFO]: 👤 User 7 registered on socket RaYLCPtv9-B3kIf6AAAT
2026-08-18 11:37:58 [INFO]: 📊 Online users: 7:1
2026-08-18 11:38:00 [INFO]: 🔌 New WebSocket connection: mmACzRQsCz17Nf8qAAAV
2026-08-18 11:38:00 [INFO]: 👤 User 6 registered on socket mmACzRQsCz17Nf8qAAAV
2026-08-18 11:38:00 [INFO]: 📊 Online users: 7:1, 6:1
2026-08-18 11:38:29 [INFO]: ❌ WebSocket disconnected: RaYLCPtv9-B3kIf6AAAT, reason: client namespace disconnect
2026-08-18 11:38:29 [INFO]: 🔴 User 7 went offline
2026-08-18 11:38:29 [INFO]: 📊 Online users after disconnect: 6:1
2026-08-18 11:38:29 [INFO]: 🔌 New WebSocket connection: h4G9od-51D6QxcjHAAAX
2026-08-18 11:38:29 [INFO]: 👤 User 7 registered on socket h4G9od-51D6QxcjHAAAX
2026-08-18 11:38:29 [INFO]: 📊 Online users: 6:1, 7:1
2026-08-18 11:39:00 [INFO]: ❌ WebSocket disconnected: h4G9od-51D6QxcjHAAAX, reason: client namespace disconnect
2026-08-18 11:39:00 [INFO]: 🔴 User 7 went offline
2026-08-18 11:39:00 [INFO]: 📊 Online users after disconnect: 6:1
2026-08-18 11:39:00 [INFO]: 🔌 New WebSocket connection: zMpqBdYKiwWoe7zRAAAZ
2026-08-18 11:39:00 [INFO]: 👤 User 7 registered on socket zMpqBdYKiwWoe7zRAAAZ
2026-08-18 11:39:00 [INFO]: 📊 Online users: 6:1, 7:1
2026-08-18 11:39:31 [INFO]: ❌ WebSocket disconnected: zMpqBdYKiwWoe7zRAAAZ, reason: client namespace disconnect
2026-08-18 11:39:31 [INFO]: 🔴 User 7 went offline
2026-08-18 11:39:31 [INFO]: 📊 Online users after disconnect: 6:1
2026-08-18 11:39:31 [INFO]: 🔌 New WebSocket connection: zdz5WBYgmLls9m6JAAAb
2026-08-18 11:39:31 [INFO]: 👤 User 7 registered on socket zdz5WBYgmLls9m6JAAAb
2026-08-18 11:39:31 [INFO]: 📊 Online users: 6:1, 7:1
2026-08-18 11:40:02 [INFO]: ❌ WebSocket disconnected: zdz5WBYgmLls9m6JAAAb, reason: client namespace disconnect
2026-08-18 11:40:02 [INFO]: 🔴 User 7 went offline
2026-08-18 11:40:02 [INFO]: 📊 Online users after disconnect: 6:1
2026-08-18 11:40:02 [INFO]: 🔌 New WebSocket connection: uwaS6Z-cvJPiZnKoAAAd
2026-08-18 11:40:02 [INFO]: 👤 User 7 registered on socket uwaS6Z-cvJPiZnKoAAAd
2026-08-18 11:40:02 [INFO]: 📊 Online users: 6:1, 7:1
2026-08-18 11:40:33 [INFO]: ❌ WebSocket disconnected: uwaS6Z-cvJPiZnKoAAAd, reason: client namespace disconnect
2026-08-18 11:40:33 [INFO]: 🔴 User 7 went offline
2026-08-18 11:40:33 [INFO]: 📊 Online users after disconnect: 6:1
2026-08-18 11:40:33 [INFO]: 🔌 New WebSocket connection: 7ToXSfwo554wE2fZAAAf
2026-08-18 11:40:33 [INFO]: 👤 User 7 registered on socket 7ToXSfwo554wE2fZAAAf
2026-08-18 11:40:33 [INFO]: 📊 Online users: 6:1, 7:1
2026-08-18 11:40:51 [INFO]: ❌ WebSocket disconnected: mmACzRQsCz17Nf8qAAAV, reason: ping timeout
2026-08-18 11:40:51 [INFO]: 🔴 User 6 went offline
2026-08-18 11:40:51 [INFO]: 📊 Online users after disconnect: 7:1
2026-08-18 11:41:00 [INFO]: 
SIGINT received. Shutting down gracefully...
2026-08-18 11:41:02 [INFO]: 🚀 Starting application initialization...
2026-08-18 11:41:02 [INFO]: ✅ Auth routes loaded
2026-08-18 11:41:02 [INFO]: ✅ Conversations routes loaded
2026-08-18 11:41:02 [INFO]: ✅ Users routes loaded
2026-08-18 11:41:02 [INFO]: ✅ Profile routes loaded
2026-08-18 11:41:02 [INFO]: ✅ Database connection established successfully.
2026-08-18 11:41:02 [INFO]: ✅ Database synced
2026-08-18 11:41:02 [INFO]: ✅ Socket.IO configured successfully
2026-08-18 11:41:02 [INFO]: ✅ Application initialized successfully
2026-08-18 11:41:02 [INFO]: 🚀 Server is running on port 3000
2026-08-18 11:41:02 [INFO]: 📡 Environment: production
2026-08-18 11:41:02 [INFO]: 🌐 API URL: http://localhost:3000
2026-08-18 11:41:02 [INFO]: 💾 Database: icq_messenger on localhost:5432
2026-08-18 11:41:02 [INFO]: 🔌 New WebSocket connection: JfQNHVc0QkcIAY0cAAAB
2026-08-18 11:41:02 [INFO]: 👤 User 7 registered on socket JfQNHVc0QkcIAY0cAAAB
2026-08-18 11:41:02 [INFO]: 📊 Online users: 7:1
2026-08-18 11:41:33 [INFO]: ❌ WebSocket disconnected: JfQNHVc0QkcIAY0cAAAB, reason: client namespace disconnect
2026-08-18 11:41:33 [INFO]: 🔴 User 7 went offline
2026-08-18 11:41:33 [INFO]: 📊 Online users after disconnect: 
2026-08-18 11:41:33 [INFO]: 🔌 New WebSocket connection: j_2rNAnNlCQVq0DfAAAD
2026-08-18 11:41:33 [INFO]: 👤 User 7 registered on socket j_2rNAnNlCQVq0DfAAAD
2026-08-18 11:41:33 [INFO]: 📊 Online users: 7:1
2026-08-18 11:41:36 [INFO]: ❌ WebSocket disconnected: j_2rNAnNlCQVq0DfAAAD, reason: transport close
2026-08-18 11:41:36 [INFO]: 🔴 User 7 went offline
2026-08-18 11:41:36 [INFO]: 📊 Online users after disconnect: 
2026-08-18 11:41:36 [INFO]: 🔌 New WebSocket connection: 5n_brt0pfPLCbsNTAAAF
2026-08-18 11:41:36 [INFO]: 👤 User 7 registered on socket 5n_brt0pfPLCbsNTAAAF
2026-08-18 11:41:36 [INFO]: 📊 Online users: 7:1
2026-08-18 11:41:38 [INFO]: 💬 Socket 5n_brt0pfPLCbsNTAAAF joined chat 3
2026-08-18 11:42:06 [INFO]: ❌ WebSocket disconnected: 5n_brt0pfPLCbsNTAAAF, reason: client namespace disconnect
2026-08-18 11:42:06 [INFO]: 🔴 User 7 went offline
2026-08-18 11:42:06 [INFO]: 📊 Online users after disconnect: 
2026-08-18 11:42:06 [INFO]: 🔌 New WebSocket connection: x-gwjE2YUmy42PH-AAAH
2026-08-18 11:42:06 [INFO]: 👤 User 7 registered on socket x-gwjE2YUmy42PH-AAAH
2026-08-18 11:42:06 [INFO]: 📊 Online users: 7:1
2026-08-18 11:42:36 [INFO]: ❌ WebSocket disconnected: x-gwjE2YUmy42PH-AAAH, reason: client namespace disconnect
2026-08-18 11:42:36 [INFO]: 🔴 User 7 went offline
2026-08-18 11:42:36 [INFO]: 📊 Online users after disconnect: 
2026-08-18 11:42:36 [INFO]: 🔌 New WebSocket connection: BgxXuqNPjSSYxRDSAAAJ
2026-08-18 11:42:36 [INFO]: 👤 User 7 registered on socket BgxXuqNPjSSYxRDSAAAJ
2026-08-18 11:42:36 [INFO]: 📊 Online users: 7:1
2026-08-18 11:43:06 [INFO]: ❌ WebSocket disconnected: BgxXuqNPjSSYxRDSAAAJ, reason: client namespace disconnect
2026-08-18 11:43:06 [INFO]: 🔴 User 7 went offline
2026-08-18 11:43:06 [INFO]: 📊 Online users after disconnect: 
2026-08-18 11:43:06 [INFO]: 🔌 New WebSocket connection: m5vFFXdsHxhwaRHwAAAL
2026-08-18 11:43:06 [INFO]: 👤 User 7 registered on socket m5vFFXdsHxhwaRHwAAAL
2026-08-18 11:43:06 [INFO]: 📊 Online users: 7:1
2026-08-18 11:43:36 [INFO]: ❌ WebSocket disconnected: m5vFFXdsHxhwaRHwAAAL, reason: client namespace disconnect
2026-08-18 11:43:36 [INFO]: 🔴 User 7 went offline
2026-08-18 11:43:36 [INFO]: 📊 Online users after disconnect: 
2026-08-18 11:43:37 [INFO]: 🔌 New WebSocket connection: yVOsVne2SAvXFYEnAAAN
2026-08-18 11:43:37 [INFO]: 👤 User 7 registered on socket yVOsVne2SAvXFYEnAAAN
2026-08-18 11:43:37 [INFO]: 📊 Online users: 7:1
2026-08-18 11:44:07 [INFO]: ❌ WebSocket disconnected: yVOsVne2SAvXFYEnAAAN, reason: client namespace disconnect
2026-08-18 11:44:07 [INFO]: 🔴 User 7 went offline
2026-08-18 11:44:07 [INFO]: 📊 Online users after disconnect: 
2026-08-18 11:44:07 [INFO]: 🔌 New WebSocket connection: 3oCxP-fv51tzf6WuAAAP
2026-08-18 11:44:07 [INFO]: 👤 User 7 registered on socket 3oCxP-fv51tzf6WuAAAP
2026-08-18 11:44:07 [INFO]: 📊 Online users: 7:1
2026-08-18 11:44:38 [INFO]: ❌ WebSocket disconnected: 3oCxP-fv51tzf6WuAAAP, reason: client namespace disconnect
2026-08-18 11:44:38 [INFO]: 🔴 User 7 went offline
2026-08-18 11:44:38 [INFO]: 📊 Online users after disconnect: 
2026-08-18 11:44:39 [INFO]: 🔌 New WebSocket connection: 8zFjEbFWDO1qNc5zAAAR
2026-08-18 11:44:39 [INFO]: 👤 User 7 registered on socket 8zFjEbFWDO1qNc5zAAAR
2026-08-18 11:44:39 [INFO]: 📊 Online users: 7:1
2026-08-18 11:45:09 [INFO]: ❌ WebSocket disconnected: 8zFjEbFWDO1qNc5zAAAR, reason: client namespace disconnect
2026-08-18 11:45:09 [INFO]: 🔴 User 7 went offline
2026-08-18 11:45:09 [INFO]: 📊 Online users after disconnect: 
2026-08-18 11:45:09 [INFO]: 🔌 New WebSocket connection: x4qfaODr_Nkw8hUBAAAT
2026-08-18 11:45:09 [INFO]: 👤 User 7 registered on socket x4qfaODr_Nkw8hUBAAAT
2026-08-18 11:45:09 [INFO]: 📊 Online users: 7:1
2026-08-18 11:45:40 [INFO]: ❌ WebSocket disconnected: x4qfaODr_Nkw8hUBAAAT, reason: client namespace disconnect
2026-08-18 11:45:40 [INFO]: 🔴 User 7 went offline
2026-08-18 11:45:40 [INFO]: 📊 Online users after disconnect: 
2026-08-18 11:45:40 [INFO]: 🔌 New WebSocket connection: 1s7FhV-N26bmyrK7AAAV
2026-08-18 11:45:40 [INFO]: 👤 User 7 registered on socket 1s7FhV-N26bmyrK7AAAV
2026-08-18 11:45:40 [INFO]: 📊 Online users: 7:1
2026-08-18 11:45:49 [INFO]: ❌ WebSocket disconnected: 1s7FhV-N26bmyrK7AAAV, reason: transport close
2026-08-18 11:45:49 [INFO]: 🔴 User 7 went offline
2026-08-18 11:45:49 [INFO]: 📊 Online users after disconnect: 
2026-08-18 11:45:49 [INFO]: 🔌 New WebSocket connection: 8NqXev3k_Utcr-MFAAAX
2026-08-18 11:45:49 [INFO]: 👤 User 7 registered on socket 8NqXev3k_Utcr-MFAAAX
2026-08-18 11:45:49 [INFO]: 📊 Online users: 7:1
2026-08-18 11:45:50 [INFO]: 💬 Socket 8NqXev3k_Utcr-MFAAAX joined chat 3
2026-08-18 11:45:54 [INFO]: 💬 Socket 8NqXev3k_Utcr-MFAAAX joined chat 2
2026-08-18 11:46:00 [INFO]: 💬 Socket 8NqXev3k_Utcr-MFAAAX joined chat 3
2026-08-18 11:46:39 [INFO]: ❌ WebSocket disconnected: 8NqXev3k_Utcr-MFAAAX, reason: client namespace disconnect
2026-08-18 11:46:39 [INFO]: 🔴 User 7 went offline
2026-08-18 11:46:39 [INFO]: 📊 Online users after disconnect: 
2026-08-18 11:46:39 [INFO]: 🔌 New WebSocket connection: rIz867R-Ee6F5_8oAAAZ
2026-08-18 11:46:39 [INFO]: 👤 User 7 registered on socket rIz867R-Ee6F5_8oAAAZ
2026-08-18 11:46:39 [INFO]: 📊 Online users: 7:1
2026-08-18 11:47:10 [INFO]: ❌ WebSocket disconnected: rIz867R-Ee6F5_8oAAAZ, reason: client namespace disconnect
2026-08-18 11:47:10 [INFO]: 🔴 User 7 went offline
2026-08-18 11:47:10 [INFO]: 📊 Online users after disconnect: 
2026-08-18 11:47:11 [INFO]: 🔌 New WebSocket connection: EMLVniRnngMP4oevAAAb
2026-08-18 11:47:11 [INFO]: 👤 User 7 registered on socket EMLVniRnngMP4oevAAAb
2026-08-18 11:47:11 [INFO]: 📊 Online users: 7:1
2026-08-18 11:47:41 [INFO]: ❌ WebSocket disconnected: EMLVniRnngMP4oevAAAb, reason: client namespace disconnect
2026-08-18 11:47:41 [INFO]: 🔴 User 7 went offline
2026-08-18 11:47:41 [INFO]: 📊 Online users after disconnect: 
2026-08-18 11:47:41 [INFO]: 🔌 New WebSocket connection: -5IVEExN9ck_mU0SAAAd
2026-08-18 11:47:41 [INFO]: 👤 User 7 registered on socket -5IVEExN9ck_mU0SAAAd
2026-08-18 11:47:41 [INFO]: 📊 Online users: 7:1
2026-08-18 11:48:12 [INFO]: ❌ WebSocket disconnected: -5IVEExN9ck_mU0SAAAd, reason: client namespace disconnect
2026-08-18 11:48:12 [INFO]: 🔴 User 7 went offline
2026-08-18 11:48:12 [INFO]: 📊 Online users after disconnect: 
2026-08-18 11:48:12 [INFO]: 🔌 New WebSocket connection: RG2XJ3-att4ByQB5AAAf
2026-08-18 11:48:12 [INFO]: 👤 User 7 registered on socket RG2XJ3-att4ByQB5AAAf
2026-08-18 11:48:12 [INFO]: 📊 Online users: 7:1
2026-08-18 11:48:21 [INFO]: 
SIGINT received. Shutting down gracefully...
2026-08-18 11:48:23 [INFO]: 🚀 Starting application initialization...
2026-08-18 11:48:23 [INFO]: ✅ Auth routes loaded
2026-08-18 11:48:23 [INFO]: ✅ Conversations routes loaded
2026-08-18 11:48:23 [INFO]: ✅ Users routes loaded
2026-08-18 11:48:23 [INFO]: ✅ Profile routes loaded
2026-08-18 11:48:23 [INFO]: ✅ Database connection established successfully.
2026-08-18 11:48:23 [INFO]: ✅ Database synced
2026-08-18 11:48:23 [INFO]: ✅ Socket.IO configured successfully
2026-08-18 11:48:23 [INFO]: ✅ Application initialized successfully
2026-08-18 11:48:23 [INFO]: 🚀 Server is running on port 3000
2026-08-18 11:48:23 [INFO]: 📡 Environment: production
2026-08-18 11:48:23 [INFO]: 🌐 API URL: http://localhost:3000
2026-08-18 11:48:23 [INFO]: 💾 Database: icq_messenger on localhost:5432
2026-08-18 11:48:23 [INFO]: 🔌 New WebSocket connection: xA54LZXltZSRGN6rAAAB
2026-08-18 11:48:24 [INFO]: 👤 User 7 registered on socket xA54LZXltZSRGN6rAAAB
2026-08-18 11:48:24 [INFO]: 📊 Online users: 7:1
2026-08-18 11:48:54 [INFO]: ❌ WebSocket disconnected: xA54LZXltZSRGN6rAAAB, reason: client namespace disconnect
2026-08-18 11:48:54 [INFO]: 🔴 User 7 went offline
2026-08-18 11:48:54 [INFO]: 📊 Online users after disconnect: 
2026-08-18 11:48:54 [INFO]: 🔌 New WebSocket connection: hp-_VTLpULhQslpnAAAD
2026-08-18 11:48:54 [INFO]: 👤 User 7 registered on socket hp-_VTLpULhQslpnAAAD
2026-08-18 11:48:54 [INFO]: 📊 Online users: 7:1
2026-08-18 11:48:55 [INFO]: ❌ WebSocket disconnected: hp-_VTLpULhQslpnAAAD, reason: transport close
2026-08-18 11:48:55 [INFO]: 🔴 User 7 went offline
2026-08-18 11:48:55 [INFO]: 📊 Online users after disconnect: 
2026-08-18 11:48:55 [INFO]: 🔌 New WebSocket connection: pkNuuY_YLmne2vJbAAAF
2026-08-18 11:48:56 [INFO]: 👤 User 7 registered on socket pkNuuY_YLmne2vJbAAAF
2026-08-18 11:48:56 [INFO]: 📊 Online users: 7:1
2026-08-18 11:48:57 [INFO]: 💬 Socket pkNuuY_YLmne2vJbAAAF joined chat 3
2026-08-18 11:49:26 [INFO]: ❌ WebSocket disconnected: pkNuuY_YLmne2vJbAAAF, reason: client namespace disconnect
2026-08-18 11:49:26 [INFO]: 🔴 User 7 went offline
2026-08-18 11:49:26 [INFO]: 📊 Online users after disconnect: 
2026-08-18 11:49:26 [INFO]: 🔌 New WebSocket connection: VqGGjIDPWC4M4PzaAAAH
2026-08-18 11:49:26 [INFO]: 👤 User 7 registered on socket VqGGjIDPWC4M4PzaAAAH
2026-08-18 11:49:26 [INFO]: 📊 Online users: 7:1
2026-08-18 11:49:27 [INFO]: ❌ WebSocket disconnected: VqGGjIDPWC4M4PzaAAAH, reason: transport close
2026-08-18 11:49:27 [INFO]: 🔴 User 7 went offline
2026-08-18 11:49:27 [INFO]: 📊 Online users after disconnect: 
2026-08-18 11:49:27 [INFO]: 🔌 New WebSocket connection: O08r-oEcfiQaiWqcAAAJ
2026-08-18 11:49:27 [INFO]: 👤 User 7 registered on socket O08r-oEcfiQaiWqcAAAJ
2026-08-18 11:49:27 [INFO]: 📊 Online users: 7:1
2026-08-18 11:49:57 [INFO]: ❌ WebSocket disconnected: O08r-oEcfiQaiWqcAAAJ, reason: client namespace disconnect
2026-08-18 11:49:57 [INFO]: 🔴 User 7 went offline
2026-08-18 11:49:57 [INFO]: 📊 Online users after disconnect: 
2026-08-18 11:49:57 [INFO]: 🔌 New WebSocket connection: 6zpnF0-2OUJ9N7i8AAAL
2026-08-18 11:49:57 [INFO]: 👤 User 7 registered on socket 6zpnF0-2OUJ9N7i8AAAL
2026-08-18 11:49:57 [INFO]: 📊 Online users: 7:1
2026-08-18 11:50:28 [INFO]: ❌ WebSocket disconnected: 6zpnF0-2OUJ9N7i8AAAL, reason: client namespace disconnect
2026-08-18 11:50:28 [INFO]: 🔴 User 7 went offline
2026-08-18 11:50:28 [INFO]: 📊 Online users after disconnect: 
2026-08-18 11:50:28 [INFO]: 🔌 New WebSocket connection: jrmZSKPk87Q0b6U7AAAN
2026-08-18 11:50:28 [INFO]: 👤 User 7 registered on socket jrmZSKPk87Q0b6U7AAAN
2026-08-18 11:50:28 [INFO]: 📊 Online users: 7:1
2026-08-18 11:50:58 [INFO]: ❌ WebSocket disconnected: jrmZSKPk87Q0b6U7AAAN, reason: transport close
2026-08-18 11:50:58 [INFO]: 🔴 User 7 went offline
2026-08-18 11:50:58 [INFO]: 📊 Online users after disconnect: 
2026-08-18 11:50:58 [INFO]: 🔌 New WebSocket connection: 6pZ6xxESjwMT-KutAAAP
2026-08-18 11:50:58 [INFO]: 👤 User 7 registered on socket 6pZ6xxESjwMT-KutAAAP
2026-08-18 11:50:58 [INFO]: 📊 Online users: 7:1
2026-08-18 11:51:28 [INFO]: ❌ WebSocket disconnected: 6pZ6xxESjwMT-KutAAAP, reason: client namespace disconnect
2026-08-18 11:51:28 [INFO]: 🔴 User 7 went offline
2026-08-18 11:51:28 [INFO]: 📊 Online users after disconnect: 
2026-08-18 11:51:28 [INFO]: 🔌 New WebSocket connection: mYsN8R4KyOvNQTIpAAAR
2026-08-18 11:51:28 [INFO]: 👤 User 7 registered on socket mYsN8R4KyOvNQTIpAAAR
2026-08-18 11:51:28 [INFO]: 📊 Online users: 7:1
2026-08-18 11:51:59 [INFO]: ❌ WebSocket disconnected: mYsN8R4KyOvNQTIpAAAR, reason: client namespace disconnect
2026-08-18 11:51:59 [INFO]: 🔴 User 7 went offline
2026-08-18 11:51:59 [INFO]: 📊 Online users after disconnect: 
2026-08-18 11:51:59 [INFO]: 🔌 New WebSocket connection: CX-Zkezhpu-z-QxsAAAT
2026-08-18 11:52:00 [INFO]: 👤 User 7 registered on socket CX-Zkezhpu-z-QxsAAAT
2026-08-18 11:52:00 [INFO]: 📊 Online users: 7:1
2026-08-18 11:52:30 [INFO]: ❌ WebSocket disconnected: CX-Zkezhpu-z-QxsAAAT, reason: client namespace disconnect
2026-08-18 11:52:30 [INFO]: 🔴 User 7 went offline
2026-08-18 11:52:30 [INFO]: 📊 Online users after disconnect: 
2026-08-18 11:52:30 [INFO]: 🔌 New WebSocket connection: W9EhfMUPN5lFwXpTAAAV
2026-08-18 11:52:31 [INFO]: 👤 User 7 registered on socket W9EhfMUPN5lFwXpTAAAV
2026-08-18 11:52:31 [INFO]: 📊 Online users: 7:1
2026-08-18 11:52:37 [INFO]: 💬 Socket W9EhfMUPN5lFwXpTAAAV joined chat 3
2026-08-18 11:53:01 [INFO]: ❌ WebSocket disconnected: W9EhfMUPN5lFwXpTAAAV, reason: client namespace disconnect
2026-08-18 11:53:01 [INFO]: 🔴 User 7 went offline
2026-08-18 11:53:01 [INFO]: 📊 Online users after disconnect: 
2026-08-18 11:53:01 [INFO]: 🔌 New WebSocket connection: w9b1HUmS0F1ESA26AAAX
2026-08-18 11:53:02 [INFO]: 👤 User 7 registered on socket w9b1HUmS0F1ESA26AAAX
2026-08-18 11:53:02 [INFO]: 📊 Online users: 7:1
2026-08-18 11:53:32 [INFO]: ❌ WebSocket disconnected: w9b1HUmS0F1ESA26AAAX, reason: client namespace disconnect
2026-08-18 11:53:32 [INFO]: 🔴 User 7 went offline
2026-08-18 11:53:32 [INFO]: 📊 Online users after disconnect: 
2026-08-18 11:53:32 [INFO]: 🔌 New WebSocket connection: 4r87BE6M-NOWvqnKAAAZ
2026-08-18 11:53:33 [INFO]: 👤 User 7 registered on socket 4r87BE6M-NOWvqnKAAAZ
2026-08-18 11:53:33 [INFO]: 📊 Online users: 7:1
2026-08-18 11:54:03 [INFO]: ❌ WebSocket disconnected: 4r87BE6M-NOWvqnKAAAZ, reason: client namespace disconnect
2026-08-18 11:54:03 [INFO]: 🔴 User 7 went offline
2026-08-18 11:54:03 [INFO]: 📊 Online users after disconnect: 
2026-08-18 11:54:03 [INFO]: 🔌 New WebSocket connection: an0Lqg_vW1T0OiA5AAAb
2026-08-18 11:54:04 [INFO]: 👤 User 7 registered on socket an0Lqg_vW1T0OiA5AAAb
2026-08-18 11:54:04 [INFO]: 📊 Online users: 7:1
2026-08-18 11:54:34 [INFO]: ❌ WebSocket disconnected: an0Lqg_vW1T0OiA5AAAb, reason: client namespace disconnect
2026-08-18 11:54:34 [INFO]: 🔴 User 7 went offline
2026-08-18 11:54:34 [INFO]: 📊 Online users after disconnect: 
2026-08-18 11:54:34 [INFO]: 🔌 New WebSocket connection: allIkbZsjs-YFhruAAAd
2026-08-18 11:54:35 [INFO]: 👤 User 7 registered on socket allIkbZsjs-YFhruAAAd
2026-08-18 11:54:35 [INFO]: 📊 Online users: 7:1
2026-08-18 11:55:05 [INFO]: ❌ WebSocket disconnected: allIkbZsjs-YFhruAAAd, reason: client namespace disconnect
2026-08-18 11:55:05 [INFO]: 🔴 User 7 went offline
2026-08-18 11:55:05 [INFO]: 📊 Online users after disconnect: 
2026-08-18 11:55:06 [INFO]: 🔌 New WebSocket connection: ns2jPj-P3x23Ex19AAAf
2026-08-18 11:55:06 [INFO]: 👤 User 7 registered on socket ns2jPj-P3x23Ex19AAAf
2026-08-18 11:55:06 [INFO]: 📊 Online users: 7:1
2026-08-18 11:55:36 [INFO]: ❌ WebSocket disconnected: ns2jPj-P3x23Ex19AAAf, reason: client namespace disconnect
2026-08-18 11:55:36 [INFO]: 🔴 User 7 went offline
2026-08-18 11:55:36 [INFO]: 📊 Online users after disconnect: 
2026-08-18 11:55:36 [INFO]: 🔌 New WebSocket connection: lGs4c6BmDuvvhKH6AAAh
2026-08-18 11:55:37 [INFO]: 👤 User 7 registered on socket lGs4c6BmDuvvhKH6AAAh
2026-08-18 11:55:37 [INFO]: 📊 Online users: 7:1
2026-08-18 11:56:07 [INFO]: ❌ WebSocket disconnected: lGs4c6BmDuvvhKH6AAAh, reason: client namespace disconnect
2026-08-18 11:56:07 [INFO]: 🔴 User 7 went offline
2026-08-18 11:56:07 [INFO]: 📊 Online users after disconnect: 
2026-08-18 11:56:07 [INFO]: 🔌 New WebSocket connection: q8sJrldUjplz4PAzAAAj
2026-08-18 11:56:08 [INFO]: 👤 User 7 registered on socket q8sJrldUjplz4PAzAAAj
2026-08-18 11:56:08 [INFO]: 📊 Online users: 7:1
2026-08-18 11:56:38 [INFO]: ❌ WebSocket disconnected: q8sJrldUjplz4PAzAAAj, reason: client namespace disconnect
2026-08-18 11:56:38 [INFO]: 🔴 User 7 went offline
2026-08-18 11:56:38 [INFO]: 📊 Online users after disconnect: 
2026-08-18 11:56:39 [INFO]: 🔌 New WebSocket connection: cGgI-RkA5uKWtqS1AAAl
2026-08-18 11:56:39 [INFO]: 👤 User 7 registered on socket cGgI-RkA5uKWtqS1AAAl
2026-08-18 11:56:39 [INFO]: 📊 Online users: 7:1
2026-08-18 11:57:09 [INFO]: ❌ WebSocket disconnected: cGgI-RkA5uKWtqS1AAAl, reason: client namespace disconnect
2026-08-18 11:57:09 [INFO]: 🔴 User 7 went offline
2026-08-18 11:57:09 [INFO]: 📊 Online users after disconnect: 
2026-08-18 11:57:09 [INFO]: 🔌 New WebSocket connection: A9I0OJAtjgCP0AYhAAAn
2026-08-18 11:57:10 [INFO]: 👤 User 7 registered on socket A9I0OJAtjgCP0AYhAAAn
2026-08-18 11:57:10 [INFO]: 📊 Online users: 7:1
2026-08-18 11:57:40 [INFO]: ❌ WebSocket disconnected: A9I0OJAtjgCP0AYhAAAn, reason: client namespace disconnect
2026-08-18 11:57:40 [INFO]: 🔴 User 7 went offline
2026-08-18 11:57:40 [INFO]: 📊 Online users after disconnect: 
2026-08-18 11:57:40 [INFO]: 🔌 New WebSocket connection: xmSQSlQnYOGyzYwmAAAp
2026-08-18 11:57:41 [INFO]: 👤 User 7 registered on socket xmSQSlQnYOGyzYwmAAAp
2026-08-18 11:57:41 [INFO]: 📊 Online users: 7:1
2026-08-18 11:58:11 [INFO]: ❌ WebSocket disconnected: xmSQSlQnYOGyzYwmAAAp, reason: client namespace disconnect
2026-08-18 11:58:11 [INFO]: 🔴 User 7 went offline
2026-08-18 11:58:11 [INFO]: 📊 Online users after disconnect: 
2026-08-18 11:58:12 [INFO]: 🔌 New WebSocket connection: ywLNds15wVQO49pLAAAr
2026-08-18 11:58:12 [INFO]: 👤 User 7 registered on socket ywLNds15wVQO49pLAAAr
2026-08-18 11:58:12 [INFO]: 📊 Online users: 7:1
2026-08-18 11:58:42 [INFO]: ❌ WebSocket disconnected: ywLNds15wVQO49pLAAAr, reason: client namespace disconnect
2026-08-18 11:58:42 [INFO]: 🔴 User 7 went offline
2026-08-18 11:58:42 [INFO]: 📊 Online users after disconnect: 
2026-08-18 11:58:43 [INFO]: 🔌 New WebSocket connection: hBdJGKZZuyG6oKkSAAAt
2026-08-18 11:58:43 [INFO]: 👤 User 7 registered on socket hBdJGKZZuyG6oKkSAAAt
2026-08-18 11:58:43 [INFO]: 📊 Online users: 7:1
2026-08-18 11:59:13 [INFO]: ❌ WebSocket disconnected: hBdJGKZZuyG6oKkSAAAt, reason: client namespace disconnect
2026-08-18 11:59:13 [INFO]: 🔴 User 7 went offline
2026-08-18 11:59:13 [INFO]: 📊 Online users after disconnect: 
2026-08-18 11:59:13 [INFO]: 🔌 New WebSocket connection: a2BQdSOG0-WcjOq9AAAv
2026-08-18 11:59:14 [INFO]: 👤 User 7 registered on socket a2BQdSOG0-WcjOq9AAAv
2026-08-18 11:59:14 [INFO]: 📊 Online users: 7:1
2026-08-18 11:59:44 [INFO]: ❌ WebSocket disconnected: a2BQdSOG0-WcjOq9AAAv, reason: client namespace disconnect
2026-08-18 11:59:44 [INFO]: 🔴 User 7 went offline
2026-08-18 11:59:44 [INFO]: 📊 Online users after disconnect: 
2026-08-18 11:59:45 [INFO]: 🔌 New WebSocket connection: YQn0DxPVlqJlRBH9AAAx
2026-08-18 11:59:45 [INFO]: 👤 User 7 registered on socket YQn0DxPVlqJlRBH9AAAx
2026-08-18 11:59:45 [INFO]: 📊 Online users: 7:1
2026-08-18 12:00:15 [INFO]: ❌ WebSocket disconnected: YQn0DxPVlqJlRBH9AAAx, reason: client namespace disconnect
2026-08-18 12:00:15 [INFO]: 🔴 User 7 went offline
2026-08-18 12:00:15 [INFO]: 📊 Online users after disconnect: 
2026-08-18 12:00:16 [INFO]: 🔌 New WebSocket connection: k3M9FeYgnLVIlCvXAAAz
2026-08-18 12:00:16 [INFO]: 👤 User 7 registered on socket k3M9FeYgnLVIlCvXAAAz
2026-08-18 12:00:16 [INFO]: 📊 Online users: 7:1
2026-08-18 12:00:46 [INFO]: ❌ WebSocket disconnected: k3M9FeYgnLVIlCvXAAAz, reason: client namespace disconnect
2026-08-18 12:00:46 [INFO]: 🔴 User 7 went offline
2026-08-18 12:00:46 [INFO]: 📊 Online users after disconnect: 
2026-08-18 12:00:47 [INFO]: 🔌 New WebSocket connection: iEfFKlfYy8OmgQwuAAA1
2026-08-18 12:00:47 [INFO]: 👤 User 7 registered on socket iEfFKlfYy8OmgQwuAAA1
2026-08-18 12:00:47 [INFO]: 📊 Online users: 7:1
2026-08-18 12:01:17 [INFO]: ❌ WebSocket disconnected: iEfFKlfYy8OmgQwuAAA1, reason: client namespace disconnect
2026-08-18 12:01:17 [INFO]: 🔴 User 7 went offline
2026-08-18 12:01:17 [INFO]: 📊 Online users after disconnect: 
2026-08-18 12:01:18 [INFO]: 🔌 New WebSocket connection: IVy-952ORyBvQh_iAAA3
2026-08-18 12:01:18 [INFO]: 👤 User 7 registered on socket IVy-952ORyBvQh_iAAA3
2026-08-18 12:01:18 [INFO]: 📊 Online users: 7:1
2026-08-18 12:01:48 [INFO]: ❌ WebSocket disconnected: IVy-952ORyBvQh_iAAA3, reason: client namespace disconnect
2026-08-18 12:01:48 [INFO]: 🔴 User 7 went offline
2026-08-18 12:01:48 [INFO]: 📊 Online users after disconnect: 
2026-08-18 12:01:49 [INFO]: 🔌 New WebSocket connection: bKnpH1AqkDBemXwtAAA5
2026-08-18 12:01:49 [INFO]: 👤 User 7 registered on socket bKnpH1AqkDBemXwtAAA5
2026-08-18 12:01:49 [INFO]: 📊 Online users: 7:1
2026-08-18 12:02:19 [INFO]: ❌ WebSocket disconnected: bKnpH1AqkDBemXwtAAA5, reason: client namespace disconnect
2026-08-18 12:02:19 [INFO]: 🔴 User 7 went offline
2026-08-18 12:02:19 [INFO]: 📊 Online users after disconnect: 
2026-08-18 12:02:20 [INFO]: 🔌 New WebSocket connection: xGamEPPUsx3HCERqAAA7
2026-08-18 12:02:20 [INFO]: 👤 User 7 registered on socket xGamEPPUsx3HCERqAAA7
2026-08-18 12:02:20 [INFO]: 📊 Online users: 7:1
2026-08-18 12:02:50 [INFO]: ❌ WebSocket disconnected: xGamEPPUsx3HCERqAAA7, reason: client namespace disconnect
2026-08-18 12:02:50 [INFO]: 🔴 User 7 went offline
2026-08-18 12:02:50 [INFO]: 📊 Online users after disconnect: 
2026-08-18 12:02:51 [INFO]: 🔌 New WebSocket connection: 5jt5rDHK3vhExK0mAAA9
2026-08-18 12:02:51 [INFO]: 👤 User 7 registered on socket 5jt5rDHK3vhExK0mAAA9
2026-08-18 12:02:51 [INFO]: 📊 Online users: 7:1
2026-08-18 12:03:21 [INFO]: ❌ WebSocket disconnected: 5jt5rDHK3vhExK0mAAA9, reason: client namespace disconnect
2026-08-18 12:03:21 [INFO]: 🔴 User 7 went offline
2026-08-18 12:03:21 [INFO]: 📊 Online users after disconnect: 
2026-08-18 12:03:22 [INFO]: 🔌 New WebSocket connection: rydjAlSbrvpoE3P6AAA_
2026-08-18 12:03:22 [INFO]: 👤 User 7 registered on socket rydjAlSbrvpoE3P6AAA_
2026-08-18 12:03:22 [INFO]: 📊 Online users: 7:1
2026-08-18 12:03:52 [INFO]: ❌ WebSocket disconnected: rydjAlSbrvpoE3P6AAA_, reason: client namespace disconnect
2026-08-18 12:03:52 [INFO]: 🔴 User 7 went offline
2026-08-18 12:03:52 [INFO]: 📊 Online users after disconnect: 
2026-08-18 12:03:53 [INFO]: 🔌 New WebSocket connection: SVSba5z0f2UFKeKiAABB
2026-08-18 12:03:53 [INFO]: 👤 User 7 registered on socket SVSba5z0f2UFKeKiAABB
2026-08-18 12:03:53 [INFO]: 📊 Online users: 7:1
2026-08-18 12:04:23 [INFO]: ❌ WebSocket disconnected: SVSba5z0f2UFKeKiAABB, reason: client namespace disconnect
2026-08-18 12:04:23 [INFO]: 🔴 User 7 went offline
2026-08-18 12:04:23 [INFO]: 📊 Online users after disconnect: 
2026-08-18 12:04:24 [INFO]: 🔌 New WebSocket connection: 7x9mWVxzjQDaeIvjAABD
2026-08-18 12:04:24 [INFO]: 👤 User 7 registered on socket 7x9mWVxzjQDaeIvjAABD
2026-08-18 12:04:24 [INFO]: 📊 Online users: 7:1
2026-08-18 12:04:54 [INFO]: ❌ WebSocket disconnected: 7x9mWVxzjQDaeIvjAABD, reason: client namespace disconnect
2026-08-18 12:04:54 [INFO]: 🔴 User 7 went offline
2026-08-18 12:04:54 [INFO]: 📊 Online users after disconnect: 
2026-08-18 12:04:55 [INFO]: 🔌 New WebSocket connection: p4dGKPXHfmdEdBxCAABF
2026-08-18 12:04:55 [INFO]: 👤 User 7 registered on socket p4dGKPXHfmdEdBxCAABF
2026-08-18 12:04:55 [INFO]: 📊 Online users: 7:1
2026-08-18 12:05:25 [INFO]: ❌ WebSocket disconnected: p4dGKPXHfmdEdBxCAABF, reason: client namespace disconnect
2026-08-18 12:05:25 [INFO]: 🔴 User 7 went offline
2026-08-18 12:05:25 [INFO]: 📊 Online users after disconnect: 
2026-08-18 12:05:26 [INFO]: 🔌 New WebSocket connection: bRKqGUMNeEjlQIWnAABH
2026-08-18 12:05:26 [INFO]: 👤 User 7 registered on socket bRKqGUMNeEjlQIWnAABH
2026-08-18 12:05:26 [INFO]: 📊 Online users: 7:1
2026-08-18 12:05:56 [INFO]: ❌ WebSocket disconnected: bRKqGUMNeEjlQIWnAABH, reason: client namespace disconnect
2026-08-18 12:05:56 [INFO]: 🔴 User 7 went offline
2026-08-18 12:05:56 [INFO]: 📊 Online users after disconnect: 
2026-08-18 12:05:57 [INFO]: 🔌 New WebSocket connection: Jtvit37bLuW1NoxCAABJ
2026-08-18 12:05:57 [INFO]: 👤 User 7 registered on socket Jtvit37bLuW1NoxCAABJ
2026-08-18 12:05:57 [INFO]: 📊 Online users: 7:1
2026-08-18 12:06:27 [INFO]: ❌ WebSocket disconnected: Jtvit37bLuW1NoxCAABJ, reason: client namespace disconnect
2026-08-18 12:06:27 [INFO]: 🔴 User 7 went offline
2026-08-18 12:06:27 [INFO]: 📊 Online users after disconnect: 
2026-08-18 12:06:28 [INFO]: 🔌 New WebSocket connection: ZvuNgoqXBNzhoo_wAABL
2026-08-18 12:06:28 [INFO]: 👤 User 7 registered on socket ZvuNgoqXBNzhoo_wAABL
2026-08-18 12:06:28 [INFO]: 📊 Online users: 7:1
2026-08-18 12:06:58 [INFO]: ❌ WebSocket disconnected: ZvuNgoqXBNzhoo_wAABL, reason: client namespace disconnect
2026-08-18 12:06:58 [INFO]: 🔴 User 7 went offline
2026-08-18 12:06:58 [INFO]: 📊 Online users after disconnect: 
2026-08-18 12:06:59 [INFO]: 🔌 New WebSocket connection: F66LOGBvGa842jRhAABN
2026-08-18 12:06:59 [INFO]: 👤 User 7 registered on socket F66LOGBvGa842jRhAABN
2026-08-18 12:06:59 [INFO]: 📊 Online users: 7:1
2026-08-18 12:07:29 [INFO]: ❌ WebSocket disconnected: F66LOGBvGa842jRhAABN, reason: client namespace disconnect
2026-08-18 12:07:29 [INFO]: 🔴 User 7 went offline
2026-08-18 12:07:29 [INFO]: 📊 Online users after disconnect: 
2026-08-18 12:07:30 [INFO]: 🔌 New WebSocket connection: VQC_M3uEkCYuhveqAABP
2026-08-18 12:07:30 [INFO]: 👤 User 7 registered on socket VQC_M3uEkCYuhveqAABP
2026-08-18 12:07:30 [INFO]: 📊 Online users: 7:1
2026-08-18 12:08:00 [INFO]: ❌ WebSocket disconnected: VQC_M3uEkCYuhveqAABP, reason: client namespace disconnect
2026-08-18 12:08:00 [INFO]: 🔴 User 7 went offline
2026-08-18 12:08:00 [INFO]: 📊 Online users after disconnect: 
2026-08-18 12:08:01 [INFO]: 🔌 New WebSocket connection: QQSL_gVFKv_xqlJdAABR
2026-08-18 12:08:01 [INFO]: 👤 User 7 registered on socket QQSL_gVFKv_xqlJdAABR
2026-08-18 12:08:01 [INFO]: 📊 Online users: 7:1
2026-08-18 12:08:31 [INFO]: ❌ WebSocket disconnected: QQSL_gVFKv_xqlJdAABR, reason: client namespace disconnect
2026-08-18 12:08:31 [INFO]: 🔴 User 7 went offline
2026-08-18 12:08:31 [INFO]: 📊 Online users after disconnect: 
2026-08-18 12:08:32 [INFO]: 🔌 New WebSocket connection: I-MYZw3JFoxtjaJOAABT
2026-08-18 12:08:32 [INFO]: 👤 User 7 registered on socket I-MYZw3JFoxtjaJOAABT
2026-08-18 12:08:32 [INFO]: 📊 Online users: 7:1
2026-08-18 12:09:02 [INFO]: ❌ WebSocket disconnected: I-MYZw3JFoxtjaJOAABT, reason: client namespace disconnect
2026-08-18 12:09:02 [INFO]: 🔴 User 7 went offline
2026-08-18 12:09:02 [INFO]: 📊 Online users after disconnect: 
2026-08-18 12:09:03 [INFO]: 🔌 New WebSocket connection: sd0ywgPa-HEcvF9HAABV
2026-08-18 12:09:03 [INFO]: 👤 User 7 registered on socket sd0ywgPa-HEcvF9HAABV
2026-08-18 12:09:03 [INFO]: 📊 Online users: 7:1
2026-08-18 12:09:33 [INFO]: ❌ WebSocket disconnected: sd0ywgPa-HEcvF9HAABV, reason: client namespace disconnect
2026-08-18 12:09:33 [INFO]: 🔴 User 7 went offline
2026-08-18 12:09:33 [INFO]: 📊 Online users after disconnect: 
2026-08-18 12:09:34 [INFO]: 🔌 New WebSocket connection: dh504lAVLiFl6_BSAABX
2026-08-18 12:09:34 [INFO]: 👤 User 7 registered on socket dh504lAVLiFl6_BSAABX
2026-08-18 12:09:34 [INFO]: 📊 Online users: 7:1
2026-08-18 12:09:47 [INFO]: 🔌 New WebSocket connection: 29Cmimhz1xlTvJLtAABZ
2026-08-18 12:09:48 [INFO]: 👤 User 7 registered on socket 29Cmimhz1xlTvJLtAABZ
2026-08-18 12:09:48 [INFO]: 📊 Online users: 7:2
2026-08-18 12:09:51 [INFO]: 💬 Socket 29Cmimhz1xlTvJLtAABZ joined chat 3
2026-08-18 12:10:04 [INFO]: ❌ WebSocket disconnected: dh504lAVLiFl6_BSAABX, reason: client namespace disconnect
2026-08-18 12:10:04 [INFO]: 📊 Online users after disconnect: 7:1
2026-08-18 12:10:05 [INFO]: 🔌 New WebSocket connection: vg8wlyq7arAVM7uMAABb
2026-08-18 12:10:05 [INFO]: 👤 User 7 registered on socket vg8wlyq7arAVM7uMAABb
2026-08-18 12:10:05 [INFO]: 📊 Online users: 7:2
2026-08-18 12:10:24 [INFO]: ❌ WebSocket disconnected: 29Cmimhz1xlTvJLtAABZ, reason: transport close
2026-08-18 12:10:24 [INFO]: 📊 Online users after disconnect: 7:1
2026-08-18 12:10:45 [INFO]: ❌ WebSocket disconnected: vg8wlyq7arAVM7uMAABb, reason: client namespace disconnect
2026-08-18 12:10:45 [INFO]: 🔴 User 7 went offline
2026-08-18 12:10:45 [INFO]: 📊 Online users after disconnect: 
2026-08-18 12:10:46 [INFO]: 🔌 New WebSocket connection: 9BUgSaoJakoXEoeOAABd
2026-08-18 12:10:46 [INFO]: 👤 User 7 registered on socket 9BUgSaoJakoXEoeOAABd
2026-08-18 12:10:46 [INFO]: 📊 Online users: 7:1
2026-08-18 12:11:16 [INFO]: ❌ WebSocket disconnected: 9BUgSaoJakoXEoeOAABd, reason: client namespace disconnect
2026-08-18 12:11:16 [INFO]: 🔴 User 7 went offline
2026-08-18 12:11:16 [INFO]: 📊 Online users after disconnect: 
2026-08-18 12:11:17 [INFO]: 🔌 New WebSocket connection: XRqMQS8qkcvJxZjwAABf
2026-08-18 12:11:17 [INFO]: 👤 User 7 registered on socket XRqMQS8qkcvJxZjwAABf
2026-08-18 12:11:17 [INFO]: 📊 Online users: 7:1
2026-08-18 12:11:48 [INFO]: ❌ WebSocket disconnected: XRqMQS8qkcvJxZjwAABf, reason: client namespace disconnect
2026-08-18 12:11:48 [INFO]: 🔴 User 7 went offline
2026-08-18 12:11:48 [INFO]: 📊 Online users after disconnect: 
2026-08-18 12:11:48 [INFO]: 🔌 New WebSocket connection: X5vWY-Ws-6z1d3-JAABh
2026-08-18 12:11:48 [INFO]: 👤 User 7 registered on socket X5vWY-Ws-6z1d3-JAABh
2026-08-18 12:11:48 [INFO]: 📊 Online users: 7:1
2026-08-18 12:12:19 [INFO]: ❌ WebSocket disconnected: X5vWY-Ws-6z1d3-JAABh, reason: client namespace disconnect
2026-08-18 12:12:19 [INFO]: 🔴 User 7 went offline
2026-08-18 12:12:19 [INFO]: 📊 Online users after disconnect: 
2026-08-18 12:12:19 [INFO]: 🔌 New WebSocket connection: gx90uNY7awnt7kt2AABj
2026-08-18 12:12:19 [INFO]: 👤 User 7 registered on socket gx90uNY7awnt7kt2AABj
2026-08-18 12:12:19 [INFO]: 📊 Online users: 7:1
2026-08-18 12:12:49 [INFO]: ❌ WebSocket disconnected: gx90uNY7awnt7kt2AABj, reason: client namespace disconnect
2026-08-18 12:12:49 [INFO]: 🔴 User 7 went offline
2026-08-18 12:12:49 [INFO]: 📊 Online users after disconnect: 
2026-08-18 12:12:50 [INFO]: 🔌 New WebSocket connection: KrYp7N9vVdI9LORGAABl
2026-08-18 12:12:50 [INFO]: 👤 User 7 registered on socket KrYp7N9vVdI9LORGAABl
2026-08-18 12:12:50 [INFO]: 📊 Online users: 7:1
2026-08-18 12:13:21 [INFO]: ❌ WebSocket disconnected: KrYp7N9vVdI9LORGAABl, reason: client namespace disconnect
2026-08-18 12:13:21 [INFO]: 🔴 User 7 went offline
2026-08-18 12:13:21 [INFO]: 📊 Online users after disconnect: 
2026-08-18 12:13:21 [INFO]: 🔌 New WebSocket connection: cFHaAUiix96FlC2oAABn
2026-08-18 12:13:21 [INFO]: 👤 User 7 registered on socket cFHaAUiix96FlC2oAABn
2026-08-18 12:13:21 [INFO]: 📊 Online users: 7:1
2026-08-18 12:13:52 [INFO]: ❌ WebSocket disconnected: cFHaAUiix96FlC2oAABn, reason: client namespace disconnect
2026-08-18 12:13:52 [INFO]: 🔴 User 7 went offline
2026-08-18 12:13:52 [INFO]: 📊 Online users after disconnect: 
2026-08-18 12:13:52 [INFO]: 🔌 New WebSocket connection: FRC9ZMljYoGnxPjcAABp
2026-08-18 12:13:52 [INFO]: 👤 User 7 registered on socket FRC9ZMljYoGnxPjcAABp
2026-08-18 12:13:52 [INFO]: 📊 Online users: 7:1
2026-08-18 12:14:23 [INFO]: ❌ WebSocket disconnected: FRC9ZMljYoGnxPjcAABp, reason: client namespace disconnect
2026-08-18 12:14:23 [INFO]: 🔴 User 7 went offline
2026-08-18 12:14:23 [INFO]: 📊 Online users after disconnect: 
2026-08-18 12:14:23 [INFO]: 🔌 New WebSocket connection: xyIqoNpLYV5_KFeGAABr
2026-08-18 12:14:23 [INFO]: 👤 User 7 registered on socket xyIqoNpLYV5_KFeGAABr
2026-08-18 12:14:23 [INFO]: 📊 Online users: 7:1
2026-08-18 12:14:54 [INFO]: ❌ WebSocket disconnected: xyIqoNpLYV5_KFeGAABr, reason: client namespace disconnect
2026-08-18 12:14:54 [INFO]: 🔴 User 7 went offline
2026-08-18 12:14:54 [INFO]: 📊 Online users after disconnect: 
2026-08-18 12:14:54 [INFO]: 🔌 New WebSocket connection: MtlRcx82n7DwnwUEAABt
2026-08-18 12:14:54 [INFO]: 👤 User 7 registered on socket MtlRcx82n7DwnwUEAABt
2026-08-18 12:14:54 [INFO]: 📊 Online users: 7:1
2026-08-18 12:15:25 [INFO]: ❌ WebSocket disconnected: MtlRcx82n7DwnwUEAABt, reason: client namespace disconnect
2026-08-18 12:15:25 [INFO]: 🔴 User 7 went offline
2026-08-18 12:15:25 [INFO]: 📊 Online users after disconnect: 
2026-08-18 12:15:25 [INFO]: 🔌 New WebSocket connection: Ao5xcZDQ-Y7zvXhRAABv
2026-08-18 12:15:25 [INFO]: 👤 User 7 registered on socket Ao5xcZDQ-Y7zvXhRAABv
2026-08-18 12:15:25 [INFO]: 📊 Online users: 7:1
2026-08-18 12:15:56 [INFO]: ❌ WebSocket disconnected: Ao5xcZDQ-Y7zvXhRAABv, reason: client namespace disconnect
2026-08-18 12:15:56 [INFO]: 🔴 User 7 went offline
2026-08-18 12:15:56 [INFO]: 📊 Online users after disconnect: 
2026-08-18 12:15:56 [INFO]: 🔌 New WebSocket connection: PX8ErVMf-xbUJ1UeAABx
2026-08-18 12:15:56 [INFO]: 👤 User 7 registered on socket PX8ErVMf-xbUJ1UeAABx
2026-08-18 12:15:56 [INFO]: 📊 Online users: 7:1
2026-08-18 12:16:27 [INFO]: ❌ WebSocket disconnected: PX8ErVMf-xbUJ1UeAABx, reason: client namespace disconnect
2026-08-18 12:16:27 [INFO]: 🔴 User 7 went offline
2026-08-18 12:16:27 [INFO]: 📊 Online users after disconnect: 
2026-08-18 12:16:27 [INFO]: 🔌 New WebSocket connection: BbOCaw1G5TjdvC3tAABz
2026-08-18 12:16:27 [INFO]: 👤 User 7 registered on socket BbOCaw1G5TjdvC3tAABz
2026-08-18 12:16:27 [INFO]: 📊 Online users: 7:1
2026-08-18 12:16:58 [INFO]: ❌ WebSocket disconnected: BbOCaw1G5TjdvC3tAABz, reason: client namespace disconnect
2026-08-18 12:16:58 [INFO]: 🔴 User 7 went offline
2026-08-18 12:16:58 [INFO]: 📊 Online users after disconnect: 
2026-08-18 12:16:58 [INFO]: 🔌 New WebSocket connection: bV1K2G_na2LwjorEAAB1
2026-08-18 12:16:58 [INFO]: 👤 User 7 registered on socket bV1K2G_na2LwjorEAAB1
2026-08-18 12:16:58 [INFO]: 📊 Online users: 7:1
2026-08-18 12:17:29 [INFO]: ❌ WebSocket disconnected: bV1K2G_na2LwjorEAAB1, reason: client namespace disconnect
2026-08-18 12:17:29 [INFO]: 🔴 User 7 went offline
2026-08-18 12:17:29 [INFO]: 📊 Online users after disconnect: 
2026-08-18 12:17:29 [INFO]: 🔌 New WebSocket connection: 57r0RTmw-6hrNQfFAAB3
2026-08-18 12:17:29 [INFO]: 👤 User 7 registered on socket 57r0RTmw-6hrNQfFAAB3
2026-08-18 12:17:29 [INFO]: 📊 Online users: 7:1
2026-08-18 12:18:00 [INFO]: ❌ WebSocket disconnected: 57r0RTmw-6hrNQfFAAB3, reason: client namespace disconnect
2026-08-18 12:18:00 [INFO]: 🔴 User 7 went offline
2026-08-18 12:18:00 [INFO]: 📊 Online users after disconnect: 
2026-08-18 12:18:00 [INFO]: 🔌 New WebSocket connection: 1_4spuU0-OERqKe8AAB5
2026-08-18 12:18:00 [INFO]: 👤 User 7 registered on socket 1_4spuU0-OERqKe8AAB5
2026-08-18 12:18:00 [INFO]: 📊 Online users: 7:1
2026-08-18 12:18:31 [INFO]: ❌ WebSocket disconnected: 1_4spuU0-OERqKe8AAB5, reason: client namespace disconnect
2026-08-18 12:18:31 [INFO]: 🔴 User 7 went offline
2026-08-18 12:18:31 [INFO]: 📊 Online users after disconnect: 
2026-08-18 12:18:31 [INFO]: 🔌 New WebSocket connection: 30TotFvbPnLybZv1AAB7
2026-08-18 12:18:31 [INFO]: 👤 User 7 registered on socket 30TotFvbPnLybZv1AAB7
2026-08-18 12:18:31 [INFO]: 📊 Online users: 7:1
2026-08-18 12:19:02 [INFO]: ❌ WebSocket disconnected: 30TotFvbPnLybZv1AAB7, reason: client namespace disconnect
2026-08-18 12:19:02 [INFO]: 🔴 User 7 went offline
2026-08-18 12:19:02 [INFO]: 📊 Online users after disconnect: 
2026-08-18 12:19:02 [INFO]: 🔌 New WebSocket connection: MKrNYc1e46naloSEAAB9
2026-08-18 12:19:02 [INFO]: 👤 User 7 registered on socket MKrNYc1e46naloSEAAB9
2026-08-18 12:19:02 [INFO]: 📊 Online users: 7:1
2026-08-18 12:19:33 [INFO]: ❌ WebSocket disconnected: MKrNYc1e46naloSEAAB9, reason: client namespace disconnect
2026-08-18 12:19:33 [INFO]: 🔴 User 7 went offline
2026-08-18 12:19:33 [INFO]: 📊 Online users after disconnect: 
2026-08-18 12:19:33 [INFO]: 🔌 New WebSocket connection: 2ozm1zBmTcL4kc_BAAB_
2026-08-18 12:19:33 [INFO]: 👤 User 7 registered on socket 2ozm1zBmTcL4kc_BAAB_
2026-08-18 12:19:33 [INFO]: 📊 Online users: 7:1
2026-08-18 12:20:04 [INFO]: ❌ WebSocket disconnected: 2ozm1zBmTcL4kc_BAAB_, reason: client namespace disconnect
2026-08-18 12:20:04 [INFO]: 🔴 User 7 went offline
2026-08-18 12:20:04 [INFO]: 📊 Online users after disconnect: 
2026-08-18 12:20:04 [INFO]: 🔌 New WebSocket connection: 1waZS7uAOIKSr-UlAACB
2026-08-18 12:20:04 [INFO]: 👤 User 7 registered on socket 1waZS7uAOIKSr-UlAACB
2026-08-18 12:20:04 [INFO]: 📊 Online users: 7:1
2026-08-18 12:20:35 [INFO]: ❌ WebSocket disconnected: 1waZS7uAOIKSr-UlAACB, reason: client namespace disconnect
2026-08-18 12:20:35 [INFO]: 🔴 User 7 went offline
2026-08-18 12:20:35 [INFO]: 📊 Online users after disconnect: 
2026-08-18 12:20:35 [INFO]: 🔌 New WebSocket connection: knVOxAHxN7ji4W2iAACD
2026-08-18 12:20:35 [INFO]: 👤 User 7 registered on socket knVOxAHxN7ji4W2iAACD
2026-08-18 12:20:35 [INFO]: 📊 Online users: 7:1
2026-08-18 12:21:06 [INFO]: ❌ WebSocket disconnected: knVOxAHxN7ji4W2iAACD, reason: client namespace disconnect
2026-08-18 12:21:06 [INFO]: 🔴 User 7 went offline
2026-08-18 12:21:06 [INFO]: 📊 Online users after disconnect: 
2026-08-18 12:21:06 [INFO]: 🔌 New WebSocket connection: p0YYm6BcEuH2ua7XAACF
2026-08-18 12:21:06 [INFO]: 👤 User 7 registered on socket p0YYm6BcEuH2ua7XAACF
2026-08-18 12:21:06 [INFO]: 📊 Online users: 7:1
2026-08-18 12:21:37 [INFO]: ❌ WebSocket disconnected: p0YYm6BcEuH2ua7XAACF, reason: client namespace disconnect
2026-08-18 12:21:37 [INFO]: 🔴 User 7 went offline
2026-08-18 12:21:37 [INFO]: 📊 Online users after disconnect: 
2026-08-18 12:21:37 [INFO]: 🔌 New WebSocket connection: ThDosFVQ8Hb_BIpYAACH
2026-08-18 12:21:37 [INFO]: 👤 User 7 registered on socket ThDosFVQ8Hb_BIpYAACH
2026-08-18 12:21:37 [INFO]: 📊 Online users: 7:1
2026-08-18 12:22:08 [INFO]: ❌ WebSocket disconnected: ThDosFVQ8Hb_BIpYAACH, reason: client namespace disconnect
2026-08-18 12:22:08 [INFO]: 🔴 User 7 went offline
2026-08-18 12:22:08 [INFO]: 📊 Online users after disconnect: 
2026-08-18 12:22:08 [INFO]: 🔌 New WebSocket connection: 3QMmMD-AGRYJSd-MAACJ
2026-08-18 12:22:08 [INFO]: 👤 User 7 registered on socket 3QMmMD-AGRYJSd-MAACJ
2026-08-18 12:22:08 [INFO]: 📊 Online users: 7:1
2026-08-18 12:22:39 [INFO]: ❌ WebSocket disconnected: 3QMmMD-AGRYJSd-MAACJ, reason: client namespace disconnect
2026-08-18 12:22:39 [INFO]: 🔴 User 7 went offline
2026-08-18 12:22:39 [INFO]: 📊 Online users after disconnect: 
2026-08-18 12:22:39 [INFO]: 🔌 New WebSocket connection: gQjc9Q8WOLRU-h9KAACL
2026-08-18 12:22:39 [INFO]: 👤 User 7 registered on socket gQjc9Q8WOLRU-h9KAACL
2026-08-18 12:22:39 [INFO]: 📊 Online users: 7:1
2026-08-18 12:23:10 [INFO]: ❌ WebSocket disconnected: gQjc9Q8WOLRU-h9KAACL, reason: client namespace disconnect
2026-08-18 12:23:10 [INFO]: 🔴 User 7 went offline
2026-08-18 12:23:10 [INFO]: 📊 Online users after disconnect: 
2026-08-18 12:23:10 [INFO]: 🔌 New WebSocket connection: 3_62I1KmnlzYBpLgAACN
2026-08-18 12:23:10 [INFO]: 👤 User 7 registered on socket 3_62I1KmnlzYBpLgAACN
2026-08-18 12:23:10 [INFO]: 📊 Online users: 7:1
2026-08-18 12:23:41 [INFO]: ❌ WebSocket disconnected: 3_62I1KmnlzYBpLgAACN, reason: client namespace disconnect
2026-08-18 12:23:41 [INFO]: 🔴 User 7 went offline
2026-08-18 12:23:41 [INFO]: 📊 Online users after disconnect: 
2026-08-18 12:23:41 [INFO]: 🔌 New WebSocket connection: 2NJaOmEUoysSE4vrAACP
2026-08-18 12:23:41 [INFO]: 👤 User 7 registered on socket 2NJaOmEUoysSE4vrAACP
2026-08-18 12:23:41 [INFO]: 📊 Online users: 7:1
2026-08-18 12:24:12 [INFO]: ❌ WebSocket disconnected: 2NJaOmEUoysSE4vrAACP, reason: client namespace disconnect
2026-08-18 12:24:12 [INFO]: 🔴 User 7 went offline
2026-08-18 12:24:12 [INFO]: 📊 Online users after disconnect: 
2026-08-18 12:24:12 [INFO]: 🔌 New WebSocket connection: E2dkq79Wgg32_-kHAACR
2026-08-18 12:24:12 [INFO]: 👤 User 7 registered on socket E2dkq79Wgg32_-kHAACR
2026-08-18 12:24:12 [INFO]: 📊 Online users: 7:1
2026-08-18 12:24:43 [INFO]: ❌ WebSocket disconnected: E2dkq79Wgg32_-kHAACR, reason: client namespace disconnect
2026-08-18 12:24:43 [INFO]: 🔴 User 7 went offline
2026-08-18 12:24:43 [INFO]: 📊 Online users after disconnect: 
2026-08-18 12:24:43 [INFO]: 🔌 New WebSocket connection: pwNKnGYK3o_LxmtUAACT
2026-08-18 12:24:43 [INFO]: 👤 User 7 registered on socket pwNKnGYK3o_LxmtUAACT
2026-08-18 12:24:43 [INFO]: 📊 Online users: 7:1
2026-08-18 12:25:14 [INFO]: ❌ WebSocket disconnected: pwNKnGYK3o_LxmtUAACT, reason: client namespace disconnect
2026-08-18 12:25:14 [INFO]: 🔴 User 7 went offline
2026-08-18 12:25:14 [INFO]: 📊 Online users after disconnect: 
2026-08-18 12:25:14 [INFO]: 🔌 New WebSocket connection: Lqv7fHPgBd3rVIgyAACV
2026-08-18 12:25:14 [INFO]: 👤 User 7 registered on socket Lqv7fHPgBd3rVIgyAACV
2026-08-18 12:25:14 [INFO]: 📊 Online users: 7:1
2026-08-18 12:25:45 [INFO]: ❌ WebSocket disconnected: Lqv7fHPgBd3rVIgyAACV, reason: client namespace disconnect
2026-08-18 12:25:45 [INFO]: 🔴 User 7 went offline
2026-08-18 12:25:45 [INFO]: 📊 Online users after disconnect: 
2026-08-18 12:25:45 [INFO]: 🔌 New WebSocket connection: dGxQwHl6qkiZHoS-AACX
2026-08-18 12:25:45 [INFO]: 👤 User 7 registered on socket dGxQwHl6qkiZHoS-AACX
2026-08-18 12:25:45 [INFO]: 📊 Online users: 7:1
2026-08-18 12:26:16 [INFO]: ❌ WebSocket disconnected: dGxQwHl6qkiZHoS-AACX, reason: client namespace disconnect
2026-08-18 12:26:16 [INFO]: 🔴 User 7 went offline
2026-08-18 12:26:16 [INFO]: 📊 Online users after disconnect: 
2026-08-18 12:26:16 [INFO]: 🔌 New WebSocket connection: _bbQJxlYVFe3MwtLAACZ
2026-08-18 12:26:16 [INFO]: 👤 User 7 registered on socket _bbQJxlYVFe3MwtLAACZ
2026-08-18 12:26:16 [INFO]: 📊 Online users: 7:1
2026-08-18 12:26:47 [INFO]: ❌ WebSocket disconnected: _bbQJxlYVFe3MwtLAACZ, reason: client namespace disconnect
2026-08-18 12:26:47 [INFO]: 🔴 User 7 went offline
2026-08-18 12:26:47 [INFO]: 📊 Online users after disconnect: 
2026-08-18 12:26:47 [INFO]: 🔌 New WebSocket connection: wJPIqnliYe5WbNCoAACb
2026-08-18 12:26:47 [INFO]: 👤 User 7 registered on socket wJPIqnliYe5WbNCoAACb
2026-08-18 12:26:47 [INFO]: 📊 Online users: 7:1
2026-08-18 12:27:18 [INFO]: ❌ WebSocket disconnected: wJPIqnliYe5WbNCoAACb, reason: client namespace disconnect
2026-08-18 12:27:18 [INFO]: 🔴 User 7 went offline
2026-08-18 12:27:18 [INFO]: 📊 Online users after disconnect: 
2026-08-18 12:27:18 [INFO]: 🔌 New WebSocket connection: Uv-Ppshj9PuJzqI8AACd
2026-08-18 12:27:18 [INFO]: 👤 User 7 registered on socket Uv-Ppshj9PuJzqI8AACd
2026-08-18 12:27:18 [INFO]: 📊 Online users: 7:1
2026-08-18 12:27:49 [INFO]: ❌ WebSocket disconnected: Uv-Ppshj9PuJzqI8AACd, reason: client namespace disconnect
2026-08-18 12:27:49 [INFO]: 🔴 User 7 went offline
2026-08-18 12:27:49 [INFO]: 📊 Online users after disconnect: 
2026-08-18 12:27:49 [INFO]: 🔌 New WebSocket connection: OChnKa2GxA4MgkXCAACf
2026-08-18 12:27:49 [INFO]: 👤 User 7 registered on socket OChnKa2GxA4MgkXCAACf
2026-08-18 12:27:49 [INFO]: 📊 Online users: 7:1
2026-08-18 12:28:20 [INFO]: ❌ WebSocket disconnected: OChnKa2GxA4MgkXCAACf, reason: client namespace disconnect
2026-08-18 12:28:20 [INFO]: 🔴 User 7 went offline
2026-08-18 12:28:20 [INFO]: 📊 Online users after disconnect: 
2026-08-18 12:28:20 [INFO]: 🔌 New WebSocket connection: SZLHot_U20KrukscAACh
2026-08-18 12:28:20 [INFO]: 👤 User 7 registered on socket SZLHot_U20KrukscAACh
2026-08-18 12:28:20 [INFO]: 📊 Online users: 7:1
2026-08-18 12:28:51 [INFO]: ❌ WebSocket disconnected: SZLHot_U20KrukscAACh, reason: client namespace disconnect
2026-08-18 12:28:51 [INFO]: 🔴 User 7 went offline
2026-08-18 12:28:51 [INFO]: 📊 Online users after disconnect: 
2026-08-18 12:28:51 [INFO]: 🔌 New WebSocket connection: bVXV6RS9e94epPPsAACj
2026-08-18 12:28:51 [INFO]: 👤 User 7 registered on socket bVXV6RS9e94epPPsAACj
2026-08-18 12:28:51 [INFO]: 📊 Online users: 7:1
2026-08-18 12:29:22 [INFO]: ❌ WebSocket disconnected: bVXV6RS9e94epPPsAACj, reason: client namespace disconnect
2026-08-18 12:29:22 [INFO]: 🔴 User 7 went offline
2026-08-18 12:29:22 [INFO]: 📊 Online users after disconnect: 
2026-08-18 12:29:22 [INFO]: 🔌 New WebSocket connection: AOO5J3ZsrUERZAa2AACl
2026-08-18 12:29:22 [INFO]: 👤 User 7 registered on socket AOO5J3ZsrUERZAa2AACl
2026-08-18 12:29:22 [INFO]: 📊 Online users: 7:1
2026-08-18 12:29:53 [INFO]: ❌ WebSocket disconnected: AOO5J3ZsrUERZAa2AACl, reason: client namespace disconnect
2026-08-18 12:29:53 [INFO]: 🔴 User 7 went offline
2026-08-18 12:29:53 [INFO]: 📊 Online users after disconnect: 
2026-08-18 12:29:53 [INFO]: 🔌 New WebSocket connection: xkRjctjG7xlpfRqtAACn
2026-08-18 12:29:53 [INFO]: 👤 User 7 registered on socket xkRjctjG7xlpfRqtAACn
2026-08-18 12:29:53 [INFO]: 📊 Online users: 7:1
2026-08-18 12:30:24 [INFO]: ❌ WebSocket disconnected: xkRjctjG7xlpfRqtAACn, reason: client namespace disconnect
2026-08-18 12:30:24 [INFO]: 🔴 User 7 went offline
2026-08-18 12:30:24 [INFO]: 📊 Online users after disconnect: 
2026-08-18 12:30:24 [INFO]: 🔌 New WebSocket connection: PrVp7e3Y0_cVIdcgAACp
2026-08-18 12:30:24 [INFO]: 👤 User 7 registered on socket PrVp7e3Y0_cVIdcgAACp
2026-08-18 12:30:24 [INFO]: 📊 Online users: 7:1
2026-08-18 12:30:55 [INFO]: ❌ WebSocket disconnected: PrVp7e3Y0_cVIdcgAACp, reason: client namespace disconnect
2026-08-18 12:30:55 [INFO]: 🔴 User 7 went offline
2026-08-18 12:30:55 [INFO]: 📊 Online users after disconnect: 
2026-08-18 12:30:55 [INFO]: 🔌 New WebSocket connection: M47coU8H-kfC3TP6AACr
2026-08-18 12:30:55 [INFO]: 👤 User 7 registered on socket M47coU8H-kfC3TP6AACr
2026-08-18 12:30:55 [INFO]: 📊 Online users: 7:1
2026-08-18 12:31:26 [INFO]: ❌ WebSocket disconnected: M47coU8H-kfC3TP6AACr, reason: client namespace disconnect
2026-08-18 12:31:26 [INFO]: 🔴 User 7 went offline
2026-08-18 12:31:26 [INFO]: 📊 Online users after disconnect: 
2026-08-18 12:31:26 [INFO]: 🔌 New WebSocket connection: Qzk_KvnSFHGAnwQaAACt
2026-08-18 12:31:26 [INFO]: 👤 User 7 registered on socket Qzk_KvnSFHGAnwQaAACt
2026-08-18 12:31:26 [INFO]: 📊 Online users: 7:1
2026-08-18 12:31:57 [INFO]: ❌ WebSocket disconnected: Qzk_KvnSFHGAnwQaAACt, reason: client namespace disconnect
2026-08-18 12:31:57 [INFO]: 🔴 User 7 went offline
2026-08-18 12:31:57 [INFO]: 📊 Online users after disconnect: 
2026-08-18 12:31:57 [INFO]: 🔌 New WebSocket connection: gSL_4S-CpEqC0N-TAACv
2026-08-18 12:31:57 [INFO]: 👤 User 7 registered on socket gSL_4S-CpEqC0N-TAACv
2026-08-18 12:31:57 [INFO]: 📊 Online users: 7:1
2026-08-18 12:32:28 [INFO]: ❌ WebSocket disconnected: gSL_4S-CpEqC0N-TAACv, reason: client namespace disconnect
2026-08-18 12:32:28 [INFO]: 🔴 User 7 went offline
2026-08-18 12:32:28 [INFO]: 📊 Online users after disconnect: 
2026-08-18 12:32:28 [INFO]: 🔌 New WebSocket connection: KPcYtxaYgwPP4grOAACx
2026-08-18 12:32:28 [INFO]: 👤 User 7 registered on socket KPcYtxaYgwPP4grOAACx
2026-08-18 12:32:28 [INFO]: 📊 Online users: 7:1
2026-08-18 12:32:59 [INFO]: ❌ WebSocket disconnected: KPcYtxaYgwPP4grOAACx, reason: client namespace disconnect
2026-08-18 12:32:59 [INFO]: 🔴 User 7 went offline
2026-08-18 12:32:59 [INFO]: 📊 Online users after disconnect: 
2026-08-18 12:32:59 [INFO]: 🔌 New WebSocket connection: LWy1W5hR_vI6YB6IAACz
2026-08-18 12:32:59 [INFO]: 👤 User 7 registered on socket LWy1W5hR_vI6YB6IAACz
2026-08-18 12:32:59 [INFO]: 📊 Online users: 7:1
2026-08-18 12:33:30 [INFO]: ❌ WebSocket disconnected: LWy1W5hR_vI6YB6IAACz, reason: client namespace disconnect
2026-08-18 12:33:30 [INFO]: 🔴 User 7 went offline
2026-08-18 12:33:30 [INFO]: 📊 Online users after disconnect: 
2026-08-18 12:33:30 [INFO]: 🔌 New WebSocket connection: Xmdb_kjErx0q9HmqAAC1
2026-08-18 12:33:30 [INFO]: 👤 User 7 registered on socket Xmdb_kjErx0q9HmqAAC1
2026-08-18 12:33:30 [INFO]: 📊 Online users: 7:1
2026-08-18 12:34:01 [INFO]: ❌ WebSocket disconnected: Xmdb_kjErx0q9HmqAAC1, reason: client namespace disconnect
2026-08-18 12:34:01 [INFO]: 🔴 User 7 went offline
2026-08-18 12:34:01 [INFO]: 📊 Online users after disconnect: 
2026-08-18 12:34:01 [INFO]: 🔌 New WebSocket connection: zjcdkMR2E8sBGsNoAAC3
2026-08-18 12:34:01 [INFO]: 👤 User 7 registered on socket zjcdkMR2E8sBGsNoAAC3
2026-08-18 12:34:01 [INFO]: 📊 Online users: 7:1
2026-08-18 12:34:32 [INFO]: ❌ WebSocket disconnected: zjcdkMR2E8sBGsNoAAC3, reason: client namespace disconnect
2026-08-18 12:34:32 [INFO]: 🔴 User 7 went offline
2026-08-18 12:34:32 [INFO]: 📊 Online users after disconnect: 
2026-08-18 12:34:32 [INFO]: 🔌 New WebSocket connection: h1FApPBDs4HnqzvWAAC5
2026-08-18 12:34:32 [INFO]: 👤 User 7 registered on socket h1FApPBDs4HnqzvWAAC5
2026-08-18 12:34:32 [INFO]: 📊 Online users: 7:1
2026-08-18 12:35:03 [INFO]: ❌ WebSocket disconnected: h1FApPBDs4HnqzvWAAC5, reason: client namespace disconnect
2026-08-18 12:35:03 [INFO]: 🔴 User 7 went offline
2026-08-18 12:35:03 [INFO]: 📊 Online users after disconnect: 
2026-08-18 12:35:03 [INFO]: 🔌 New WebSocket connection: yuBTNH4Mn8IxgHiMAAC7
2026-08-18 12:35:03 [INFO]: 👤 User 7 registered on socket yuBTNH4Mn8IxgHiMAAC7
2026-08-18 12:35:03 [INFO]: 📊 Online users: 7:1
2026-08-18 12:35:34 [INFO]: ❌ WebSocket disconnected: yuBTNH4Mn8IxgHiMAAC7, reason: client namespace disconnect
2026-08-18 12:35:34 [INFO]: 🔴 User 7 went offline
2026-08-18 12:35:34 [INFO]: 📊 Online users after disconnect: 
2026-08-18 12:35:34 [INFO]: 🔌 New WebSocket connection: HEoXz-ln5N4nqyHqAAC9
2026-08-18 12:35:34 [INFO]: 👤 User 7 registered on socket HEoXz-ln5N4nqyHqAAC9
2026-08-18 12:35:34 [INFO]: 📊 Online users: 7:1
2026-08-18 12:36:05 [INFO]: ❌ WebSocket disconnected: HEoXz-ln5N4nqyHqAAC9, reason: client namespace disconnect
2026-08-18 12:36:05 [INFO]: 🔴 User 7 went offline
2026-08-18 12:36:05 [INFO]: 📊 Online users after disconnect: 
2026-08-18 12:36:05 [INFO]: 🔌 New WebSocket connection: 57acQjlGHT4UxNNYAAC_
2026-08-18 12:36:05 [INFO]: 👤 User 7 registered on socket 57acQjlGHT4UxNNYAAC_
2026-08-18 12:36:05 [INFO]: 📊 Online users: 7:1
2026-08-18 12:36:36 [INFO]: ❌ WebSocket disconnected: 57acQjlGHT4UxNNYAAC_, reason: client namespace disconnect
2026-08-18 12:36:36 [INFO]: 🔴 User 7 went offline
2026-08-18 12:36:36 [INFO]: 📊 Online users after disconnect: 
2026-08-18 12:36:36 [INFO]: 🔌 New WebSocket connection: 5W-JyDLenG594NP6AADB
2026-08-18 12:36:36 [INFO]: 👤 User 7 registered on socket 5W-JyDLenG594NP6AADB
2026-08-18 12:36:36 [INFO]: 📊 Online users: 7:1
2026-08-18 12:37:07 [INFO]: ❌ WebSocket disconnected: 5W-JyDLenG594NP6AADB, reason: client namespace disconnect
2026-08-18 12:37:07 [INFO]: 🔴 User 7 went offline
2026-08-18 12:37:07 [INFO]: 📊 Online users after disconnect: 
2026-08-18 12:37:07 [INFO]: 🔌 New WebSocket connection: Eh_30QXTuZFb94E_AADD
2026-08-18 12:37:07 [INFO]: 👤 User 7 registered on socket Eh_30QXTuZFb94E_AADD
2026-08-18 12:37:07 [INFO]: 📊 Online users: 7:1
2026-08-18 12:37:32 [INFO]: 
SIGINT received. Shutting down gracefully...
2026-08-18 12:38:18 [INFO]: 🚀 Starting application initialization...
2026-08-18 12:38:18 [INFO]: ✅ Auth routes loaded
2026-08-18 12:38:18 [INFO]: ✅ Conversations routes loaded
2026-08-18 12:38:18 [INFO]: ✅ Users routes loaded
2026-08-18 12:38:18 [INFO]: ✅ Profile routes loaded
2026-08-18 12:38:18 [INFO]: ✅ Database connection established successfully.
2026-08-18 12:38:20 [INFO]: ✅ Database synced
2026-08-18 12:38:20 [INFO]: ✅ Socket.IO configured successfully
2026-08-18 12:38:20 [INFO]: ✅ Application initialized successfully
2026-08-18 12:38:20 [INFO]: 🚀 Server is running on port 3000
2026-08-18 12:38:20 [INFO]: 📡 Environment: production
2026-08-18 12:38:20 [INFO]: 🌐 API URL: http://localhost:3000
2026-08-18 12:38:20 [INFO]: 💾 Database: icq_messenger on localhost:5432
2026-08-18 12:38:58 [INFO]: 🔌 New WebSocket connection: UH6ueT4xBDv-bl31AAAB
2026-08-18 12:38:58 [INFO]: 👤 User 7 registered on socket UH6ueT4xBDv-bl31AAAB
2026-08-18 12:38:58 [INFO]: 📊 Online users: 7:1
2026-08-18 12:39:28 [INFO]: ❌ WebSocket disconnected: UH6ueT4xBDv-bl31AAAB, reason: client namespace disconnect
2026-08-18 12:39:28 [INFO]: 🔴 User 7 went offline
2026-08-18 12:39:28 [INFO]: 📊 Online users after disconnect: 
2026-08-18 12:39:29 [INFO]: 🔌 New WebSocket connection: 3s8Q_8_XfL-QuyMPAAAD
2026-08-18 12:39:29 [INFO]: 👤 User 7 registered on socket 3s8Q_8_XfL-QuyMPAAAD
2026-08-18 12:39:29 [INFO]: 📊 Online users: 7:1
2026-08-18 12:39:59 [INFO]: ❌ WebSocket disconnected: 3s8Q_8_XfL-QuyMPAAAD, reason: client namespace disconnect
2026-08-18 12:39:59 [INFO]: 🔴 User 7 went offline
2026-08-18 12:39:59 [INFO]: 📊 Online users after disconnect: 
2026-08-18 12:39:59 [INFO]: 🔌 New WebSocket connection: El4cZS_fK95tiKP6AAAF
2026-08-18 12:39:59 [INFO]: 👤 User 7 registered on socket El4cZS_fK95tiKP6AAAF
2026-08-18 12:39:59 [INFO]: 📊 Online users: 7:1
2026-08-18 12:40:30 [INFO]: ❌ WebSocket disconnected: El4cZS_fK95tiKP6AAAF, reason: client namespace disconnect
2026-08-18 12:40:30 [INFO]: 🔴 User 7 went offline
2026-08-18 12:40:30 [INFO]: 📊 Online users after disconnect: 
2026-08-18 12:40:30 [INFO]: 🔌 New WebSocket connection: dUkfcIxwpyV6VB_7AAAH
2026-08-18 12:40:30 [INFO]: 👤 User 7 registered on socket dUkfcIxwpyV6VB_7AAAH
2026-08-18 12:40:30 [INFO]: 📊 Online users: 7:1
2026-08-18 12:41:01 [INFO]: ❌ WebSocket disconnected: dUkfcIxwpyV6VB_7AAAH, reason: client namespace disconnect
2026-08-18 12:41:01 [INFO]: 🔴 User 7 went offline
2026-08-18 12:41:01 [INFO]: 📊 Online users after disconnect: 
2026-08-18 12:41:01 [INFO]: 🔌 New WebSocket connection: HTZosRXmY7rwGCgHAAAJ
2026-08-18 12:41:01 [INFO]: 👤 User 7 registered on socket HTZosRXmY7rwGCgHAAAJ
2026-08-18 12:41:01 [INFO]: 📊 Online users: 7:1
2026-08-18 12:41:32 [INFO]: ❌ WebSocket disconnected: HTZosRXmY7rwGCgHAAAJ, reason: client namespace disconnect
2026-08-18 12:41:32 [INFO]: 🔴 User 7 went offline
2026-08-18 12:41:32 [INFO]: 📊 Online users after disconnect: 
2026-08-18 12:41:32 [INFO]: 🔌 New WebSocket connection: BBZiqtIXtHRILvM6AAAL
2026-08-18 12:41:32 [INFO]: 👤 User 7 registered on socket BBZiqtIXtHRILvM6AAAL
2026-08-18 12:41:32 [INFO]: 📊 Online users: 7:1
2026-08-18 12:42:03 [INFO]: ❌ WebSocket disconnected: BBZiqtIXtHRILvM6AAAL, reason: client namespace disconnect
2026-08-18 12:42:03 [INFO]: 🔴 User 7 went offline
2026-08-18 12:42:03 [INFO]: 📊 Online users after disconnect: 
2026-08-18 12:42:03 [INFO]: 🔌 New WebSocket connection: 6ovz30Z8KbrilYQYAAAN
2026-08-18 12:42:03 [INFO]: 👤 User 7 registered on socket 6ovz30Z8KbrilYQYAAAN
2026-08-18 12:42:03 [INFO]: 📊 Online users: 7:1
2026-08-18 12:42:34 [INFO]: ❌ WebSocket disconnected: 6ovz30Z8KbrilYQYAAAN, reason: client namespace disconnect
2026-08-18 12:42:34 [INFO]: 🔴 User 7 went offline
2026-08-18 12:42:34 [INFO]: 📊 Online users after disconnect: 
2026-08-18 12:42:34 [INFO]: 🔌 New WebSocket connection: 1Qy3gxlplTKD5IiQAAAP
2026-08-18 12:42:34 [INFO]: 👤 User 7 registered on socket 1Qy3gxlplTKD5IiQAAAP
2026-08-18 12:42:34 [INFO]: 📊 Online users: 7:1
2026-08-18 12:43:05 [INFO]: ❌ WebSocket disconnected: 1Qy3gxlplTKD5IiQAAAP, reason: client namespace disconnect
2026-08-18 12:43:05 [INFO]: 🔴 User 7 went offline
2026-08-18 12:43:05 [INFO]: 📊 Online users after disconnect: 
2026-08-18 12:43:05 [INFO]: 🔌 New WebSocket connection: NFZAvTW1OGrj7RZAAAAR
2026-08-18 12:43:05 [INFO]: 👤 User 7 registered on socket NFZAvTW1OGrj7RZAAAAR
2026-08-18 12:43:05 [INFO]: 📊 Online users: 7:1
2026-08-18 12:43:36 [INFO]: ❌ WebSocket disconnected: NFZAvTW1OGrj7RZAAAAR, reason: client namespace disconnect
2026-08-18 12:43:36 [INFO]: 🔴 User 7 went offline
2026-08-18 12:43:36 [INFO]: 📊 Online users after disconnect: 
2026-08-18 12:43:36 [INFO]: 🔌 New WebSocket connection: HorI4jt2k0kaSWsTAAAT
2026-08-18 12:43:36 [INFO]: 👤 User 7 registered on socket HorI4jt2k0kaSWsTAAAT
2026-08-18 12:43:36 [INFO]: 📊 Online users: 7:1
2026-08-18 12:44:07 [INFO]: ❌ WebSocket disconnected: HorI4jt2k0kaSWsTAAAT, reason: client namespace disconnect
2026-08-18 12:44:07 [INFO]: 🔴 User 7 went offline
2026-08-18 12:44:07 [INFO]: 📊 Online users after disconnect: 
2026-08-18 12:44:07 [INFO]: 🔌 New WebSocket connection: oRaxeB2j7ylN9yboAAAV
2026-08-18 12:44:07 [INFO]: 👤 User 7 registered on socket oRaxeB2j7ylN9yboAAAV
2026-08-18 12:44:07 [INFO]: 📊 Online users: 7:1
2026-08-18 12:44:38 [INFO]: ❌ WebSocket disconnected: oRaxeB2j7ylN9yboAAAV, reason: client namespace disconnect
2026-08-18 12:44:38 [INFO]: 🔴 User 7 went offline
2026-08-18 12:44:38 [INFO]: 📊 Online users after disconnect: 
2026-08-18 12:44:38 [INFO]: 🔌 New WebSocket connection: ihtTqYDR26dihFYOAAAX
2026-08-18 12:44:38 [INFO]: 👤 User 7 registered on socket ihtTqYDR26dihFYOAAAX
2026-08-18 12:44:38 [INFO]: 📊 Online users: 7:1
2026-08-18 12:45:09 [INFO]: ❌ WebSocket disconnected: ihtTqYDR26dihFYOAAAX, reason: client namespace disconnect
2026-08-18 12:45:09 [INFO]: 🔴 User 7 went offline
2026-08-18 12:45:09 [INFO]: 📊 Online users after disconnect: 
2026-08-18 12:45:09 [INFO]: 🔌 New WebSocket connection: 5v4xcbFYJzpzzyyjAAAZ
2026-08-18 12:45:09 [INFO]: 👤 User 7 registered on socket 5v4xcbFYJzpzzyyjAAAZ
2026-08-18 12:45:09 [INFO]: 📊 Online users: 7:1
2026-08-18 12:45:40 [INFO]: ❌ WebSocket disconnected: 5v4xcbFYJzpzzyyjAAAZ, reason: client namespace disconnect
2026-08-18 12:45:40 [INFO]: 🔴 User 7 went offline
2026-08-18 12:45:40 [INFO]: 📊 Online users after disconnect: 
2026-08-18 12:45:40 [INFO]: 🔌 New WebSocket connection: jtrWKAEncpPP1Th8AAAb
2026-08-18 12:45:40 [INFO]: 👤 User 7 registered on socket jtrWKAEncpPP1Th8AAAb
2026-08-18 12:45:40 [INFO]: 📊 Online users: 7:1
2026-08-18 12:46:11 [INFO]: ❌ WebSocket disconnected: jtrWKAEncpPP1Th8AAAb, reason: client namespace disconnect
2026-08-18 12:46:11 [INFO]: 🔴 User 7 went offline
2026-08-18 12:46:11 [INFO]: 📊 Online users after disconnect: 
2026-08-18 12:46:11 [INFO]: 🔌 New WebSocket connection: mhQFa9aVm5NDW6veAAAd
2026-08-18 12:46:11 [INFO]: 👤 User 7 registered on socket mhQFa9aVm5NDW6veAAAd
2026-08-18 12:46:11 [INFO]: 📊 Online users: 7:1
2026-08-18 12:46:42 [INFO]: ❌ WebSocket disconnected: mhQFa9aVm5NDW6veAAAd, reason: client namespace disconnect
2026-08-18 12:46:42 [INFO]: 🔴 User 7 went offline
2026-08-18 12:46:42 [INFO]: 📊 Online users after disconnect: 
2026-08-18 12:46:42 [INFO]: 🔌 New WebSocket connection: qqTz92xH_Dez0Xf5AAAf
2026-08-18 12:46:42 [INFO]: 👤 User 7 registered on socket qqTz92xH_Dez0Xf5AAAf
2026-08-18 12:46:42 [INFO]: 📊 Online users: 7:1
2026-08-18 12:47:13 [INFO]: ❌ WebSocket disconnected: qqTz92xH_Dez0Xf5AAAf, reason: client namespace disconnect
2026-08-18 12:47:13 [INFO]: 🔴 User 7 went offline
2026-08-18 12:47:13 [INFO]: 📊 Online users after disconnect: 
2026-08-18 12:47:13 [INFO]: 🔌 New WebSocket connection: d_IJ9QwKAaUh3KKZAAAh
2026-08-18 12:47:13 [INFO]: 👤 User 7 registered on socket d_IJ9QwKAaUh3KKZAAAh
2026-08-18 12:47:13 [INFO]: 📊 Online users: 7:1
2026-08-18 12:47:44 [INFO]: ❌ WebSocket disconnected: d_IJ9QwKAaUh3KKZAAAh, reason: client namespace disconnect
2026-08-18 12:47:44 [INFO]: 🔴 User 7 went offline
2026-08-18 12:47:44 [INFO]: 📊 Online users after disconnect: 
2026-08-18 12:47:44 [INFO]: 🔌 New WebSocket connection: jX1bHHiyWhAEyd9JAAAj
2026-08-18 12:47:44 [INFO]: 👤 User 7 registered on socket jX1bHHiyWhAEyd9JAAAj
2026-08-18 12:47:44 [INFO]: 📊 Online users: 7:1
2026-08-18 12:48:15 [INFO]: ❌ WebSocket disconnected: jX1bHHiyWhAEyd9JAAAj, reason: client namespace disconnect
2026-08-18 12:48:15 [INFO]: 🔴 User 7 went offline
2026-08-18 12:48:15 [INFO]: 📊 Online users after disconnect: 
2026-08-18 12:48:15 [INFO]: 🔌 New WebSocket connection: or5q8tC8NAlJxw3cAAAl
2026-08-18 12:48:15 [INFO]: 👤 User 7 registered on socket or5q8tC8NAlJxw3cAAAl
2026-08-18 12:48:15 [INFO]: 📊 Online users: 7:1
2026-08-18 12:48:46 [INFO]: ❌ WebSocket disconnected: or5q8tC8NAlJxw3cAAAl, reason: client namespace disconnect
2026-08-18 12:48:46 [INFO]: 🔴 User 7 went offline
2026-08-18 12:48:46 [INFO]: 📊 Online users after disconnect: 
2026-08-18 12:48:46 [INFO]: 🔌 New WebSocket connection: 53vjCxa1jgo4DuLzAAAn
2026-08-18 12:48:46 [INFO]: 👤 User 7 registered on socket 53vjCxa1jgo4DuLzAAAn
2026-08-18 12:48:46 [INFO]: 📊 Online users: 7:1
2026-08-18 12:49:17 [INFO]: ❌ WebSocket disconnected: 53vjCxa1jgo4DuLzAAAn, reason: client namespace disconnect
2026-08-18 12:49:17 [INFO]: 🔴 User 7 went offline
2026-08-18 12:49:17 [INFO]: 📊 Online users after disconnect: 
2026-08-18 12:49:17 [INFO]: 🔌 New WebSocket connection: 3XtWGIWbuWINOUb9AAAp
2026-08-18 12:49:17 [INFO]: 👤 User 7 registered on socket 3XtWGIWbuWINOUb9AAAp
2026-08-18 12:49:17 [INFO]: 📊 Online users: 7:1
2026-08-18 12:49:48 [INFO]: ❌ WebSocket disconnected: 3XtWGIWbuWINOUb9AAAp, reason: client namespace disconnect
2026-08-18 12:49:48 [INFO]: 🔴 User 7 went offline
2026-08-18 12:49:48 [INFO]: 📊 Online users after disconnect: 
2026-08-18 12:49:48 [INFO]: 🔌 New WebSocket connection: 8uuDuhMkxP8d-R9iAAAr
2026-08-18 12:49:48 [INFO]: 👤 User 7 registered on socket 8uuDuhMkxP8d-R9iAAAr
2026-08-18 12:49:48 [INFO]: 📊 Online users: 7:1
2026-08-18 12:50:19 [INFO]: ❌ WebSocket disconnected: 8uuDuhMkxP8d-R9iAAAr, reason: client namespace disconnect
2026-08-18 12:50:19 [INFO]: 🔴 User 7 went offline
2026-08-18 12:50:19 [INFO]: 📊 Online users after disconnect: 
2026-08-18 12:50:19 [INFO]: 🔌 New WebSocket connection: xuRobJXnOkAZb9i5AAAt
2026-08-18 12:50:19 [INFO]: 👤 User 7 registered on socket xuRobJXnOkAZb9i5AAAt
2026-08-18 12:50:19 [INFO]: 📊 Online users: 7:1
2026-08-18 12:50:50 [INFO]: ❌ WebSocket disconnected: xuRobJXnOkAZb9i5AAAt, reason: client namespace disconnect
2026-08-18 12:50:50 [INFO]: 🔴 User 7 went offline
2026-08-18 12:50:50 [INFO]: 📊 Online users after disconnect: 
2026-08-18 12:50:50 [INFO]: 🔌 New WebSocket connection: gv8EY2sp9ColLpHeAAAv
2026-08-18 12:50:50 [INFO]: 👤 User 7 registered on socket gv8EY2sp9ColLpHeAAAv
2026-08-18 12:50:50 [INFO]: 📊 Online users: 7:1
2026-08-18 12:51:21 [INFO]: ❌ WebSocket disconnected: gv8EY2sp9ColLpHeAAAv, reason: client namespace disconnect
2026-08-18 12:51:21 [INFO]: 🔴 User 7 went offline
2026-08-18 12:51:21 [INFO]: 📊 Online users after disconnect: 
2026-08-18 12:51:21 [INFO]: 🔌 New WebSocket connection: EXuX_oGpu2lFBs0AAAAx
2026-08-18 12:51:21 [INFO]: 👤 User 7 registered on socket EXuX_oGpu2lFBs0AAAAx
2026-08-18 12:51:21 [INFO]: 📊 Online users: 7:1
2026-08-18 12:51:52 [INFO]: ❌ WebSocket disconnected: EXuX_oGpu2lFBs0AAAAx, reason: client namespace disconnect
2026-08-18 12:51:52 [INFO]: 🔴 User 7 went offline
2026-08-18 12:51:52 [INFO]: 📊 Online users after disconnect: 
2026-08-18 12:51:52 [INFO]: 🔌 New WebSocket connection: E_BV2CjeZOENtFbNAAAz
2026-08-18 12:51:52 [INFO]: 👤 User 7 registered on socket E_BV2CjeZOENtFbNAAAz
2026-08-18 12:51:52 [INFO]: 📊 Online users: 7:1
2026-08-18 12:52:23 [INFO]: ❌ WebSocket disconnected: E_BV2CjeZOENtFbNAAAz, reason: client namespace disconnect
2026-08-18 12:52:23 [INFO]: 🔴 User 7 went offline
2026-08-18 12:52:23 [INFO]: 📊 Online users after disconnect: 
2026-08-18 12:52:23 [INFO]: 🔌 New WebSocket connection: ctTKdpz2ITPM7WTFAAA1
2026-08-18 12:52:23 [INFO]: 👤 User 7 registered on socket ctTKdpz2ITPM7WTFAAA1
2026-08-18 12:52:23 [INFO]: 📊 Online users: 7:1
2026-08-18 12:52:54 [INFO]: ❌ WebSocket disconnected: ctTKdpz2ITPM7WTFAAA1, reason: client namespace disconnect
2026-08-18 12:52:54 [INFO]: 🔴 User 7 went offline
2026-08-18 12:52:54 [INFO]: 📊 Online users after disconnect: 
2026-08-18 12:52:54 [INFO]: 🔌 New WebSocket connection: Ubc1jshBY8lgBtXrAAA3
2026-08-18 12:52:54 [INFO]: 👤 User 7 registered on socket Ubc1jshBY8lgBtXrAAA3
2026-08-18 12:52:54 [INFO]: 📊 Online users: 7:1
2026-08-18 12:53:25 [INFO]: ❌ WebSocket disconnected: Ubc1jshBY8lgBtXrAAA3, reason: client namespace disconnect
2026-08-18 12:53:25 [INFO]: 🔴 User 7 went offline
2026-08-18 12:53:25 [INFO]: 📊 Online users after disconnect: 
2026-08-18 12:53:25 [INFO]: 🔌 New WebSocket connection: 8SCUaRDN3kC0RC45AAA5
2026-08-18 12:53:25 [INFO]: 👤 User 7 registered on socket 8SCUaRDN3kC0RC45AAA5
2026-08-18 12:53:25 [INFO]: 📊 Online users: 7:1
2026-08-18 12:53:56 [INFO]: ❌ WebSocket disconnected: 8SCUaRDN3kC0RC45AAA5, reason: client namespace disconnect
2026-08-18 12:53:56 [INFO]: 🔴 User 7 went offline
2026-08-18 12:53:56 [INFO]: 📊 Online users after disconnect: 
2026-08-18 12:53:56 [INFO]: 🔌 New WebSocket connection: tayr2cq-DY_5R110AAA7
2026-08-18 12:53:56 [INFO]: 👤 User 7 registered on socket tayr2cq-DY_5R110AAA7
2026-08-18 12:53:56 [INFO]: 📊 Online users: 7:1
2026-08-18 12:54:27 [INFO]: ❌ WebSocket disconnected: tayr2cq-DY_5R110AAA7, reason: client namespace disconnect
2026-08-18 12:54:27 [INFO]: 🔴 User 7 went offline
2026-08-18 12:54:27 [INFO]: 📊 Online users after disconnect: 
2026-08-18 12:54:27 [INFO]: 🔌 New WebSocket connection: EoQWk5tLB9SU6kGlAAA9
2026-08-18 12:54:27 [INFO]: 👤 User 7 registered on socket EoQWk5tLB9SU6kGlAAA9
2026-08-18 12:54:27 [INFO]: 📊 Online users: 7:1
2026-08-18 12:54:58 [INFO]: ❌ WebSocket disconnected: EoQWk5tLB9SU6kGlAAA9, reason: client namespace disconnect
2026-08-18 12:54:58 [INFO]: 🔴 User 7 went offline
2026-08-18 12:54:58 [INFO]: 📊 Online users after disconnect: 
2026-08-18 12:54:58 [INFO]: 🔌 New WebSocket connection: 78F_Qg_gnUyFTHKgAAA_
2026-08-18 12:54:58 [INFO]: 👤 User 7 registered on socket 78F_Qg_gnUyFTHKgAAA_
2026-08-18 12:54:58 [INFO]: 📊 Online users: 7:1
2026-08-18 12:55:29 [INFO]: ❌ WebSocket disconnected: 78F_Qg_gnUyFTHKgAAA_, reason: client namespace disconnect
2026-08-18 12:55:29 [INFO]: 🔴 User 7 went offline
2026-08-18 12:55:29 [INFO]: 📊 Online users after disconnect: 
2026-08-18 12:55:29 [INFO]: 🔌 New WebSocket connection: -p6JpHY7exh85KoKAABB
2026-08-18 12:55:29 [INFO]: 👤 User 7 registered on socket -p6JpHY7exh85KoKAABB
2026-08-18 12:55:29 [INFO]: 📊 Online users: 7:1
2026-08-18 12:56:00 [INFO]: ❌ WebSocket disconnected: -p6JpHY7exh85KoKAABB, reason: client namespace disconnect
2026-08-18 12:56:00 [INFO]: 🔴 User 7 went offline
2026-08-18 12:56:00 [INFO]: 📊 Online users after disconnect: 
2026-08-18 12:56:00 [INFO]: 🔌 New WebSocket connection: pA4cvKEOk_ygz0fxAABD
2026-08-18 12:56:00 [INFO]: 👤 User 7 registered on socket pA4cvKEOk_ygz0fxAABD
2026-08-18 12:56:00 [INFO]: 📊 Online users: 7:1
2026-08-18 12:56:31 [INFO]: ❌ WebSocket disconnected: pA4cvKEOk_ygz0fxAABD, reason: client namespace disconnect
2026-08-18 12:56:31 [INFO]: 🔴 User 7 went offline
2026-08-18 12:56:31 [INFO]: 📊 Online users after disconnect: 
2026-08-18 12:56:31 [INFO]: 🔌 New WebSocket connection: IISInU7nO--TvzdEAABF
2026-08-18 12:56:31 [INFO]: 👤 User 7 registered on socket IISInU7nO--TvzdEAABF
2026-08-18 12:56:31 [INFO]: 📊 Online users: 7:1
2026-08-18 12:57:02 [INFO]: ❌ WebSocket disconnected: IISInU7nO--TvzdEAABF, reason: client namespace disconnect
2026-08-18 12:57:02 [INFO]: 🔴 User 7 went offline
2026-08-18 12:57:02 [INFO]: 📊 Online users after disconnect: 
2026-08-18 12:57:02 [INFO]: 🔌 New WebSocket connection: b6PBrlLma4Z1bu1uAABH
2026-08-18 12:57:02 [INFO]: 👤 User 7 registered on socket b6PBrlLma4Z1bu1uAABH
2026-08-18 12:57:02 [INFO]: 📊 Online users: 7:1
2026-08-18 12:57:33 [INFO]: ❌ WebSocket disconnected: b6PBrlLma4Z1bu1uAABH, reason: client namespace disconnect
2026-08-18 12:57:33 [INFO]: 🔴 User 7 went offline
2026-08-18 12:57:33 [INFO]: 📊 Online users after disconnect: 
2026-08-18 12:57:33 [INFO]: 🔌 New WebSocket connection: cPRWy5zAK2DHryIxAABJ
2026-08-18 12:57:33 [INFO]: 👤 User 7 registered on socket cPRWy5zAK2DHryIxAABJ
2026-08-18 12:57:33 [INFO]: 📊 Online users: 7:1
2026-08-18 12:58:04 [INFO]: ❌ WebSocket disconnected: cPRWy5zAK2DHryIxAABJ, reason: client namespace disconnect
2026-08-18 12:58:04 [INFO]: 🔴 User 7 went offline
2026-08-18 12:58:04 [INFO]: 📊 Online users after disconnect: 
2026-08-18 12:58:04 [INFO]: 🔌 New WebSocket connection: -xFwy4F0VU4Ou3BFAABL
2026-08-18 12:58:04 [INFO]: 👤 User 7 registered on socket -xFwy4F0VU4Ou3BFAABL
2026-08-18 12:58:04 [INFO]: 📊 Online users: 7:1
2026-08-18 12:58:35 [INFO]: ❌ WebSocket disconnected: -xFwy4F0VU4Ou3BFAABL, reason: client namespace disconnect
2026-08-18 12:58:35 [INFO]: 🔴 User 7 went offline
2026-08-18 12:58:35 [INFO]: 📊 Online users after disconnect: 
2026-08-18 12:58:35 [INFO]: 🔌 New WebSocket connection: n2MV3c-2RhCDZum2AABN
2026-08-18 12:58:35 [INFO]: 👤 User 7 registered on socket n2MV3c-2RhCDZum2AABN
2026-08-18 12:58:35 [INFO]: 📊 Online users: 7:1
2026-08-18 12:59:06 [INFO]: ❌ WebSocket disconnected: n2MV3c-2RhCDZum2AABN, reason: client namespace disconnect
2026-08-18 12:59:06 [INFO]: 🔴 User 7 went offline
2026-08-18 12:59:06 [INFO]: 📊 Online users after disconnect: 
2026-08-18 12:59:06 [INFO]: 🔌 New WebSocket connection: n5qUn5DwjSvyDQYaAABP
2026-08-18 12:59:06 [INFO]: 👤 User 7 registered on socket n5qUn5DwjSvyDQYaAABP
2026-08-18 12:59:06 [INFO]: 📊 Online users: 7:1
2026-08-18 12:59:37 [INFO]: ❌ WebSocket disconnected: n5qUn5DwjSvyDQYaAABP, reason: client namespace disconnect
2026-08-18 12:59:37 [INFO]: 🔴 User 7 went offline
2026-08-18 12:59:37 [INFO]: 📊 Online users after disconnect: 
2026-08-18 12:59:37 [INFO]: 🔌 New WebSocket connection: 0FY8gFNdohw_1FmLAABR
2026-08-18 12:59:37 [INFO]: 👤 User 7 registered on socket 0FY8gFNdohw_1FmLAABR
2026-08-18 12:59:37 [INFO]: 📊 Online users: 7:1
2026-08-18 13:00:08 [INFO]: ❌ WebSocket disconnected: 0FY8gFNdohw_1FmLAABR, reason: client namespace disconnect
2026-08-18 13:00:08 [INFO]: 🔴 User 7 went offline
2026-08-18 13:00:08 [INFO]: 📊 Online users after disconnect: 
2026-08-18 13:00:08 [INFO]: 🔌 New WebSocket connection: HApzsY4iO6F1Ot9NAABT
2026-08-18 13:00:08 [INFO]: 👤 User 7 registered on socket HApzsY4iO6F1Ot9NAABT
2026-08-18 13:00:08 [INFO]: 📊 Online users: 7:1
2026-08-18 13:00:39 [INFO]: ❌ WebSocket disconnected: HApzsY4iO6F1Ot9NAABT, reason: client namespace disconnect
2026-08-18 13:00:39 [INFO]: 🔴 User 7 went offline
2026-08-18 13:00:39 [INFO]: 📊 Online users after disconnect: 
2026-08-18 13:00:39 [INFO]: 🔌 New WebSocket connection: 2mrO-Bdp_ox1KPL5AABV
2026-08-18 13:00:39 [INFO]: 👤 User 7 registered on socket 2mrO-Bdp_ox1KPL5AABV
2026-08-18 13:00:39 [INFO]: 📊 Online users: 7:1
2026-08-18 13:01:10 [INFO]: ❌ WebSocket disconnected: 2mrO-Bdp_ox1KPL5AABV, reason: client namespace disconnect
2026-08-18 13:01:10 [INFO]: 🔴 User 7 went offline
2026-08-18 13:01:10 [INFO]: 📊 Online users after disconnect: 
2026-08-18 13:01:10 [INFO]: 🔌 New WebSocket connection: XMXoyEJ2ptIqaMOjAABX
2026-08-18 13:01:10 [INFO]: 👤 User 7 registered on socket XMXoyEJ2ptIqaMOjAABX
2026-08-18 13:01:10 [INFO]: 📊 Online users: 7:1
2026-08-18 13:01:41 [INFO]: ❌ WebSocket disconnected: XMXoyEJ2ptIqaMOjAABX, reason: client namespace disconnect
2026-08-18 13:01:41 [INFO]: 🔴 User 7 went offline
2026-08-18 13:01:41 [INFO]: 📊 Online users after disconnect: 
2026-08-18 13:01:41 [INFO]: 🔌 New WebSocket connection: MhbdEgiTBR1J3II5AABZ
2026-08-18 13:01:41 [INFO]: 👤 User 7 registered on socket MhbdEgiTBR1J3II5AABZ
2026-08-18 13:01:41 [INFO]: 📊 Online users: 7:1
2026-08-18 13:02:12 [INFO]: ❌ WebSocket disconnected: MhbdEgiTBR1J3II5AABZ, reason: client namespace disconnect
2026-08-18 13:02:12 [INFO]: 🔴 User 7 went offline
2026-08-18 13:02:12 [INFO]: 📊 Online users after disconnect: 
2026-08-18 13:02:12 [INFO]: 🔌 New WebSocket connection: D9fABi8WLjGMjs5vAABb
2026-08-18 13:02:12 [INFO]: 👤 User 7 registered on socket D9fABi8WLjGMjs5vAABb
2026-08-18 13:02:12 [INFO]: 📊 Online users: 7:1
2026-08-18 13:02:43 [INFO]: ❌ WebSocket disconnected: D9fABi8WLjGMjs5vAABb, reason: client namespace disconnect
2026-08-18 13:02:43 [INFO]: 🔴 User 7 went offline
2026-08-18 13:02:43 [INFO]: 📊 Online users after disconnect: 
2026-08-18 13:02:43 [INFO]: 🔌 New WebSocket connection: C6vne-wEkk19oskwAABd
2026-08-18 13:02:43 [INFO]: 👤 User 7 registered on socket C6vne-wEkk19oskwAABd
2026-08-18 13:02:43 [INFO]: 📊 Online users: 7:1
2026-08-18 13:03:14 [INFO]: ❌ WebSocket disconnected: C6vne-wEkk19oskwAABd, reason: client namespace disconnect
2026-08-18 13:03:14 [INFO]: 🔴 User 7 went offline
2026-08-18 13:03:14 [INFO]: 📊 Online users after disconnect: 
2026-08-18 13:03:15 [INFO]: 🔌 New WebSocket connection: jc-MEUccpmq8gU-GAABf
2026-08-18 13:03:15 [INFO]: 👤 User 7 registered on socket jc-MEUccpmq8gU-GAABf
2026-08-18 13:03:15 [INFO]: 📊 Online users: 7:1
2026-08-18 13:03:46 [INFO]: ❌ WebSocket disconnected: jc-MEUccpmq8gU-GAABf, reason: client namespace disconnect
2026-08-18 13:03:46 [INFO]: 🔴 User 7 went offline
2026-08-18 13:03:46 [INFO]: 📊 Online users after disconnect: 
2026-08-18 13:03:46 [INFO]: 🔌 New WebSocket connection: KUYd0nIhkI81RRNgAABh
2026-08-18 13:03:46 [INFO]: 👤 User 7 registered on socket KUYd0nIhkI81RRNgAABh
2026-08-18 13:03:46 [INFO]: 📊 Online users: 7:1
2026-08-18 13:04:17 [INFO]: ❌ WebSocket disconnected: KUYd0nIhkI81RRNgAABh, reason: client namespace disconnect
2026-08-18 13:04:17 [INFO]: 🔴 User 7 went offline
2026-08-18 13:04:17 [INFO]: 📊 Online users after disconnect: 
2026-08-18 13:04:17 [INFO]: 🔌 New WebSocket connection: P5QRFciFO6FeDlz0AABj
2026-08-18 13:04:17 [INFO]: 👤 User 7 registered on socket P5QRFciFO6FeDlz0AABj
2026-08-18 13:04:17 [INFO]: 📊 Online users: 7:1
2026-08-18 13:04:48 [INFO]: ❌ WebSocket disconnected: P5QRFciFO6FeDlz0AABj, reason: client namespace disconnect
2026-08-18 13:04:48 [INFO]: 🔴 User 7 went offline
2026-08-18 13:04:48 [INFO]: 📊 Online users after disconnect: 
2026-08-18 13:04:48 [INFO]: 🔌 New WebSocket connection: eSfPHLxtTiIWFD-CAABl
2026-08-18 13:04:48 [INFO]: 👤 User 7 registered on socket eSfPHLxtTiIWFD-CAABl
2026-08-18 13:04:48 [INFO]: 📊 Online users: 7:1
2026-08-18 13:05:19 [INFO]: ❌ WebSocket disconnected: eSfPHLxtTiIWFD-CAABl, reason: client namespace disconnect
2026-08-18 13:05:19 [INFO]: 🔴 User 7 went offline
2026-08-18 13:05:19 [INFO]: 📊 Online users after disconnect: 
2026-08-18 13:05:19 [INFO]: 🔌 New WebSocket connection: VQcAAPod26SCr0JxAABn
2026-08-18 13:05:19 [INFO]: 👤 User 7 registered on socket VQcAAPod26SCr0JxAABn
2026-08-18 13:05:19 [INFO]: 📊 Online users: 7:1
2026-08-18 13:05:50 [INFO]: ❌ WebSocket disconnected: VQcAAPod26SCr0JxAABn, reason: client namespace disconnect
2026-08-18 13:05:50 [INFO]: 🔴 User 7 went offline
2026-08-18 13:05:50 [INFO]: 📊 Online users after disconnect: 
2026-08-18 13:05:50 [INFO]: 🔌 New WebSocket connection: 7do6RDOpXhxqsXDjAABp
2026-08-18 13:05:50 [INFO]: 👤 User 7 registered on socket 7do6RDOpXhxqsXDjAABp
2026-08-18 13:05:50 [INFO]: 📊 Online users: 7:1
2026-08-18 13:06:21 [INFO]: ❌ WebSocket disconnected: 7do6RDOpXhxqsXDjAABp, reason: client namespace disconnect
2026-08-18 13:06:21 [INFO]: 🔴 User 7 went offline
2026-08-18 13:06:21 [INFO]: 📊 Online users after disconnect: 
2026-08-18 13:06:21 [INFO]: 🔌 New WebSocket connection: PDQ-GoUCt-jrp_mxAABr
2026-08-18 13:06:21 [INFO]: 👤 User 7 registered on socket PDQ-GoUCt-jrp_mxAABr
2026-08-18 13:06:21 [INFO]: 📊 Online users: 7:1
2026-08-18 13:06:52 [INFO]: ❌ WebSocket disconnected: PDQ-GoUCt-jrp_mxAABr, reason: client namespace disconnect
2026-08-18 13:06:52 [INFO]: 🔴 User 7 went offline
2026-08-18 13:06:52 [INFO]: 📊 Online users after disconnect: 
2026-08-18 13:06:52 [INFO]: 🔌 New WebSocket connection: xubx7Spvwk9BFDKLAABt
2026-08-18 13:06:52 [INFO]: 👤 User 7 registered on socket xubx7Spvwk9BFDKLAABt
2026-08-18 13:06:52 [INFO]: 📊 Online users: 7:1
2026-08-18 13:07:23 [INFO]: ❌ WebSocket disconnected: xubx7Spvwk9BFDKLAABt, reason: client namespace disconnect
2026-08-18 13:07:23 [INFO]: 🔴 User 7 went offline
2026-08-18 13:07:23 [INFO]: 📊 Online users after disconnect: 
2026-08-18 13:07:23 [INFO]: 🔌 New WebSocket connection: hqtcpS_NzWBe9SOxAABv
2026-08-18 13:07:23 [INFO]: 👤 User 7 registered on socket hqtcpS_NzWBe9SOxAABv
2026-08-18 13:07:23 [INFO]: 📊 Online users: 7:1
2026-08-18 13:07:54 [INFO]: ❌ WebSocket disconnected: hqtcpS_NzWBe9SOxAABv, reason: client namespace disconnect
2026-08-18 13:07:54 [INFO]: 🔴 User 7 went offline
2026-08-18 13:07:54 [INFO]: 📊 Online users after disconnect: 
2026-08-18 13:07:54 [INFO]: 🔌 New WebSocket connection: KOW4GErbDceOjyI0AABx
2026-08-18 13:07:54 [INFO]: 👤 User 7 registered on socket KOW4GErbDceOjyI0AABx
2026-08-18 13:07:54 [INFO]: 📊 Online users: 7:1
2026-08-18 13:08:25 [INFO]: ❌ WebSocket disconnected: KOW4GErbDceOjyI0AABx, reason: client namespace disconnect
2026-08-18 13:08:25 [INFO]: 🔴 User 7 went offline
2026-08-18 13:08:25 [INFO]: 📊 Online users after disconnect: 
2026-08-18 13:08:25 [INFO]: 🔌 New WebSocket connection: zbJ5NrZdnwvYijOyAABz
2026-08-18 13:08:25 [INFO]: 👤 User 7 registered on socket zbJ5NrZdnwvYijOyAABz
2026-08-18 13:08:25 [INFO]: 📊 Online users: 7:1
2026-08-18 13:08:56 [INFO]: ❌ WebSocket disconnected: zbJ5NrZdnwvYijOyAABz, reason: client namespace disconnect
2026-08-18 13:08:56 [INFO]: 🔴 User 7 went offline
2026-08-18 13:08:56 [INFO]: 📊 Online users after disconnect: 
2026-08-18 13:08:56 [INFO]: 🔌 New WebSocket connection: w2HTNmCZgL8xUMELAAB1
2026-08-18 13:08:56 [INFO]: 👤 User 7 registered on socket w2HTNmCZgL8xUMELAAB1
2026-08-18 13:08:56 [INFO]: 📊 Online users: 7:1
2026-08-18 13:09:27 [INFO]: ❌ WebSocket disconnected: w2HTNmCZgL8xUMELAAB1, reason: client namespace disconnect
2026-08-18 13:09:27 [INFO]: 🔴 User 7 went offline
2026-08-18 13:09:27 [INFO]: 📊 Online users after disconnect: 
2026-08-18 13:09:27 [INFO]: 🔌 New WebSocket connection: 0nS_pT8h2sETvKq0AAB3
2026-08-18 13:09:27 [INFO]: 👤 User 7 registered on socket 0nS_pT8h2sETvKq0AAB3
2026-08-18 13:09:27 [INFO]: 📊 Online users: 7:1
2026-08-18 13:09:58 [INFO]: ❌ WebSocket disconnected: 0nS_pT8h2sETvKq0AAB3, reason: client namespace disconnect
2026-08-18 13:09:58 [INFO]: 🔴 User 7 went offline
2026-08-18 13:09:58 [INFO]: 📊 Online users after disconnect: 
2026-08-18 13:09:58 [INFO]: 🔌 New WebSocket connection: LXUQTrUM6Qgn2vyqAAB5
2026-08-18 13:09:58 [INFO]: 👤 User 7 registered on socket LXUQTrUM6Qgn2vyqAAB5
2026-08-18 13:09:58 [INFO]: 📊 Online users: 7:1
2026-08-18 13:10:29 [INFO]: ❌ WebSocket disconnected: LXUQTrUM6Qgn2vyqAAB5, reason: client namespace disconnect
2026-08-18 13:10:29 [INFO]: 🔴 User 7 went offline
2026-08-18 13:10:29 [INFO]: 📊 Online users after disconnect: 
2026-08-18 13:10:29 [INFO]: 🔌 New WebSocket connection: nsew8dAxdW7W5jU2AAB7
2026-08-18 13:10:29 [INFO]: 👤 User 7 registered on socket nsew8dAxdW7W5jU2AAB7
2026-08-18 13:10:29 [INFO]: 📊 Online users: 7:1
2026-08-18 13:11:00 [INFO]: ❌ WebSocket disconnected: nsew8dAxdW7W5jU2AAB7, reason: client namespace disconnect
2026-08-18 13:11:00 [INFO]: 🔴 User 7 went offline
2026-08-18 13:11:00 [INFO]: 📊 Online users after disconnect: 
2026-08-18 13:11:00 [INFO]: 🔌 New WebSocket connection: W5uggrwlfUFOvfCHAAB9
2026-08-18 13:11:00 [INFO]: 👤 User 7 registered on socket W5uggrwlfUFOvfCHAAB9
2026-08-18 13:11:00 [INFO]: 📊 Online users: 7:1
2026-08-18 13:11:31 [INFO]: ❌ WebSocket disconnected: W5uggrwlfUFOvfCHAAB9, reason: client namespace disconnect
2026-08-18 13:11:31 [INFO]: 🔴 User 7 went offline
2026-08-18 13:11:31 [INFO]: 📊 Online users after disconnect: 
2026-08-18 13:11:31 [INFO]: 🔌 New WebSocket connection: Hb18rpW8IebpKWMeAAB_
2026-08-18 13:11:31 [INFO]: 👤 User 7 registered on socket Hb18rpW8IebpKWMeAAB_
2026-08-18 13:11:31 [INFO]: 📊 Online users: 7:1
2026-08-18 13:12:02 [INFO]: ❌ WebSocket disconnected: Hb18rpW8IebpKWMeAAB_, reason: client namespace disconnect
2026-08-18 13:12:02 [INFO]: 🔴 User 7 went offline
2026-08-18 13:12:02 [INFO]: 📊 Online users after disconnect: 
2026-08-18 13:12:02 [INFO]: 🔌 New WebSocket connection: hOYM7kwP7HKP2lP9AACB
2026-08-18 13:12:02 [INFO]: 👤 User 7 registered on socket hOYM7kwP7HKP2lP9AACB
2026-08-18 13:12:02 [INFO]: 📊 Online users: 7:1
2026-08-18 13:12:33 [INFO]: ❌ WebSocket disconnected: hOYM7kwP7HKP2lP9AACB, reason: client namespace disconnect
2026-08-18 13:12:33 [INFO]: 🔴 User 7 went offline
2026-08-18 13:12:33 [INFO]: 📊 Online users after disconnect: 
2026-08-18 13:12:33 [INFO]: 🔌 New WebSocket connection: xlF1QkjlBG3p3S1KAACD
2026-08-18 13:12:33 [INFO]: 👤 User 7 registered on socket xlF1QkjlBG3p3S1KAACD
2026-08-18 13:12:33 [INFO]: 📊 Online users: 7:1
2026-08-18 13:13:04 [INFO]: ❌ WebSocket disconnected: xlF1QkjlBG3p3S1KAACD, reason: client namespace disconnect
2026-08-18 13:13:04 [INFO]: 🔴 User 7 went offline
2026-08-18 13:13:04 [INFO]: 📊 Online users after disconnect: 
2026-08-18 13:13:04 [INFO]: 🔌 New WebSocket connection: 1ZMKZiSNnQcfn-J3AACF
2026-08-18 13:13:04 [INFO]: 👤 User 7 registered on socket 1ZMKZiSNnQcfn-J3AACF
2026-08-18 13:13:04 [INFO]: 📊 Online users: 7:1
2026-08-18 13:13:35 [INFO]: ❌ WebSocket disconnected: 1ZMKZiSNnQcfn-J3AACF, reason: client namespace disconnect
2026-08-18 13:13:35 [INFO]: 🔴 User 7 went offline
2026-08-18 13:13:35 [INFO]: 📊 Online users after disconnect: 
2026-08-18 13:13:35 [INFO]: 🔌 New WebSocket connection: ml9pcN6-kzlCitdIAACH
2026-08-18 13:13:35 [INFO]: 👤 User 7 registered on socket ml9pcN6-kzlCitdIAACH
2026-08-18 13:13:35 [INFO]: 📊 Online users: 7:1
2026-08-18 13:14:06 [INFO]: ❌ WebSocket disconnected: ml9pcN6-kzlCitdIAACH, reason: client namespace disconnect
2026-08-18 13:14:06 [INFO]: 🔴 User 7 went offline
2026-08-18 13:14:06 [INFO]: 📊 Online users after disconnect: 
2026-08-18 13:14:06 [INFO]: 🔌 New WebSocket connection: Fs6SutXA89fIzN_rAACJ
2026-08-18 13:14:06 [INFO]: 👤 User 7 registered on socket Fs6SutXA89fIzN_rAACJ
2026-08-18 13:14:06 [INFO]: 📊 Online users: 7:1
2026-08-18 13:14:37 [INFO]: ❌ WebSocket disconnected: Fs6SutXA89fIzN_rAACJ, reason: client namespace disconnect
2026-08-18 13:14:37 [INFO]: 🔴 User 7 went offline
2026-08-18 13:14:37 [INFO]: 📊 Online users after disconnect: 
2026-08-18 13:14:37 [INFO]: 🔌 New WebSocket connection: iPbEErVvUw6YfosaAACL
2026-08-18 13:14:37 [INFO]: 👤 User 7 registered on socket iPbEErVvUw6YfosaAACL
2026-08-18 13:14:37 [INFO]: 📊 Online users: 7:1
2026-08-18 13:15:08 [INFO]: ❌ WebSocket disconnected: iPbEErVvUw6YfosaAACL, reason: client namespace disconnect
2026-08-18 13:15:08 [INFO]: 🔴 User 7 went offline
2026-08-18 13:15:08 [INFO]: 📊 Online users after disconnect: 
2026-08-18 13:15:08 [INFO]: 🔌 New WebSocket connection: 2q8UcGEaxvPYnLpdAACN
2026-08-18 13:15:08 [INFO]: 👤 User 7 registered on socket 2q8UcGEaxvPYnLpdAACN
2026-08-18 13:15:08 [INFO]: 📊 Online users: 7:1
2026-08-18 13:15:39 [INFO]: ❌ WebSocket disconnected: 2q8UcGEaxvPYnLpdAACN, reason: client namespace disconnect
2026-08-18 13:15:39 [INFO]: 🔴 User 7 went offline
2026-08-18 13:15:39 [INFO]: 📊 Online users after disconnect: 
2026-08-18 13:15:40 [INFO]: 🔌 New WebSocket connection: 3zk6uhnadVwxt1BSAACP
2026-08-18 13:15:40 [INFO]: 👤 User 7 registered on socket 3zk6uhnadVwxt1BSAACP
2026-08-18 13:15:40 [INFO]: 📊 Online users: 7:1
2026-08-18 13:16:11 [INFO]: ❌ WebSocket disconnected: 3zk6uhnadVwxt1BSAACP, reason: client namespace disconnect
2026-08-18 13:16:11 [INFO]: 🔴 User 7 went offline
2026-08-18 13:16:11 [INFO]: 📊 Online users after disconnect: 
2026-08-18 13:16:11 [INFO]: 🔌 New WebSocket connection: hUXqXJERvGBuDIhaAACR
2026-08-18 13:16:11 [INFO]: 👤 User 7 registered on socket hUXqXJERvGBuDIhaAACR
2026-08-18 13:16:11 [INFO]: 📊 Online users: 7:1
2026-08-18 13:16:42 [INFO]: ❌ WebSocket disconnected: hUXqXJERvGBuDIhaAACR, reason: client namespace disconnect
2026-08-18 13:16:42 [INFO]: 🔴 User 7 went offline
2026-08-18 13:16:42 [INFO]: 📊 Online users after disconnect: 
2026-08-18 13:16:42 [INFO]: 🔌 New WebSocket connection: zciXm7dxofToJBB4AACT
2026-08-18 13:16:42 [INFO]: 👤 User 7 registered on socket zciXm7dxofToJBB4AACT
2026-08-18 13:16:42 [INFO]: 📊 Online users: 7:1
2026-08-18 13:17:13 [INFO]: ❌ WebSocket disconnected: zciXm7dxofToJBB4AACT, reason: client namespace disconnect
2026-08-18 13:17:13 [INFO]: 🔴 User 7 went offline
2026-08-18 13:17:13 [INFO]: 📊 Online users after disconnect: 
2026-08-18 13:17:13 [INFO]: 🔌 New WebSocket connection: LAuGMw76meVoR0X2AACV
2026-08-18 13:17:13 [INFO]: 👤 User 7 registered on socket LAuGMw76meVoR0X2AACV
2026-08-18 13:17:13 [INFO]: 📊 Online users: 7:1
2026-08-18 13:17:44 [INFO]: ❌ WebSocket disconnected: LAuGMw76meVoR0X2AACV, reason: client namespace disconnect
2026-08-18 13:17:44 [INFO]: 🔴 User 7 went offline
2026-08-18 13:17:44 [INFO]: 📊 Online users after disconnect: 
2026-08-18 13:17:44 [INFO]: 🔌 New WebSocket connection: 10i7vh6Vse4JxzRPAACX
2026-08-18 13:17:44 [INFO]: 👤 User 7 registered on socket 10i7vh6Vse4JxzRPAACX
2026-08-18 13:17:44 [INFO]: 📊 Online users: 7:1
2026-08-18 13:18:15 [INFO]: ❌ WebSocket disconnected: 10i7vh6Vse4JxzRPAACX, reason: client namespace disconnect
2026-08-18 13:18:15 [INFO]: 🔴 User 7 went offline
2026-08-18 13:18:15 [INFO]: 📊 Online users after disconnect: 
2026-08-18 13:18:15 [INFO]: 🔌 New WebSocket connection: 7BzziGblc9L6b5JzAACZ
2026-08-18 13:18:15 [INFO]: 👤 User 7 registered on socket 7BzziGblc9L6b5JzAACZ
2026-08-18 13:18:15 [INFO]: 📊 Online users: 7:1
2026-08-18 13:18:46 [INFO]: ❌ WebSocket disconnected: 7BzziGblc9L6b5JzAACZ, reason: client namespace disconnect
2026-08-18 13:18:46 [INFO]: 🔴 User 7 went offline
2026-08-18 13:18:46 [INFO]: 📊 Online users after disconnect: 
2026-08-18 13:18:46 [INFO]: 🔌 New WebSocket connection: yZ-s8t_wX-LkPDyxAACb
2026-08-18 13:18:46 [INFO]: 👤 User 7 registered on socket yZ-s8t_wX-LkPDyxAACb
2026-08-18 13:18:46 [INFO]: 📊 Online users: 7:1
2026-08-18 13:19:17 [INFO]: ❌ WebSocket disconnected: yZ-s8t_wX-LkPDyxAACb, reason: client namespace disconnect
2026-08-18 13:19:17 [INFO]: 🔴 User 7 went offline
2026-08-18 13:19:17 [INFO]: 📊 Online users after disconnect: 
2026-08-18 13:19:17 [INFO]: 🔌 New WebSocket connection: FHH5rlp9VoUpMf4-AACd
2026-08-18 13:19:17 [INFO]: 👤 User 7 registered on socket FHH5rlp9VoUpMf4-AACd
2026-08-18 13:19:17 [INFO]: 📊 Online users: 7:1
2026-08-18 13:19:48 [INFO]: ❌ WebSocket disconnected: FHH5rlp9VoUpMf4-AACd, reason: client namespace disconnect
2026-08-18 13:19:48 [INFO]: 🔴 User 7 went offline
2026-08-18 13:19:48 [INFO]: 📊 Online users after disconnect: 
2026-08-18 13:19:48 [INFO]: 🔌 New WebSocket connection: -2lgspgVXxDrOcG2AACf
2026-08-18 13:19:48 [INFO]: 👤 User 7 registered on socket -2lgspgVXxDrOcG2AACf
2026-08-18 13:19:48 [INFO]: 📊 Online users: 7:1
2026-08-18 13:20:19 [INFO]: ❌ WebSocket disconnected: -2lgspgVXxDrOcG2AACf, reason: client namespace disconnect
2026-08-18 13:20:19 [INFO]: 🔴 User 7 went offline
2026-08-18 13:20:19 [INFO]: 📊 Online users after disconnect: 
2026-08-18 13:20:19 [INFO]: 🔌 New WebSocket connection: kMo5FbgCLHRMAO0dAACh
2026-08-18 13:20:19 [INFO]: 👤 User 7 registered on socket kMo5FbgCLHRMAO0dAACh
2026-08-18 13:20:19 [INFO]: 📊 Online users: 7:1
2026-08-18 13:20:50 [INFO]: ❌ WebSocket disconnected: kMo5FbgCLHRMAO0dAACh, reason: client namespace disconnect
2026-08-18 13:20:50 [INFO]: 🔴 User 7 went offline
2026-08-18 13:20:50 [INFO]: 📊 Online users after disconnect: 
2026-08-18 13:20:50 [INFO]: 🔌 New WebSocket connection: ySm_l3Fd_JY6MTfuAACj
2026-08-18 13:20:50 [INFO]: 👤 User 7 registered on socket ySm_l3Fd_JY6MTfuAACj
2026-08-18 13:20:50 [INFO]: 📊 Online users: 7:1
2026-08-18 13:21:21 [INFO]: ❌ WebSocket disconnected: ySm_l3Fd_JY6MTfuAACj, reason: client namespace disconnect
2026-08-18 13:21:21 [INFO]: 🔴 User 7 went offline
2026-08-18 13:21:21 [INFO]: 📊 Online users after disconnect: 
2026-08-18 13:21:21 [INFO]: 🔌 New WebSocket connection: TGTDSXU4F8DTry0QAACl
2026-08-18 13:21:21 [INFO]: 👤 User 7 registered on socket TGTDSXU4F8DTry0QAACl
2026-08-18 13:21:21 [INFO]: 📊 Online users: 7:1
2026-08-18 13:21:52 [INFO]: ❌ WebSocket disconnected: TGTDSXU4F8DTry0QAACl, reason: client namespace disconnect
2026-08-18 13:21:52 [INFO]: 🔴 User 7 went offline
2026-08-18 13:21:52 [INFO]: 📊 Online users after disconnect: 
2026-08-18 13:21:52 [INFO]: 🔌 New WebSocket connection: 6TCMSC4E7rVgoAjwAACn
2026-08-18 13:21:52 [INFO]: 👤 User 7 registered on socket 6TCMSC4E7rVgoAjwAACn
2026-08-18 13:21:52 [INFO]: 📊 Online users: 7:1
2026-08-18 13:22:23 [INFO]: ❌ WebSocket disconnected: 6TCMSC4E7rVgoAjwAACn, reason: client namespace disconnect
2026-08-18 13:22:23 [INFO]: 🔴 User 7 went offline
2026-08-18 13:22:23 [INFO]: 📊 Online users after disconnect: 
2026-08-18 13:22:23 [INFO]: 🔌 New WebSocket connection: 16JqT_eBpyuVNt8DAACp
2026-08-18 13:22:23 [INFO]: 👤 User 7 registered on socket 16JqT_eBpyuVNt8DAACp
2026-08-18 13:22:23 [INFO]: 📊 Online users: 7:1
2026-08-18 13:22:54 [INFO]: ❌ WebSocket disconnected: 16JqT_eBpyuVNt8DAACp, reason: client namespace disconnect
2026-08-18 13:22:54 [INFO]: 🔴 User 7 went offline
2026-08-18 13:22:54 [INFO]: 📊 Online users after disconnect: 
2026-08-18 13:22:54 [INFO]: 🔌 New WebSocket connection: R37IHOtVqwKmXrL8AACr
2026-08-18 13:22:54 [INFO]: 👤 User 7 registered on socket R37IHOtVqwKmXrL8AACr
2026-08-18 13:22:54 [INFO]: 📊 Online users: 7:1
2026-08-18 13:23:25 [INFO]: ❌ WebSocket disconnected: R37IHOtVqwKmXrL8AACr, reason: client namespace disconnect
2026-08-18 13:23:25 [INFO]: 🔴 User 7 went offline
2026-08-18 13:23:25 [INFO]: 📊 Online users after disconnect: 
2026-08-18 13:23:25 [INFO]: 🔌 New WebSocket connection: ToM59vikzkXzxp3ZAACt
2026-08-18 13:23:25 [INFO]: 👤 User 7 registered on socket ToM59vikzkXzxp3ZAACt
2026-08-18 13:23:25 [INFO]: 📊 Online users: 7:1
2026-08-18 13:23:56 [INFO]: ❌ WebSocket disconnected: ToM59vikzkXzxp3ZAACt, reason: client namespace disconnect
2026-08-18 13:23:56 [INFO]: 🔴 User 7 went offline
2026-08-18 13:23:56 [INFO]: 📊 Online users after disconnect: 
2026-08-18 13:23:56 [INFO]: 🔌 New WebSocket connection: zfhJsy3nS8jVPcMfAACv
2026-08-18 13:23:56 [INFO]: 👤 User 7 registered on socket zfhJsy3nS8jVPcMfAACv
2026-08-18 13:23:56 [INFO]: 📊 Online users: 7:1
2026-08-18 13:24:27 [INFO]: ❌ WebSocket disconnected: zfhJsy3nS8jVPcMfAACv, reason: client namespace disconnect
2026-08-18 13:24:27 [INFO]: 🔴 User 7 went offline
2026-08-18 13:24:27 [INFO]: 📊 Online users after disconnect: 
2026-08-18 13:24:27 [INFO]: 🔌 New WebSocket connection: toVEaODYrRr_nX5tAACx
2026-08-18 13:24:27 [INFO]: 👤 User 7 registered on socket toVEaODYrRr_nX5tAACx
2026-08-18 13:24:27 [INFO]: 📊 Online users: 7:1
2026-08-18 13:24:58 [INFO]: ❌ WebSocket disconnected: toVEaODYrRr_nX5tAACx, reason: client namespace disconnect
2026-08-18 13:24:58 [INFO]: 🔴 User 7 went offline
2026-08-18 13:24:58 [INFO]: 📊 Online users after disconnect: 
2026-08-18 13:24:58 [INFO]: 🔌 New WebSocket connection: ZFzczINY2qumbTiDAACz
2026-08-18 13:24:58 [INFO]: 👤 User 7 registered on socket ZFzczINY2qumbTiDAACz
2026-08-18 13:24:58 [INFO]: 📊 Online users: 7:1
2026-08-18 13:25:29 [INFO]: ❌ WebSocket disconnected: ZFzczINY2qumbTiDAACz, reason: client namespace disconnect
2026-08-18 13:25:29 [INFO]: 🔴 User 7 went offline
2026-08-18 13:25:29 [INFO]: 📊 Online users after disconnect: 
2026-08-18 13:25:29 [INFO]: 🔌 New WebSocket connection: OoGmOMTT8uEAclvmAAC1
2026-08-18 13:25:29 [INFO]: 👤 User 7 registered on socket OoGmOMTT8uEAclvmAAC1
2026-08-18 13:25:29 [INFO]: 📊 Online users: 7:1
2026-08-18 13:26:00 [INFO]: ❌ WebSocket disconnected: OoGmOMTT8uEAclvmAAC1, reason: client namespace disconnect
2026-08-18 13:26:00 [INFO]: 🔴 User 7 went offline
2026-08-18 13:26:00 [INFO]: 📊 Online users after disconnect: 
2026-08-18 13:26:00 [INFO]: 🔌 New WebSocket connection: uHmY7Pak0pIWbAQEAAC3
2026-08-18 13:26:00 [INFO]: 👤 User 7 registered on socket uHmY7Pak0pIWbAQEAAC3
2026-08-18 13:26:00 [INFO]: 📊 Online users: 7:1
2026-08-18 13:26:31 [INFO]: ❌ WebSocket disconnected: uHmY7Pak0pIWbAQEAAC3, reason: client namespace disconnect
2026-08-18 13:26:31 [INFO]: 🔴 User 7 went offline
2026-08-18 13:26:31 [INFO]: 📊 Online users after disconnect: 
2026-08-18 13:26:31 [INFO]: 🔌 New WebSocket connection: eW5YmK5FLJ02QzxVAAC5
2026-08-18 13:26:31 [INFO]: 👤 User 7 registered on socket eW5YmK5FLJ02QzxVAAC5
2026-08-18 13:26:31 [INFO]: 📊 Online users: 7:1
2026-08-18 13:27:02 [INFO]: ❌ WebSocket disconnected: eW5YmK5FLJ02QzxVAAC5, reason: client namespace disconnect
2026-08-18 13:27:02 [INFO]: 🔴 User 7 went offline
2026-08-18 13:27:02 [INFO]: 📊 Online users after disconnect: 
2026-08-18 13:27:02 [INFO]: 🔌 New WebSocket connection: OAgh7QwbGuGUVuE1AAC7
2026-08-18 13:27:02 [INFO]: 👤 User 7 registered on socket OAgh7QwbGuGUVuE1AAC7
2026-08-18 13:27:02 [INFO]: 📊 Online users: 7:1
2026-08-18 13:27:33 [INFO]: ❌ WebSocket disconnected: OAgh7QwbGuGUVuE1AAC7, reason: client namespace disconnect
2026-08-18 13:27:33 [INFO]: 🔴 User 7 went offline
2026-08-18 13:27:33 [INFO]: 📊 Online users after disconnect: 
2026-08-18 13:27:33 [INFO]: 🔌 New WebSocket connection: aj3LIOBKmrSAwR8sAAC9
2026-08-18 13:27:33 [INFO]: 👤 User 7 registered on socket aj3LIOBKmrSAwR8sAAC9
2026-08-18 13:27:33 [INFO]: 📊 Online users: 7:1
2026-08-18 13:28:04 [INFO]: ❌ WebSocket disconnected: aj3LIOBKmrSAwR8sAAC9, reason: client namespace disconnect
2026-08-18 13:28:04 [INFO]: 🔴 User 7 went offline
2026-08-18 13:28:04 [INFO]: 📊 Online users after disconnect: 
2026-08-18 13:28:04 [INFO]: 🔌 New WebSocket connection: yZq7zjP1LWuNAu1pAAC_
2026-08-18 13:28:04 [INFO]: 👤 User 7 registered on socket yZq7zjP1LWuNAu1pAAC_
2026-08-18 13:28:04 [INFO]: 📊 Online users: 7:1
2026-08-18 13:28:35 [INFO]: ❌ WebSocket disconnected: yZq7zjP1LWuNAu1pAAC_, reason: client namespace disconnect
2026-08-18 13:28:35 [INFO]: 🔴 User 7 went offline
2026-08-18 13:28:35 [INFO]: 📊 Online users after disconnect: 
2026-08-18 13:28:35 [INFO]: 🔌 New WebSocket connection: nVVQSqdNvnxt9KmvAADB
2026-08-18 13:28:35 [INFO]: 👤 User 7 registered on socket nVVQSqdNvnxt9KmvAADB
2026-08-18 13:28:35 [INFO]: 📊 Online users: 7:1
2026-08-18 13:29:06 [INFO]: ❌ WebSocket disconnected: nVVQSqdNvnxt9KmvAADB, reason: client namespace disconnect
2026-08-18 13:29:06 [INFO]: 🔴 User 7 went offline
2026-08-18 13:29:06 [INFO]: 📊 Online users after disconnect: 
2026-08-18 13:29:06 [INFO]: 🔌 New WebSocket connection: -5CZsMyM4U0LO_IAAADD
2026-08-18 13:29:06 [INFO]: 👤 User 7 registered on socket -5CZsMyM4U0LO_IAAADD
2026-08-18 13:29:06 [INFO]: 📊 Online users: 7:1
2026-08-18 13:29:37 [INFO]: ❌ WebSocket disconnected: -5CZsMyM4U0LO_IAAADD, reason: client namespace disconnect
2026-08-18 13:29:37 [INFO]: 🔴 User 7 went offline
2026-08-18 13:29:37 [INFO]: 📊 Online users after disconnect: 
2026-08-18 13:29:37 [INFO]: 🔌 New WebSocket connection: TME_Djduzm1vUCfcAADF
2026-08-18 13:29:37 [INFO]: 👤 User 7 registered on socket TME_Djduzm1vUCfcAADF
2026-08-18 13:29:37 [INFO]: 📊 Online users: 7:1
2026-08-18 13:30:08 [INFO]: ❌ WebSocket disconnected: TME_Djduzm1vUCfcAADF, reason: client namespace disconnect
2026-08-18 13:30:08 [INFO]: 🔴 User 7 went offline
2026-08-18 13:30:08 [INFO]: 📊 Online users after disconnect: 
2026-08-18 13:30:08 [INFO]: 🔌 New WebSocket connection: 1SH3j6KAdhiJMuNFAADH
2026-08-18 13:30:08 [INFO]: 👤 User 7 registered on socket 1SH3j6KAdhiJMuNFAADH
2026-08-18 13:30:08 [INFO]: 📊 Online users: 7:1
2026-08-18 13:30:39 [INFO]: ❌ WebSocket disconnected: 1SH3j6KAdhiJMuNFAADH, reason: client namespace disconnect
2026-08-18 13:30:39 [INFO]: 🔴 User 7 went offline
2026-08-18 13:30:39 [INFO]: 📊 Online users after disconnect: 
2026-08-18 13:30:39 [INFO]: 🔌 New WebSocket connection: 2OTrv5F2RaUNObF4AADJ
2026-08-18 13:30:39 [INFO]: 👤 User 7 registered on socket 2OTrv5F2RaUNObF4AADJ
2026-08-18 13:30:39 [INFO]: 📊 Online users: 7:1
2026-08-18 13:31:10 [INFO]: ❌ WebSocket disconnected: 2OTrv5F2RaUNObF4AADJ, reason: client namespace disconnect
2026-08-18 13:31:10 [INFO]: 🔴 User 7 went offline
2026-08-18 13:31:10 [INFO]: 📊 Online users after disconnect: 
2026-08-18 13:31:10 [INFO]: 🔌 New WebSocket connection: s5wXZU2xBWaM3IRfAADL
2026-08-18 13:31:10 [INFO]: 👤 User 7 registered on socket s5wXZU2xBWaM3IRfAADL
2026-08-18 13:31:10 [INFO]: 📊 Online users: 7:1
2026-08-18 13:31:41 [INFO]: ❌ WebSocket disconnected: s5wXZU2xBWaM3IRfAADL, reason: client namespace disconnect
2026-08-18 13:31:41 [INFO]: 🔴 User 7 went offline
2026-08-18 13:31:41 [INFO]: 📊 Online users after disconnect: 
2026-08-18 13:31:41 [INFO]: 🔌 New WebSocket connection: MnGSJgWoennGwhR_AADN
2026-08-18 13:31:41 [INFO]: 👤 User 7 registered on socket MnGSJgWoennGwhR_AADN
2026-08-18 13:31:41 [INFO]: 📊 Online users: 7:1
2026-08-18 13:32:12 [INFO]: ❌ WebSocket disconnected: MnGSJgWoennGwhR_AADN, reason: client namespace disconnect
2026-08-18 13:32:12 [INFO]: 🔴 User 7 went offline
2026-08-18 13:32:12 [INFO]: 📊 Online users after disconnect: 
2026-08-18 13:32:12 [INFO]: 🔌 New WebSocket connection: WlFZL5hq9yCD8-dJAADP
2026-08-18 13:32:12 [INFO]: 👤 User 7 registered on socket WlFZL5hq9yCD8-dJAADP
2026-08-18 13:32:12 [INFO]: 📊 Online users: 7:1
2026-08-18 13:32:43 [INFO]: ❌ WebSocket disconnected: WlFZL5hq9yCD8-dJAADP, reason: client namespace disconnect
2026-08-18 13:32:43 [INFO]: 🔴 User 7 went offline
2026-08-18 13:32:43 [INFO]: 📊 Online users after disconnect: 
2026-08-18 13:32:44 [INFO]: 🔌 New WebSocket connection: 0etBwbkT5KluqXpAAADR
2026-08-18 13:32:44 [INFO]: 👤 User 7 registered on socket 0etBwbkT5KluqXpAAADR
2026-08-18 13:32:44 [INFO]: 📊 Online users: 7:1
2026-08-18 13:33:15 [INFO]: ❌ WebSocket disconnected: 0etBwbkT5KluqXpAAADR, reason: client namespace disconnect
2026-08-18 13:33:15 [INFO]: 🔴 User 7 went offline
2026-08-18 13:33:15 [INFO]: 📊 Online users after disconnect: 
2026-08-18 13:33:15 [INFO]: 🔌 New WebSocket connection: xzMp0xoCiPOZYQilAADT
2026-08-18 13:33:15 [INFO]: 👤 User 7 registered on socket xzMp0xoCiPOZYQilAADT
2026-08-18 13:33:15 [INFO]: 📊 Online users: 7:1
2026-08-18 13:33:46 [INFO]: ❌ WebSocket disconnected: xzMp0xoCiPOZYQilAADT, reason: client namespace disconnect
2026-08-18 13:33:46 [INFO]: 🔴 User 7 went offline
2026-08-18 13:33:46 [INFO]: 📊 Online users after disconnect: 
2026-08-18 13:33:46 [INFO]: 🔌 New WebSocket connection: gbJUKZpSuh_5VNu_AADV
2026-08-18 13:33:46 [INFO]: 👤 User 7 registered on socket gbJUKZpSuh_5VNu_AADV
2026-08-18 13:33:46 [INFO]: 📊 Online users: 7:1
2026-08-18 13:34:17 [INFO]: ❌ WebSocket disconnected: gbJUKZpSuh_5VNu_AADV, reason: client namespace disconnect
2026-08-18 13:34:17 [INFO]: 🔴 User 7 went offline
2026-08-18 13:34:17 [INFO]: 📊 Online users after disconnect: 
2026-08-18 13:34:17 [INFO]: 🔌 New WebSocket connection: 1JoOd6NxPrjr8dtHAADX
2026-08-18 13:34:17 [INFO]: 👤 User 7 registered on socket 1JoOd6NxPrjr8dtHAADX
2026-08-18 13:34:17 [INFO]: 📊 Online users: 7:1
2026-08-18 13:34:48 [INFO]: ❌ WebSocket disconnected: 1JoOd6NxPrjr8dtHAADX, reason: client namespace disconnect
2026-08-18 13:34:48 [INFO]: 🔴 User 7 went offline
2026-08-18 13:34:48 [INFO]: 📊 Online users after disconnect: 
2026-08-18 13:34:48 [INFO]: 🔌 New WebSocket connection: GBYZ-lBuuxS0weMNAADZ
2026-08-18 13:34:48 [INFO]: 👤 User 7 registered on socket GBYZ-lBuuxS0weMNAADZ
2026-08-18 13:34:48 [INFO]: 📊 Online users: 7:1
2026-08-18 13:35:19 [INFO]: ❌ WebSocket disconnected: GBYZ-lBuuxS0weMNAADZ, reason: client namespace disconnect
2026-08-18 13:35:19 [INFO]: 🔴 User 7 went offline
2026-08-18 13:35:19 [INFO]: 📊 Online users after disconnect: 
2026-08-18 13:35:19 [INFO]: 🔌 New WebSocket connection: kSGOYPbRUqITigmjAADb
2026-08-18 13:35:19 [INFO]: 👤 User 7 registered on socket kSGOYPbRUqITigmjAADb
2026-08-18 13:35:19 [INFO]: 📊 Online users: 7:1
2026-08-18 13:35:50 [INFO]: ❌ WebSocket disconnected: kSGOYPbRUqITigmjAADb, reason: client namespace disconnect
2026-08-18 13:35:50 [INFO]: 🔴 User 7 went offline
2026-08-18 13:35:50 [INFO]: 📊 Online users after disconnect: 
2026-08-18 13:35:50 [INFO]: 🔌 New WebSocket connection: NYGkchbOKp_5xojnAADd
2026-08-18 13:35:50 [INFO]: 👤 User 7 registered on socket NYGkchbOKp_5xojnAADd
2026-08-18 13:35:50 [INFO]: 📊 Online users: 7:1
2026-08-18 13:36:21 [INFO]: ❌ WebSocket disconnected: NYGkchbOKp_5xojnAADd, reason: client namespace disconnect
2026-08-18 13:36:21 [INFO]: 🔴 User 7 went offline
2026-08-18 13:36:21 [INFO]: 📊 Online users after disconnect: 
2026-08-18 13:36:21 [INFO]: 🔌 New WebSocket connection: Fbj-rOD___h7qBCtAADf
2026-08-18 13:36:21 [INFO]: 👤 User 7 registered on socket Fbj-rOD___h7qBCtAADf
2026-08-18 13:36:21 [INFO]: 📊 Online users: 7:1
2026-08-18 13:36:52 [INFO]: ❌ WebSocket disconnected: Fbj-rOD___h7qBCtAADf, reason: client namespace disconnect
2026-08-18 13:36:52 [INFO]: 🔴 User 7 went offline
2026-08-18 13:36:52 [INFO]: 📊 Online users after disconnect: 
2026-08-18 13:36:52 [INFO]: 🔌 New WebSocket connection: OdZNplNX60JZO8qWAADh
2026-08-18 13:36:52 [INFO]: 👤 User 7 registered on socket OdZNplNX60JZO8qWAADh
2026-08-18 13:36:52 [INFO]: 📊 Online users: 7:1
2026-08-18 13:37:23 [INFO]: ❌ WebSocket disconnected: OdZNplNX60JZO8qWAADh, reason: client namespace disconnect
2026-08-18 13:37:23 [INFO]: 🔴 User 7 went offline
2026-08-18 13:37:23 [INFO]: 📊 Online users after disconnect: 
2026-08-18 13:37:23 [INFO]: 🔌 New WebSocket connection: 0cXf91mAbpEehz3MAADj
2026-08-18 13:37:23 [INFO]: 👤 User 7 registered on socket 0cXf91mAbpEehz3MAADj
2026-08-18 13:37:23 [INFO]: 📊 Online users: 7:1
2026-08-18 13:37:54 [INFO]: ❌ WebSocket disconnected: 0cXf91mAbpEehz3MAADj, reason: client namespace disconnect
2026-08-18 13:37:54 [INFO]: 🔴 User 7 went offline
2026-08-18 13:37:54 [INFO]: 📊 Online users after disconnect: 
2026-08-18 13:37:54 [INFO]: 🔌 New WebSocket connection: zK1VrXG8FYKSQJoGAADl
2026-08-18 13:37:54 [INFO]: 👤 User 7 registered on socket zK1VrXG8FYKSQJoGAADl
2026-08-18 13:37:54 [INFO]: 📊 Online users: 7:1
2026-08-18 13:38:25 [INFO]: ❌ WebSocket disconnected: zK1VrXG8FYKSQJoGAADl, reason: client namespace disconnect
2026-08-18 13:38:25 [INFO]: 🔴 User 7 went offline
2026-08-18 13:38:25 [INFO]: 📊 Online users after disconnect: 
2026-08-18 13:38:25 [INFO]: 🔌 New WebSocket connection: bkY4NoMsGCiE6PCEAADn
2026-08-18 13:38:25 [INFO]: 👤 User 7 registered on socket bkY4NoMsGCiE6PCEAADn
2026-08-18 13:38:25 [INFO]: 📊 Online users: 7:1
2026-08-18 13:38:56 [INFO]: ❌ WebSocket disconnected: bkY4NoMsGCiE6PCEAADn, reason: client namespace disconnect
2026-08-18 13:38:56 [INFO]: 🔴 User 7 went offline
2026-08-18 13:38:56 [INFO]: 📊 Online users after disconnect: 
2026-08-18 13:38:56 [INFO]: 🔌 New WebSocket connection: aX1Y4RagVkoI-v2nAADp
2026-08-18 13:38:56 [INFO]: 👤 User 7 registered on socket aX1Y4RagVkoI-v2nAADp
2026-08-18 13:38:56 [INFO]: 📊 Online users: 7:1
2026-08-18 13:39:27 [INFO]: ❌ WebSocket disconnected: aX1Y4RagVkoI-v2nAADp, reason: client namespace disconnect
2026-08-18 13:39:27 [INFO]: 🔴 User 7 went offline
2026-08-18 13:39:27 [INFO]: 📊 Online users after disconnect: 
2026-08-18 13:39:27 [INFO]: 🔌 New WebSocket connection: GyawqNdtqhj_bsDlAADr
2026-08-18 13:39:27 [INFO]: 👤 User 7 registered on socket GyawqNdtqhj_bsDlAADr
2026-08-18 13:39:27 [INFO]: 📊 Online users: 7:1
2026-08-18 13:39:58 [INFO]: ❌ WebSocket disconnected: GyawqNdtqhj_bsDlAADr, reason: client namespace disconnect
2026-08-18 13:39:58 [INFO]: 🔴 User 7 went offline
2026-08-18 13:39:58 [INFO]: 📊 Online users after disconnect: 
2026-08-18 13:39:58 [INFO]: 🔌 New WebSocket connection: gXTb31bjbKw1GL7iAADt
2026-08-18 13:39:58 [INFO]: 👤 User 7 registered on socket gXTb31bjbKw1GL7iAADt
2026-08-18 13:39:58 [INFO]: 📊 Online users: 7:1
2026-08-18 13:40:29 [INFO]: ❌ WebSocket disconnected: gXTb31bjbKw1GL7iAADt, reason: client namespace disconnect
2026-08-18 13:40:29 [INFO]: 🔴 User 7 went offline
2026-08-18 13:40:29 [INFO]: 📊 Online users after disconnect: 
2026-08-18 13:40:29 [INFO]: 🔌 New WebSocket connection: t5Y00iZpWeaau8LNAADv
2026-08-18 13:40:29 [INFO]: 👤 User 7 registered on socket t5Y00iZpWeaau8LNAADv
2026-08-18 13:40:29 [INFO]: 📊 Online users: 7:1
2026-08-18 13:41:00 [INFO]: ❌ WebSocket disconnected: t5Y00iZpWeaau8LNAADv, reason: client namespace disconnect
2026-08-18 13:41:00 [INFO]: 🔴 User 7 went offline
2026-08-18 13:41:00 [INFO]: 📊 Online users after disconnect: 
2026-08-18 13:41:00 [INFO]: 🔌 New WebSocket connection: Dv6KQRxK_s8a1PLSAADx
2026-08-18 13:41:00 [INFO]: 👤 User 7 registered on socket Dv6KQRxK_s8a1PLSAADx
2026-08-18 13:41:00 [INFO]: 📊 Online users: 7:1
2026-08-18 13:41:31 [INFO]: ❌ WebSocket disconnected: Dv6KQRxK_s8a1PLSAADx, reason: client namespace disconnect
2026-08-18 13:41:31 [INFO]: 🔴 User 7 went offline
2026-08-18 13:41:31 [INFO]: 📊 Online users after disconnect: 
2026-08-18 13:41:31 [INFO]: 🔌 New WebSocket connection: s_01ooI1rqBSb-z0AADz
2026-08-18 13:41:31 [INFO]: 👤 User 7 registered on socket s_01ooI1rqBSb-z0AADz
2026-08-18 13:41:31 [INFO]: 📊 Online users: 7:1
2026-08-18 13:42:02 [INFO]: ❌ WebSocket disconnected: s_01ooI1rqBSb-z0AADz, reason: client namespace disconnect
2026-08-18 13:42:02 [INFO]: 🔴 User 7 went offline
2026-08-18 13:42:02 [INFO]: 📊 Online users after disconnect: 
2026-08-18 13:42:02 [INFO]: 🔌 New WebSocket connection: LnH3CYyBlTIHeWEgAAD1
2026-08-18 13:42:02 [INFO]: 👤 User 7 registered on socket LnH3CYyBlTIHeWEgAAD1
2026-08-18 13:42:02 [INFO]: 📊 Online users: 7:1
2026-08-18 13:42:33 [INFO]: ❌ WebSocket disconnected: LnH3CYyBlTIHeWEgAAD1, reason: client namespace disconnect
2026-08-18 13:42:33 [INFO]: 🔴 User 7 went offline
2026-08-18 13:42:33 [INFO]: 📊 Online users after disconnect: 
2026-08-18 13:42:33 [INFO]: 🔌 New WebSocket connection: HVIPxKcaTSZPYIT7AAD3
2026-08-18 13:42:33 [INFO]: 👤 User 7 registered on socket HVIPxKcaTSZPYIT7AAD3
2026-08-18 13:42:33 [INFO]: 📊 Online users: 7:1
2026-08-18 13:43:04 [INFO]: ❌ WebSocket disconnected: HVIPxKcaTSZPYIT7AAD3, reason: client namespace disconnect
2026-08-18 13:43:04 [INFO]: 🔴 User 7 went offline
2026-08-18 13:43:04 [INFO]: 📊 Online users after disconnect: 
2026-08-18 13:43:04 [INFO]: 🔌 New WebSocket connection: PgFkNyoj4vBvZhqWAAD5
2026-08-18 13:43:04 [INFO]: 👤 User 7 registered on socket PgFkNyoj4vBvZhqWAAD5
2026-08-18 13:43:04 [INFO]: 📊 Online users: 7:1
2026-08-18 13:43:35 [INFO]: ❌ WebSocket disconnected: PgFkNyoj4vBvZhqWAAD5, reason: client namespace disconnect
2026-08-18 13:43:35 [INFO]: 🔴 User 7 went offline
2026-08-18 13:43:35 [INFO]: 📊 Online users after disconnect: 
2026-08-18 13:43:35 [INFO]: 🔌 New WebSocket connection: r1leLRQmARHOFXTSAAD7
2026-08-18 13:43:35 [INFO]: 👤 User 7 registered on socket r1leLRQmARHOFXTSAAD7
2026-08-18 13:43:35 [INFO]: 📊 Online users: 7:1
2026-08-18 13:44:06 [INFO]: ❌ WebSocket disconnected: r1leLRQmARHOFXTSAAD7, reason: client namespace disconnect
2026-08-18 13:44:06 [INFO]: 🔴 User 7 went offline
2026-08-18 13:44:06 [INFO]: 📊 Online users after disconnect: 
2026-08-18 13:44:06 [INFO]: 🔌 New WebSocket connection: 6fFiqlsD7WTB_2TBAAD9
2026-08-18 13:44:06 [INFO]: 👤 User 7 registered on socket 6fFiqlsD7WTB_2TBAAD9
2026-08-18 13:44:06 [INFO]: 📊 Online users: 7:1
2026-08-18 13:44:37 [INFO]: ❌ WebSocket disconnected: 6fFiqlsD7WTB_2TBAAD9, reason: client namespace disconnect
2026-08-18 13:44:37 [INFO]: 🔴 User 7 went offline
2026-08-18 13:44:37 [INFO]: 📊 Online users after disconnect: 
2026-08-18 13:44:37 [INFO]: 🔌 New WebSocket connection: Tfbn_jsY_IDthdMUAAD_
2026-08-18 13:44:37 [INFO]: 👤 User 7 registered on socket Tfbn_jsY_IDthdMUAAD_
2026-08-18 13:44:37 [INFO]: 📊 Online users: 7:1
2026-08-18 13:45:08 [INFO]: ❌ WebSocket disconnected: Tfbn_jsY_IDthdMUAAD_, reason: client namespace disconnect
2026-08-18 13:45:08 [INFO]: 🔴 User 7 went offline
2026-08-18 13:45:08 [INFO]: 📊 Online users after disconnect: 
2026-08-18 13:45:08 [INFO]: 🔌 New WebSocket connection: VBu0Sq8XikbiS7CRAAEB
2026-08-18 13:45:08 [INFO]: 👤 User 7 registered on socket VBu0Sq8XikbiS7CRAAEB
2026-08-18 13:45:08 [INFO]: 📊 Online users: 7:1
2026-08-18 13:45:39 [INFO]: ❌ WebSocket disconnected: VBu0Sq8XikbiS7CRAAEB, reason: client namespace disconnect
2026-08-18 13:45:39 [INFO]: 🔴 User 7 went offline
2026-08-18 13:45:39 [INFO]: 📊 Online users after disconnect: 
2026-08-18 13:45:39 [INFO]: 🔌 New WebSocket connection: 2teS-KUtB1Zg9pQPAAED
2026-08-18 13:45:39 [INFO]: 👤 User 7 registered on socket 2teS-KUtB1Zg9pQPAAED
2026-08-18 13:45:39 [INFO]: 📊 Online users: 7:1
2026-08-18 13:46:10 [INFO]: ❌ WebSocket disconnected: 2teS-KUtB1Zg9pQPAAED, reason: client namespace disconnect
2026-08-18 13:46:10 [INFO]: 🔴 User 7 went offline
2026-08-18 13:46:10 [INFO]: 📊 Online users after disconnect: 
2026-08-18 13:46:10 [INFO]: 🔌 New WebSocket connection: KQfYm2mN-SlpLPPUAAEF
2026-08-18 13:46:10 [INFO]: 👤 User 7 registered on socket KQfYm2mN-SlpLPPUAAEF
2026-08-18 13:46:10 [INFO]: 📊 Online users: 7:1
2026-08-18 13:46:41 [INFO]: ❌ WebSocket disconnected: KQfYm2mN-SlpLPPUAAEF, reason: client namespace disconnect
2026-08-18 13:46:41 [INFO]: 🔴 User 7 went offline
2026-08-18 13:46:41 [INFO]: 📊 Online users after disconnect: 
2026-08-18 13:46:41 [INFO]: 🔌 New WebSocket connection: dC3qgnwb9klKJENQAAEH
2026-08-18 13:46:41 [INFO]: 👤 User 7 registered on socket dC3qgnwb9klKJENQAAEH
2026-08-18 13:46:41 [INFO]: 📊 Online users: 7:1
2026-08-18 13:47:12 [INFO]: ❌ WebSocket disconnected: dC3qgnwb9klKJENQAAEH, reason: client namespace disconnect
2026-08-18 13:47:12 [INFO]: 🔴 User 7 went offline
2026-08-18 13:47:12 [INFO]: 📊 Online users after disconnect: 
2026-08-18 13:47:12 [INFO]: 🔌 New WebSocket connection: qmV0GGmx73UzS5mUAAEJ
2026-08-18 13:47:12 [INFO]: 👤 User 7 registered on socket qmV0GGmx73UzS5mUAAEJ
2026-08-18 13:47:12 [INFO]: 📊 Online users: 7:1
2026-08-18 13:47:43 [INFO]: ❌ WebSocket disconnected: qmV0GGmx73UzS5mUAAEJ, reason: client namespace disconnect
2026-08-18 13:47:43 [INFO]: 🔴 User 7 went offline
2026-08-18 13:47:43 [INFO]: 📊 Online users after disconnect: 
2026-08-18 13:47:43 [INFO]: 🔌 New WebSocket connection: 4P5IXkdq9JjytQfCAAEL
2026-08-18 13:47:43 [INFO]: 👤 User 7 registered on socket 4P5IXkdq9JjytQfCAAEL
2026-08-18 13:47:43 [INFO]: 📊 Online users: 7:1
2026-08-18 13:48:14 [INFO]: ❌ WebSocket disconnected: 4P5IXkdq9JjytQfCAAEL, reason: client namespace disconnect
2026-08-18 13:48:14 [INFO]: 🔴 User 7 went offline
2026-08-18 13:48:14 [INFO]: 📊 Online users after disconnect: 
2026-08-18 13:48:14 [INFO]: 🔌 New WebSocket connection: c10NBbCV2WYXdAuQAAEN
2026-08-18 13:48:14 [INFO]: 👤 User 7 registered on socket c10NBbCV2WYXdAuQAAEN
2026-08-18 13:48:14 [INFO]: 📊 Online users: 7:1
2026-08-18 13:48:45 [INFO]: ❌ WebSocket disconnected: c10NBbCV2WYXdAuQAAEN, reason: client namespace disconnect
2026-08-18 13:48:45 [INFO]: 🔴 User 7 went offline
2026-08-18 13:48:45 [INFO]: 📊 Online users after disconnect: 
2026-08-18 13:48:45 [INFO]: 🔌 New WebSocket connection: X5_SbcdFKMh4LkZSAAEP
2026-08-18 13:48:45 [INFO]: 👤 User 7 registered on socket X5_SbcdFKMh4LkZSAAEP
2026-08-18 13:48:45 [INFO]: 📊 Online users: 7:1
2026-08-18 13:49:16 [INFO]: ❌ WebSocket disconnected: X5_SbcdFKMh4LkZSAAEP, reason: client namespace disconnect
2026-08-18 13:49:16 [INFO]: 🔴 User 7 went offline
2026-08-18 13:49:16 [INFO]: 📊 Online users after disconnect: 
2026-08-18 13:49:16 [INFO]: 🔌 New WebSocket connection: Y3oUT_RNxym2LGW-AAER
2026-08-18 13:49:16 [INFO]: 👤 User 7 registered on socket Y3oUT_RNxym2LGW-AAER
2026-08-18 13:49:16 [INFO]: 📊 Online users: 7:1
2026-08-18 13:49:47 [INFO]: ❌ WebSocket disconnected: Y3oUT_RNxym2LGW-AAER, reason: client namespace disconnect
2026-08-18 13:49:47 [INFO]: 🔴 User 7 went offline
2026-08-18 13:49:47 [INFO]: 📊 Online users after disconnect: 
2026-08-18 13:49:47 [INFO]: 🔌 New WebSocket connection: F7yhSgygiKQAoIFeAAET
2026-08-18 13:49:47 [INFO]: 👤 User 7 registered on socket F7yhSgygiKQAoIFeAAET
2026-08-18 13:49:47 [INFO]: 📊 Online users: 7:1
2026-08-18 13:50:18 [INFO]: ❌ WebSocket disconnected: F7yhSgygiKQAoIFeAAET, reason: client namespace disconnect
2026-08-18 13:50:18 [INFO]: 🔴 User 7 went offline
2026-08-18 13:50:18 [INFO]: 📊 Online users after disconnect: 
2026-08-18 13:50:18 [INFO]: 🔌 New WebSocket connection: KzRshiBZUL4P2mV0AAEV
2026-08-18 13:50:18 [INFO]: 👤 User 7 registered on socket KzRshiBZUL4P2mV0AAEV
2026-08-18 13:50:18 [INFO]: 📊 Online users: 7:1
2026-08-18 13:50:49 [INFO]: ❌ WebSocket disconnected: KzRshiBZUL4P2mV0AAEV, reason: client namespace disconnect
2026-08-18 13:50:49 [INFO]: 🔴 User 7 went offline
2026-08-18 13:50:49 [INFO]: 📊 Online users after disconnect: 
2026-08-18 13:50:49 [INFO]: 🔌 New WebSocket connection: EPpgpru-wTW7Bo2UAAEX
2026-08-18 13:50:49 [INFO]: 👤 User 7 registered on socket EPpgpru-wTW7Bo2UAAEX
2026-08-18 13:50:49 [INFO]: 📊 Online users: 7:1
2026-08-18 13:51:20 [INFO]: ❌ WebSocket disconnected: EPpgpru-wTW7Bo2UAAEX, reason: client namespace disconnect
2026-08-18 13:51:20 [INFO]: 🔴 User 7 went offline
2026-08-18 13:51:20 [INFO]: 📊 Online users after disconnect: 
2026-08-18 13:51:20 [INFO]: 🔌 New WebSocket connection: ueWz7w-9xwBYgCq8AAEZ
2026-08-18 13:51:20 [INFO]: 👤 User 7 registered on socket ueWz7w-9xwBYgCq8AAEZ
2026-08-18 13:51:20 [INFO]: 📊 Online users: 7:1
2026-08-18 13:51:51 [INFO]: ❌ WebSocket disconnected: ueWz7w-9xwBYgCq8AAEZ, reason: client namespace disconnect
2026-08-18 13:51:51 [INFO]: 🔴 User 7 went offline
2026-08-18 13:51:51 [INFO]: 📊 Online users after disconnect: 
2026-08-18 13:51:51 [INFO]: 🔌 New WebSocket connection: GvaVQeZLFgHcgiBbAAEb
2026-08-18 13:51:51 [INFO]: 👤 User 7 registered on socket GvaVQeZLFgHcgiBbAAEb
2026-08-18 13:51:51 [INFO]: 📊 Online users: 7:1
2026-08-18 13:52:22 [INFO]: ❌ WebSocket disconnected: GvaVQeZLFgHcgiBbAAEb, reason: client namespace disconnect
2026-08-18 13:52:22 [INFO]: 🔴 User 7 went offline
2026-08-18 13:52:22 [INFO]: 📊 Online users after disconnect: 
2026-08-18 13:52:22 [INFO]: 🔌 New WebSocket connection: 94CEntP_f4e8CZCYAAEd
2026-08-18 13:52:22 [INFO]: 👤 User 7 registered on socket 94CEntP_f4e8CZCYAAEd
2026-08-18 13:52:22 [INFO]: 📊 Online users: 7:1
2026-08-18 13:52:53 [INFO]: ❌ WebSocket disconnected: 94CEntP_f4e8CZCYAAEd, reason: client namespace disconnect
2026-08-18 13:52:53 [INFO]: 🔴 User 7 went offline
2026-08-18 13:52:53 [INFO]: 📊 Online users after disconnect: 
2026-08-18 13:52:53 [INFO]: 🔌 New WebSocket connection: 3M8RbLAT9CeLdu2KAAEf
2026-08-18 13:52:53 [INFO]: 👤 User 7 registered on socket 3M8RbLAT9CeLdu2KAAEf
2026-08-18 13:52:53 [INFO]: 📊 Online users: 7:1
2026-08-18 13:53:24 [INFO]: ❌ WebSocket disconnected: 3M8RbLAT9CeLdu2KAAEf, reason: client namespace disconnect
2026-08-18 13:53:24 [INFO]: 🔴 User 7 went offline
2026-08-18 13:53:24 [INFO]: 📊 Online users after disconnect: 
2026-08-18 13:53:24 [INFO]: 🔌 New WebSocket connection: tinYFi6tWjvkY3QyAAEh
2026-08-18 13:53:24 [INFO]: 👤 User 7 registered on socket tinYFi6tWjvkY3QyAAEh
2026-08-18 13:53:24 [INFO]: 📊 Online users: 7:1
2026-08-18 13:53:55 [INFO]: ❌ WebSocket disconnected: tinYFi6tWjvkY3QyAAEh, reason: client namespace disconnect
2026-08-18 13:53:55 [INFO]: 🔴 User 7 went offline
2026-08-18 13:53:55 [INFO]: 📊 Online users after disconnect: 
2026-08-18 13:53:55 [INFO]: 🔌 New WebSocket connection: Bnzh2iHSCzqorAwsAAEj
2026-08-18 13:53:55 [INFO]: 👤 User 7 registered on socket Bnzh2iHSCzqorAwsAAEj
2026-08-18 13:53:55 [INFO]: 📊 Online users: 7:1
2026-08-18 13:54:26 [INFO]: ❌ WebSocket disconnected: Bnzh2iHSCzqorAwsAAEj, reason: client namespace disconnect
2026-08-18 13:54:26 [INFO]: 🔴 User 7 went offline
2026-08-18 13:54:26 [INFO]: 📊 Online users after disconnect: 
2026-08-18 13:54:26 [INFO]: 🔌 New WebSocket connection: v5C-Jfl-jmxGTWUvAAEl
2026-08-18 13:54:26 [INFO]: 👤 User 7 registered on socket v5C-Jfl-jmxGTWUvAAEl
2026-08-18 13:54:26 [INFO]: 📊 Online users: 7:1
2026-08-18 13:54:57 [INFO]: ❌ WebSocket disconnected: v5C-Jfl-jmxGTWUvAAEl, reason: client namespace disconnect
2026-08-18 13:54:57 [INFO]: 🔴 User 7 went offline
2026-08-18 13:54:57 [INFO]: 📊 Online users after disconnect: 
2026-08-18 13:54:57 [INFO]: 🔌 New WebSocket connection: 8mC8ksbIVlQjk6xWAAEn
2026-08-18 13:54:57 [INFO]: 👤 User 7 registered on socket 8mC8ksbIVlQjk6xWAAEn
2026-08-18 13:54:57 [INFO]: 📊 Online users: 7:1
2026-08-18 13:55:28 [INFO]: ❌ WebSocket disconnected: 8mC8ksbIVlQjk6xWAAEn, reason: client namespace disconnect
2026-08-18 13:55:28 [INFO]: 🔴 User 7 went offline
2026-08-18 13:55:28 [INFO]: 📊 Online users after disconnect: 
2026-08-18 13:55:28 [INFO]: 🔌 New WebSocket connection: lucfky8l6fbeuX7rAAEp
2026-08-18 13:55:28 [INFO]: 👤 User 7 registered on socket lucfky8l6fbeuX7rAAEp
2026-08-18 13:55:28 [INFO]: 📊 Online users: 7:1
2026-08-18 13:55:59 [INFO]: ❌ WebSocket disconnected: lucfky8l6fbeuX7rAAEp, reason: client namespace disconnect
2026-08-18 13:55:59 [INFO]: 🔴 User 7 went offline
2026-08-18 13:55:59 [INFO]: 📊 Online users after disconnect: 
2026-08-18 13:55:59 [INFO]: 🔌 New WebSocket connection: WhmMUVOz7BqPvOWjAAEr
2026-08-18 13:55:59 [INFO]: 👤 User 7 registered on socket WhmMUVOz7BqPvOWjAAEr
2026-08-18 13:55:59 [INFO]: 📊 Online users: 7:1
2026-08-18 13:56:30 [INFO]: ❌ WebSocket disconnected: WhmMUVOz7BqPvOWjAAEr, reason: client namespace disconnect
2026-08-18 13:56:30 [INFO]: 🔴 User 7 went offline
2026-08-18 13:56:30 [INFO]: 📊 Online users after disconnect: 
2026-08-18 13:56:30 [INFO]: 🔌 New WebSocket connection: 79FF5cL3s5sPHuR2AAEt
2026-08-18 13:56:30 [INFO]: 👤 User 7 registered on socket 79FF5cL3s5sPHuR2AAEt
2026-08-18 13:56:30 [INFO]: 📊 Online users: 7:1
2026-08-18 13:57:01 [INFO]: ❌ WebSocket disconnected: 79FF5cL3s5sPHuR2AAEt, reason: client namespace disconnect
2026-08-18 13:57:01 [INFO]: 🔴 User 7 went offline
2026-08-18 13:57:01 [INFO]: 📊 Online users after disconnect: 
2026-08-18 13:57:01 [INFO]: 🔌 New WebSocket connection: NOW8bKOlFs_KccJ0AAEv
2026-08-18 13:57:01 [INFO]: 👤 User 7 registered on socket NOW8bKOlFs_KccJ0AAEv
2026-08-18 13:57:01 [INFO]: 📊 Online users: 7:1
2026-08-18 13:57:32 [INFO]: ❌ WebSocket disconnected: NOW8bKOlFs_KccJ0AAEv, reason: client namespace disconnect
2026-08-18 13:57:32 [INFO]: 🔴 User 7 went offline
2026-08-18 13:57:32 [INFO]: 📊 Online users after disconnect: 
2026-08-18 13:57:32 [INFO]: 🔌 New WebSocket connection: q6FL1dYWijF4wHzuAAEx
2026-08-18 13:57:32 [INFO]: 👤 User 7 registered on socket q6FL1dYWijF4wHzuAAEx
2026-08-18 13:57:32 [INFO]: 📊 Online users: 7:1
2026-08-18 13:58:03 [INFO]: ❌ WebSocket disconnected: q6FL1dYWijF4wHzuAAEx, reason: client namespace disconnect
2026-08-18 13:58:03 [INFO]: 🔴 User 7 went offline
2026-08-18 13:58:03 [INFO]: 📊 Online users after disconnect: 
2026-08-18 13:58:03 [INFO]: 🔌 New WebSocket connection: BJsXaF90M-JZWbDCAAEz
2026-08-18 13:58:03 [INFO]: 👤 User 7 registered on socket BJsXaF90M-JZWbDCAAEz
2026-08-18 13:58:03 [INFO]: 📊 Online users: 7:1
2026-08-18 13:58:34 [INFO]: ❌ WebSocket disconnected: BJsXaF90M-JZWbDCAAEz, reason: client namespace disconnect
2026-08-18 13:58:34 [INFO]: 🔴 User 7 went offline
2026-08-18 13:58:34 [INFO]: 📊 Online users after disconnect: 
2026-08-18 13:58:35 [INFO]: 🔌 New WebSocket connection: 0P2P5oZyDsOJt8anAAE1
2026-08-18 13:58:35 [INFO]: 👤 User 7 registered on socket 0P2P5oZyDsOJt8anAAE1
2026-08-18 13:58:35 [INFO]: 📊 Online users: 7:1
2026-08-18 13:59:06 [INFO]: ❌ WebSocket disconnected: 0P2P5oZyDsOJt8anAAE1, reason: client namespace disconnect
2026-08-18 13:59:06 [INFO]: 🔴 User 7 went offline
2026-08-18 13:59:06 [INFO]: 📊 Online users after disconnect: 
2026-08-18 13:59:06 [INFO]: 🔌 New WebSocket connection: q0A1z5pjN-qvYcvaAAE3
2026-08-18 13:59:06 [INFO]: 👤 User 7 registered on socket q0A1z5pjN-qvYcvaAAE3
2026-08-18 13:59:06 [INFO]: 📊 Online users: 7:1
2026-08-18 13:59:37 [INFO]: ❌ WebSocket disconnected: q0A1z5pjN-qvYcvaAAE3, reason: client namespace disconnect
2026-08-18 13:59:37 [INFO]: 🔴 User 7 went offline
2026-08-18 13:59:37 [INFO]: 📊 Online users after disconnect: 
2026-08-18 13:59:37 [INFO]: 🔌 New WebSocket connection: eLNDX0DvrMvM9eA5AAE5
2026-08-18 13:59:37 [INFO]: 👤 User 7 registered on socket eLNDX0DvrMvM9eA5AAE5
2026-08-18 13:59:37 [INFO]: 📊 Online users: 7:1
2026-08-18 14:00:08 [INFO]: ❌ WebSocket disconnected: eLNDX0DvrMvM9eA5AAE5, reason: client namespace disconnect
2026-08-18 14:00:08 [INFO]: 🔴 User 7 went offline
2026-08-18 14:00:08 [INFO]: 📊 Online users after disconnect: 
2026-08-18 14:00:08 [INFO]: 🔌 New WebSocket connection: aI6StdqyRy-lAxsEAAE7
2026-08-18 14:00:08 [INFO]: 👤 User 7 registered on socket aI6StdqyRy-lAxsEAAE7
2026-08-18 14:00:08 [INFO]: 📊 Online users: 7:1
2026-08-18 14:00:39 [INFO]: ❌ WebSocket disconnected: aI6StdqyRy-lAxsEAAE7, reason: client namespace disconnect
2026-08-18 14:00:39 [INFO]: 🔴 User 7 went offline
2026-08-18 14:00:39 [INFO]: 📊 Online users after disconnect: 
2026-08-18 14:00:39 [INFO]: 🔌 New WebSocket connection: f-95UgTqLnzJ8uKeAAE9
2026-08-18 14:00:39 [INFO]: 👤 User 7 registered on socket f-95UgTqLnzJ8uKeAAE9
2026-08-18 14:00:39 [INFO]: 📊 Online users: 7:1
2026-08-18 14:01:10 [INFO]: ❌ WebSocket disconnected: f-95UgTqLnzJ8uKeAAE9, reason: client namespace disconnect
2026-08-18 14:01:10 [INFO]: 🔴 User 7 went offline
2026-08-18 14:01:10 [INFO]: 📊 Online users after disconnect: 
2026-08-18 14:01:10 [INFO]: 🔌 New WebSocket connection: dGo2xp6EwzMhSggWAAE_
2026-08-18 14:01:10 [INFO]: 👤 User 7 registered on socket dGo2xp6EwzMhSggWAAE_
2026-08-18 14:01:10 [INFO]: 📊 Online users: 7:1
2026-08-18 14:01:41 [INFO]: ❌ WebSocket disconnected: dGo2xp6EwzMhSggWAAE_, reason: client namespace disconnect
2026-08-18 14:01:41 [INFO]: 🔴 User 7 went offline
2026-08-18 14:01:41 [INFO]: 📊 Online users after disconnect: 
2026-08-18 14:01:41 [INFO]: 🔌 New WebSocket connection: -mxyrflCB9We_J0lAAFB
2026-08-18 14:01:41 [INFO]: 👤 User 7 registered on socket -mxyrflCB9We_J0lAAFB
2026-08-18 14:01:41 [INFO]: 📊 Online users: 7:1
2026-08-18 14:02:12 [INFO]: ❌ WebSocket disconnected: -mxyrflCB9We_J0lAAFB, reason: client namespace disconnect
2026-08-18 14:02:12 [INFO]: 🔴 User 7 went offline
2026-08-18 14:02:12 [INFO]: 📊 Online users after disconnect: 
2026-08-18 14:02:12 [INFO]: 🔌 New WebSocket connection: sGG0PusPHxEMM5ENAAFD
2026-08-18 14:02:12 [INFO]: 👤 User 7 registered on socket sGG0PusPHxEMM5ENAAFD
2026-08-18 14:02:12 [INFO]: 📊 Online users: 7:1
2026-08-18 14:02:43 [INFO]: ❌ WebSocket disconnected: sGG0PusPHxEMM5ENAAFD, reason: client namespace disconnect
2026-08-18 14:02:43 [INFO]: 🔴 User 7 went offline
2026-08-18 14:02:43 [INFO]: 📊 Online users after disconnect: 
2026-08-18 14:02:43 [INFO]: 🔌 New WebSocket connection: XJRLOXsTQJLwPSwcAAFF
2026-08-18 14:02:43 [INFO]: 👤 User 7 registered on socket XJRLOXsTQJLwPSwcAAFF
2026-08-18 14:02:43 [INFO]: 📊 Online users: 7:1
2026-08-18 14:03:14 [INFO]: ❌ WebSocket disconnected: XJRLOXsTQJLwPSwcAAFF, reason: client namespace disconnect
2026-08-18 14:03:14 [INFO]: 🔴 User 7 went offline
2026-08-18 14:03:14 [INFO]: 📊 Online users after disconnect: 
2026-08-18 14:03:14 [INFO]: 🔌 New WebSocket connection: F2_TcODF6nMuSD8WAAFH
2026-08-18 14:03:14 [INFO]: 👤 User 7 registered on socket F2_TcODF6nMuSD8WAAFH
2026-08-18 14:03:14 [INFO]: 📊 Online users: 7:1
2026-08-18 14:03:45 [INFO]: ❌ WebSocket disconnected: F2_TcODF6nMuSD8WAAFH, reason: client namespace disconnect
2026-08-18 14:03:45 [INFO]: 🔴 User 7 went offline
2026-08-18 14:03:45 [INFO]: 📊 Online users after disconnect: 
2026-08-18 14:03:45 [INFO]: 🔌 New WebSocket connection: XWUe4wx4jeUH9fiaAAFJ
2026-08-18 14:03:45 [INFO]: 👤 User 7 registered on socket XWUe4wx4jeUH9fiaAAFJ
2026-08-18 14:03:45 [INFO]: 📊 Online users: 7:1
2026-08-18 14:04:16 [INFO]: ❌ WebSocket disconnected: XWUe4wx4jeUH9fiaAAFJ, reason: client namespace disconnect
2026-08-18 14:04:16 [INFO]: 🔴 User 7 went offline
2026-08-18 14:04:16 [INFO]: 📊 Online users after disconnect: 
2026-08-18 14:04:16 [INFO]: 🔌 New WebSocket connection: cL4D0dEoBS16UqLkAAFL
2026-08-18 14:04:16 [INFO]: 👤 User 7 registered on socket cL4D0dEoBS16UqLkAAFL
2026-08-18 14:04:16 [INFO]: 📊 Online users: 7:1
2026-08-18 14:04:47 [INFO]: ❌ WebSocket disconnected: cL4D0dEoBS16UqLkAAFL, reason: client namespace disconnect
2026-08-18 14:04:47 [INFO]: 🔴 User 7 went offline
2026-08-18 14:04:47 [INFO]: 📊 Online users after disconnect: 
2026-08-18 14:04:47 [INFO]: 🔌 New WebSocket connection: 5th0c9Yozkg6kTKGAAFN
2026-08-18 14:04:47 [INFO]: 👤 User 7 registered on socket 5th0c9Yozkg6kTKGAAFN
2026-08-18 14:04:47 [INFO]: 📊 Online users: 7:1
2026-08-18 14:05:18 [INFO]: ❌ WebSocket disconnected: 5th0c9Yozkg6kTKGAAFN, reason: client namespace disconnect
2026-08-18 14:05:18 [INFO]: 🔴 User 7 went offline
2026-08-18 14:05:18 [INFO]: 📊 Online users after disconnect: 
2026-08-18 14:05:18 [INFO]: 🔌 New WebSocket connection: GOGz559kYgsQ0arBAAFP
2026-08-18 14:05:18 [INFO]: 👤 User 7 registered on socket GOGz559kYgsQ0arBAAFP
2026-08-18 14:05:18 [INFO]: 📊 Online users: 7:1
2026-08-18 14:05:49 [INFO]: ❌ WebSocket disconnected: GOGz559kYgsQ0arBAAFP, reason: client namespace disconnect
2026-08-18 14:05:49 [INFO]: 🔴 User 7 went offline
2026-08-18 14:05:49 [INFO]: 📊 Online users after disconnect: 
2026-08-18 14:05:49 [INFO]: 🔌 New WebSocket connection: GaDcxWEWF0GfusxgAAFR
2026-08-18 14:05:49 [INFO]: 👤 User 7 registered on socket GaDcxWEWF0GfusxgAAFR
2026-08-18 14:05:49 [INFO]: 📊 Online users: 7:1
2026-08-18 14:06:20 [INFO]: ❌ WebSocket disconnected: GaDcxWEWF0GfusxgAAFR, reason: client namespace disconnect
2026-08-18 14:06:20 [INFO]: 🔴 User 7 went offline
2026-08-18 14:06:20 [INFO]: 📊 Online users after disconnect: 
2026-08-18 14:06:20 [INFO]: 🔌 New WebSocket connection: BjmnYL1Xzbxf8vTZAAFT
2026-08-18 14:06:20 [INFO]: 👤 User 7 registered on socket BjmnYL1Xzbxf8vTZAAFT
2026-08-18 14:06:20 [INFO]: 📊 Online users: 7:1
2026-08-18 14:06:51 [INFO]: ❌ WebSocket disconnected: BjmnYL1Xzbxf8vTZAAFT, reason: client namespace disconnect
2026-08-18 14:06:51 [INFO]: 🔴 User 7 went offline
2026-08-18 14:06:51 [INFO]: 📊 Online users after disconnect: 
2026-08-18 14:06:51 [INFO]: 🔌 New WebSocket connection: dn65NlU801k1nO3NAAFV
2026-08-18 14:06:51 [INFO]: 👤 User 7 registered on socket dn65NlU801k1nO3NAAFV
2026-08-18 14:06:51 [INFO]: 📊 Online users: 7:1
2026-08-18 14:07:22 [INFO]: ❌ WebSocket disconnected: dn65NlU801k1nO3NAAFV, reason: client namespace disconnect
2026-08-18 14:07:22 [INFO]: 🔴 User 7 went offline
2026-08-18 14:07:22 [INFO]: 📊 Online users after disconnect: 
2026-08-18 14:07:22 [INFO]: 🔌 New WebSocket connection: 79tjgZB_DwklN6pZAAFX
2026-08-18 14:07:22 [INFO]: 👤 User 7 registered on socket 79tjgZB_DwklN6pZAAFX
2026-08-18 14:07:22 [INFO]: 📊 Online users: 7:1
2026-08-18 14:07:53 [INFO]: ❌ WebSocket disconnected: 79tjgZB_DwklN6pZAAFX, reason: client namespace disconnect
2026-08-18 14:07:53 [INFO]: 🔴 User 7 went offline
2026-08-18 14:07:53 [INFO]: 📊 Online users after disconnect: 
2026-08-18 14:07:53 [INFO]: 🔌 New WebSocket connection: yZGkAGUGDv-XcfqSAAFZ
2026-08-18 14:07:53 [INFO]: 👤 User 7 registered on socket yZGkAGUGDv-XcfqSAAFZ
2026-08-18 14:07:53 [INFO]: 📊 Online users: 7:1
2026-08-18 14:08:24 [INFO]: ❌ WebSocket disconnected: yZGkAGUGDv-XcfqSAAFZ, reason: client namespace disconnect
2026-08-18 14:08:24 [INFO]: 🔴 User 7 went offline
2026-08-18 14:08:24 [INFO]: 📊 Online users after disconnect: 
2026-08-18 14:08:24 [INFO]: 🔌 New WebSocket connection: 7YeP-VxS02uYFmaYAAFb
2026-08-18 14:08:24 [INFO]: 👤 User 7 registered on socket 7YeP-VxS02uYFmaYAAFb
2026-08-18 14:08:24 [INFO]: 📊 Online users: 7:1
2026-08-18 14:08:55 [INFO]: ❌ WebSocket disconnected: 7YeP-VxS02uYFmaYAAFb, reason: client namespace disconnect
2026-08-18 14:08:55 [INFO]: 🔴 User 7 went offline
2026-08-18 14:08:55 [INFO]: 📊 Online users after disconnect: 
2026-08-18 14:08:55 [INFO]: 🔌 New WebSocket connection: GytmVw5NxV22XzikAAFd
2026-08-18 14:08:55 [INFO]: 👤 User 7 registered on socket GytmVw5NxV22XzikAAFd
2026-08-18 14:08:55 [INFO]: 📊 Online users: 7:1
2026-08-18 14:09:26 [INFO]: ❌ WebSocket disconnected: GytmVw5NxV22XzikAAFd, reason: client namespace disconnect
2026-08-18 14:09:26 [INFO]: 🔴 User 7 went offline
2026-08-18 14:09:26 [INFO]: 📊 Online users after disconnect: 
2026-08-18 14:09:26 [INFO]: 🔌 New WebSocket connection: 9o6pExBrJ3NiYdKkAAFf
2026-08-18 14:09:26 [INFO]: 👤 User 7 registered on socket 9o6pExBrJ3NiYdKkAAFf
2026-08-18 14:09:26 [INFO]: 📊 Online users: 7:1
2026-08-18 14:09:57 [INFO]: ❌ WebSocket disconnected: 9o6pExBrJ3NiYdKkAAFf, reason: client namespace disconnect
2026-08-18 14:09:57 [INFO]: 🔴 User 7 went offline
2026-08-18 14:09:57 [INFO]: 📊 Online users after disconnect: 
2026-08-18 14:09:57 [INFO]: 🔌 New WebSocket connection: cd5UceCELEc5_TuWAAFh
2026-08-18 14:09:57 [INFO]: 👤 User 7 registered on socket cd5UceCELEc5_TuWAAFh
2026-08-18 14:09:57 [INFO]: 📊 Online users: 7:1
2026-08-18 14:10:28 [INFO]: ❌ WebSocket disconnected: cd5UceCELEc5_TuWAAFh, reason: client namespace disconnect
2026-08-18 14:10:28 [INFO]: 🔴 User 7 went offline
2026-08-18 14:10:28 [INFO]: 📊 Online users after disconnect: 
2026-08-18 14:10:28 [INFO]: 🔌 New WebSocket connection: 3bF1_dKC20BMKPinAAFj
2026-08-18 14:10:28 [INFO]: 👤 User 7 registered on socket 3bF1_dKC20BMKPinAAFj
2026-08-18 14:10:28 [INFO]: 📊 Online users: 7:1
2026-08-18 14:10:59 [INFO]: ❌ WebSocket disconnected: 3bF1_dKC20BMKPinAAFj, reason: client namespace disconnect
2026-08-18 14:10:59 [INFO]: 🔴 User 7 went offline
2026-08-18 14:10:59 [INFO]: 📊 Online users after disconnect: 
2026-08-18 14:10:59 [INFO]: 🔌 New WebSocket connection: fZSHB_a7qX84KLGiAAFl
2026-08-18 14:10:59 [INFO]: 👤 User 7 registered on socket fZSHB_a7qX84KLGiAAFl
2026-08-18 14:10:59 [INFO]: 📊 Online users: 7:1
2026-08-18 14:11:30 [INFO]: ❌ WebSocket disconnected: fZSHB_a7qX84KLGiAAFl, reason: client namespace disconnect
2026-08-18 14:11:30 [INFO]: 🔴 User 7 went offline
2026-08-18 14:11:30 [INFO]: 📊 Online users after disconnect: 
2026-08-18 14:11:30 [INFO]: 🔌 New WebSocket connection: SKKTCFCh37TmpzA6AAFn
2026-08-18 14:11:30 [INFO]: 👤 User 7 registered on socket SKKTCFCh37TmpzA6AAFn
2026-08-18 14:11:30 [INFO]: 📊 Online users: 7:1
2026-08-18 14:12:01 [INFO]: ❌ WebSocket disconnected: SKKTCFCh37TmpzA6AAFn, reason: client namespace disconnect
2026-08-18 14:12:01 [INFO]: 🔴 User 7 went offline
2026-08-18 14:12:01 [INFO]: 📊 Online users after disconnect: 
2026-08-18 14:12:01 [INFO]: 🔌 New WebSocket connection: UT1Kqwe_L2LBj78XAAFp
2026-08-18 14:12:01 [INFO]: 👤 User 7 registered on socket UT1Kqwe_L2LBj78XAAFp
2026-08-18 14:12:01 [INFO]: 📊 Online users: 7:1
2026-08-18 14:12:32 [INFO]: ❌ WebSocket disconnected: UT1Kqwe_L2LBj78XAAFp, reason: client namespace disconnect
2026-08-18 14:12:32 [INFO]: 🔴 User 7 went offline
2026-08-18 14:12:32 [INFO]: 📊 Online users after disconnect: 
2026-08-18 14:12:32 [INFO]: 🔌 New WebSocket connection: 9IFRv3RGpywgMmbUAAFr
2026-08-18 14:12:32 [INFO]: 👤 User 7 registered on socket 9IFRv3RGpywgMmbUAAFr
2026-08-18 14:12:32 [INFO]: 📊 Online users: 7:1
2026-08-18 14:13:03 [INFO]: ❌ WebSocket disconnected: 9IFRv3RGpywgMmbUAAFr, reason: client namespace disconnect
2026-08-18 14:13:03 [INFO]: 🔴 User 7 went offline
2026-08-18 14:13:03 [INFO]: 📊 Online users after disconnect: 
2026-08-18 14:13:03 [INFO]: 🔌 New WebSocket connection: HR2rdxlbaBmrNoycAAFt
2026-08-18 14:13:03 [INFO]: 👤 User 7 registered on socket HR2rdxlbaBmrNoycAAFt
2026-08-18 14:13:03 [INFO]: 📊 Online users: 7:1
2026-08-18 14:13:34 [INFO]: ❌ WebSocket disconnected: HR2rdxlbaBmrNoycAAFt, reason: client namespace disconnect
2026-08-18 14:13:34 [INFO]: 🔴 User 7 went offline
2026-08-18 14:13:34 [INFO]: 📊 Online users after disconnect: 
2026-08-18 14:13:34 [INFO]: 🔌 New WebSocket connection: -Vg-465KXulz_ARiAAFv
2026-08-18 14:13:34 [INFO]: 👤 User 7 registered on socket -Vg-465KXulz_ARiAAFv
2026-08-18 14:13:34 [INFO]: 📊 Online users: 7:1
2026-08-18 14:14:05 [INFO]: ❌ WebSocket disconnected: -Vg-465KXulz_ARiAAFv, reason: client namespace disconnect
2026-08-18 14:14:05 [INFO]: 🔴 User 7 went offline
2026-08-18 14:14:05 [INFO]: 📊 Online users after disconnect: 
2026-08-18 14:14:05 [INFO]: 🔌 New WebSocket connection: Si4GvV_shyvfuzw1AAFx
2026-08-18 14:14:05 [INFO]: 👤 User 7 registered on socket Si4GvV_shyvfuzw1AAFx
2026-08-18 14:14:05 [INFO]: 📊 Online users: 7:1
2026-08-18 14:14:36 [INFO]: ❌ WebSocket disconnected: Si4GvV_shyvfuzw1AAFx, reason: client namespace disconnect
2026-08-18 14:14:36 [INFO]: 🔴 User 7 went offline
2026-08-18 14:14:36 [INFO]: 📊 Online users after disconnect: 
2026-08-18 14:14:36 [INFO]: 🔌 New WebSocket connection: zQSzD7jJyk-E66UlAAFz
2026-08-18 14:14:36 [INFO]: 👤 User 7 registered on socket zQSzD7jJyk-E66UlAAFz
2026-08-18 14:14:36 [INFO]: 📊 Online users: 7:1
2026-08-18 14:15:07 [INFO]: ❌ WebSocket disconnected: zQSzD7jJyk-E66UlAAFz, reason: client namespace disconnect
2026-08-18 14:15:07 [INFO]: 🔴 User 7 went offline
2026-08-18 14:15:07 [INFO]: 📊 Online users after disconnect: 
2026-08-18 14:15:07 [INFO]: 🔌 New WebSocket connection: SS2ZBLNEZgSeX-iBAAF1
2026-08-18 14:15:07 [INFO]: 👤 User 7 registered on socket SS2ZBLNEZgSeX-iBAAF1
2026-08-18 14:15:07 [INFO]: 📊 Online users: 7:1
2026-08-18 14:15:38 [INFO]: ❌ WebSocket disconnected: SS2ZBLNEZgSeX-iBAAF1, reason: client namespace disconnect
2026-08-18 14:15:38 [INFO]: 🔴 User 7 went offline
2026-08-18 14:15:38 [INFO]: 📊 Online users after disconnect: 
2026-08-18 14:15:38 [INFO]: 🔌 New WebSocket connection: 1MfF9ytf4ggL2osFAAF3
2026-08-18 14:15:38 [INFO]: 👤 User 7 registered on socket 1MfF9ytf4ggL2osFAAF3
2026-08-18 14:15:38 [INFO]: 📊 Online users: 7:1
2026-08-18 14:16:09 [INFO]: ❌ WebSocket disconnected: 1MfF9ytf4ggL2osFAAF3, reason: client namespace disconnect
2026-08-18 14:16:09 [INFO]: 🔴 User 7 went offline
2026-08-18 14:16:09 [INFO]: 📊 Online users after disconnect: 
2026-08-18 14:16:09 [INFO]: 🔌 New WebSocket connection: lLJ0gbhjx6w4jAu0AAF5
2026-08-18 14:16:09 [INFO]: 👤 User 7 registered on socket lLJ0gbhjx6w4jAu0AAF5
2026-08-18 14:16:09 [INFO]: 📊 Online users: 7:1
2026-08-18 14:16:40 [INFO]: ❌ WebSocket disconnected: lLJ0gbhjx6w4jAu0AAF5, reason: client namespace disconnect
2026-08-18 14:16:40 [INFO]: 🔴 User 7 went offline
2026-08-18 14:16:40 [INFO]: 📊 Online users after disconnect: 
2026-08-18 14:16:40 [INFO]: 🔌 New WebSocket connection: rWBKwpEuKWfUGFbkAAF7
2026-08-18 14:16:40 [INFO]: 👤 User 7 registered on socket rWBKwpEuKWfUGFbkAAF7
2026-08-18 14:16:40 [INFO]: 📊 Online users: 7:1
2026-08-18 14:17:11 [INFO]: ❌ WebSocket disconnected: rWBKwpEuKWfUGFbkAAF7, reason: client namespace disconnect
2026-08-18 14:17:11 [INFO]: 🔴 User 7 went offline
2026-08-18 14:17:11 [INFO]: 📊 Online users after disconnect: 
2026-08-18 14:17:11 [INFO]: 🔌 New WebSocket connection: EkjGbGFcwL7CaLD3AAF9
2026-08-18 14:17:11 [INFO]: 👤 User 7 registered on socket EkjGbGFcwL7CaLD3AAF9
2026-08-18 14:17:11 [INFO]: 📊 Online users: 7:1
2026-08-18 14:17:42 [INFO]: ❌ WebSocket disconnected: EkjGbGFcwL7CaLD3AAF9, reason: client namespace disconnect
2026-08-18 14:17:42 [INFO]: 🔴 User 7 went offline
2026-08-18 14:17:42 [INFO]: 📊 Online users after disconnect: 
2026-08-18 14:17:43 [INFO]: 🔌 New WebSocket connection: fUK3kjPLzNd1vLVqAAF_
2026-08-18 14:17:43 [INFO]: 👤 User 7 registered on socket fUK3kjPLzNd1vLVqAAF_
2026-08-18 14:17:43 [INFO]: 📊 Online users: 7:1
2026-08-18 14:18:14 [INFO]: ❌ WebSocket disconnected: fUK3kjPLzNd1vLVqAAF_, reason: client namespace disconnect
2026-08-18 14:18:14 [INFO]: 🔴 User 7 went offline
2026-08-18 14:18:14 [INFO]: 📊 Online users after disconnect: 
2026-08-18 14:18:14 [INFO]: 🔌 New WebSocket connection: e6eVL73f9PJsDpSWAAGB
2026-08-18 14:18:14 [INFO]: 👤 User 7 registered on socket e6eVL73f9PJsDpSWAAGB
2026-08-18 14:18:14 [INFO]: 📊 Online users: 7:1
2026-08-18 14:18:45 [INFO]: ❌ WebSocket disconnected: e6eVL73f9PJsDpSWAAGB, reason: client namespace disconnect
2026-08-18 14:18:45 [INFO]: 🔴 User 7 went offline
2026-08-18 14:18:45 [INFO]: 📊 Online users after disconnect: 
2026-08-18 14:18:45 [INFO]: 🔌 New WebSocket connection: yLLjzUQFjcJQdLlEAAGD
2026-08-18 14:18:45 [INFO]: 👤 User 7 registered on socket yLLjzUQFjcJQdLlEAAGD
2026-08-18 14:18:45 [INFO]: 📊 Online users: 7:1
2026-08-18 14:19:16 [INFO]: ❌ WebSocket disconnected: yLLjzUQFjcJQdLlEAAGD, reason: client namespace disconnect
2026-08-18 14:19:16 [INFO]: 🔴 User 7 went offline
2026-08-18 14:19:16 [INFO]: 📊 Online users after disconnect: 
2026-08-18 14:19:16 [INFO]: 🔌 New WebSocket connection: 25FA2BP5N6qENG8TAAGF
2026-08-18 14:19:16 [INFO]: 👤 User 7 registered on socket 25FA2BP5N6qENG8TAAGF
2026-08-18 14:19:16 [INFO]: 📊 Online users: 7:1
2026-08-18 14:19:47 [INFO]: ❌ WebSocket disconnected: 25FA2BP5N6qENG8TAAGF, reason: client namespace disconnect
2026-08-18 14:19:47 [INFO]: 🔴 User 7 went offline
2026-08-18 14:19:47 [INFO]: 📊 Online users after disconnect: 
2026-08-18 14:19:47 [INFO]: 🔌 New WebSocket connection: QFi3yI8o5SQfOSSvAAGH
2026-08-18 14:19:47 [INFO]: 👤 User 7 registered on socket QFi3yI8o5SQfOSSvAAGH
2026-08-18 14:19:47 [INFO]: 📊 Online users: 7:1
2026-08-18 14:20:18 [INFO]: ❌ WebSocket disconnected: QFi3yI8o5SQfOSSvAAGH, reason: client namespace disconnect
2026-08-18 14:20:18 [INFO]: 🔴 User 7 went offline
2026-08-18 14:20:18 [INFO]: 📊 Online users after disconnect: 
2026-08-18 14:20:18 [INFO]: 🔌 New WebSocket connection: 20F00bIhqwN7GX0nAAGJ
2026-08-18 14:20:18 [INFO]: 👤 User 7 registered on socket 20F00bIhqwN7GX0nAAGJ
2026-08-18 14:20:18 [INFO]: 📊 Online users: 7:1
2026-08-18 14:20:49 [INFO]: ❌ WebSocket disconnected: 20F00bIhqwN7GX0nAAGJ, reason: client namespace disconnect
2026-08-18 14:20:49 [INFO]: 🔴 User 7 went offline
2026-08-18 14:20:49 [INFO]: 📊 Online users after disconnect: 
2026-08-18 14:20:49 [INFO]: 🔌 New WebSocket connection: SjUtxfFAzA8qM_oVAAGL
2026-08-18 14:20:49 [INFO]: 👤 User 7 registered on socket SjUtxfFAzA8qM_oVAAGL
2026-08-18 14:20:49 [INFO]: 📊 Online users: 7:1
2026-08-18 14:21:20 [INFO]: ❌ WebSocket disconnected: SjUtxfFAzA8qM_oVAAGL, reason: client namespace disconnect
2026-08-18 14:21:20 [INFO]: 🔴 User 7 went offline
2026-08-18 14:21:20 [INFO]: 📊 Online users after disconnect: 
2026-08-18 14:21:20 [INFO]: 🔌 New WebSocket connection: jwk9zEl3eKHfUHIbAAGN
2026-08-18 14:21:20 [INFO]: 👤 User 7 registered on socket jwk9zEl3eKHfUHIbAAGN
2026-08-18 14:21:20 [INFO]: 📊 Online users: 7:1
2026-08-18 14:21:51 [INFO]: ❌ WebSocket disconnected: jwk9zEl3eKHfUHIbAAGN, reason: client namespace disconnect
2026-08-18 14:21:51 [INFO]: 🔴 User 7 went offline
2026-08-18 14:21:51 [INFO]: 📊 Online users after disconnect: 
2026-08-18 14:21:51 [INFO]: 🔌 New WebSocket connection: Tu8TIuvlonmYYrypAAGP
2026-08-18 14:21:51 [INFO]: 👤 User 7 registered on socket Tu8TIuvlonmYYrypAAGP
2026-08-18 14:21:51 [INFO]: 📊 Online users: 7:1
2026-08-18 14:22:22 [INFO]: ❌ WebSocket disconnected: Tu8TIuvlonmYYrypAAGP, reason: client namespace disconnect
2026-08-18 14:22:22 [INFO]: 🔴 User 7 went offline
2026-08-18 14:22:22 [INFO]: 📊 Online users after disconnect: 
2026-08-18 14:22:22 [INFO]: 🔌 New WebSocket connection: Kic9urCDUJ0zbDyfAAGR
2026-08-18 14:22:22 [INFO]: 👤 User 7 registered on socket Kic9urCDUJ0zbDyfAAGR
2026-08-18 14:22:22 [INFO]: 📊 Online users: 7:1
2026-08-18 14:22:53 [INFO]: ❌ WebSocket disconnected: Kic9urCDUJ0zbDyfAAGR, reason: client namespace disconnect
2026-08-18 14:22:53 [INFO]: 🔴 User 7 went offline
2026-08-18 14:22:53 [INFO]: 📊 Online users after disconnect: 
2026-08-18 14:22:55 [INFO]: 🔌 New WebSocket connection: dILDRr_eKX3MvuwBAAGT
2026-08-18 14:22:56 [INFO]: 👤 User 7 registered on socket dILDRr_eKX3MvuwBAAGT
2026-08-18 14:22:56 [INFO]: 📊 Online users: 7:1
2026-08-18 14:23:26 [INFO]: ❌ WebSocket disconnected: dILDRr_eKX3MvuwBAAGT, reason: client namespace disconnect
2026-08-18 14:23:26 [INFO]: 🔴 User 7 went offline
2026-08-18 14:23:26 [INFO]: 📊 Online users after disconnect: 
2026-08-18 14:23:26 [INFO]: 🔌 New WebSocket connection: Ty_Oe6A5G66SH2fvAAGV
2026-08-18 14:23:26 [INFO]: 👤 User 7 registered on socket Ty_Oe6A5G66SH2fvAAGV
2026-08-18 14:23:26 [INFO]: 📊 Online users: 7:1
2026-08-18 14:23:57 [INFO]: ❌ WebSocket disconnected: Ty_Oe6A5G66SH2fvAAGV, reason: client namespace disconnect
2026-08-18 14:23:57 [INFO]: 🔴 User 7 went offline
2026-08-18 14:23:57 [INFO]: 📊 Online users after disconnect: 
2026-08-18 14:23:58 [INFO]: 🔌 New WebSocket connection: Mvcr-GBkrLcMd81hAAGX
2026-08-18 14:24:00 [INFO]: 👤 User 7 registered on socket Mvcr-GBkrLcMd81hAAGX
2026-08-18 14:24:00 [INFO]: 📊 Online users: 7:1
2026-08-18 14:24:13 [INFO]: ❌ WebSocket disconnected: Mvcr-GBkrLcMd81hAAGX, reason: transport close
2026-08-18 14:24:13 [INFO]: 🔴 User 7 went offline
2026-08-18 14:24:13 [INFO]: 📊 Online users after disconnect: 
2026-08-18 14:24:13 [INFO]: 🔌 New WebSocket connection: yqloEKfKM3g3EGV8AAGZ
2026-08-18 14:24:13 [INFO]: 👤 User 7 registered on socket yqloEKfKM3g3EGV8AAGZ
2026-08-18 14:24:13 [INFO]: 📊 Online users: 7:1
2026-08-18 14:24:44 [INFO]: ❌ WebSocket disconnected: yqloEKfKM3g3EGV8AAGZ, reason: client namespace disconnect
2026-08-18 14:24:44 [INFO]: 🔴 User 7 went offline
2026-08-18 14:24:44 [INFO]: 📊 Online users after disconnect: 
2026-08-18 14:24:46 [INFO]: 🔌 New WebSocket connection: aLgdy2gZOv7SQeEQAAGb
2026-08-18 14:24:46 [INFO]: 👤 User 7 registered on socket aLgdy2gZOv7SQeEQAAGb
2026-08-18 14:24:46 [INFO]: 📊 Online users: 7:1
2026-08-18 14:25:17 [INFO]: ❌ WebSocket disconnected: aLgdy2gZOv7SQeEQAAGb, reason: client namespace disconnect
2026-08-18 14:25:17 [INFO]: 🔴 User 7 went offline
2026-08-18 14:25:17 [INFO]: 📊 Online users after disconnect: 
2026-08-18 14:25:18 [INFO]: 🔌 New WebSocket connection: 2dmsxY6x02e6-ZRtAAGd
2026-08-18 14:25:18 [INFO]: 👤 User 7 registered on socket 2dmsxY6x02e6-ZRtAAGd
2026-08-18 14:25:18 [INFO]: 📊 Online users: 7:1
2026-08-18 14:25:24 [INFO]: ❌ WebSocket disconnected: 2dmsxY6x02e6-ZRtAAGd, reason: transport close
2026-08-18 14:25:24 [INFO]: 🔴 User 7 went offline
2026-08-18 14:25:24 [INFO]: 📊 Online users after disconnect: 
2026-08-18 14:25:24 [INFO]: 🔌 New WebSocket connection: JezOPeVJnS-p8luvAAGf
2026-08-18 14:25:24 [INFO]: 👤 User 7 registered on socket JezOPeVJnS-p8luvAAGf
2026-08-18 14:25:24 [INFO]: 📊 Online users: 7:1
2026-08-18 14:25:35 [INFO]: ❌ WebSocket disconnected: JezOPeVJnS-p8luvAAGf, reason: transport close
2026-08-18 14:25:35 [INFO]: 🔴 User 7 went offline
2026-08-18 14:25:35 [INFO]: 📊 Online users after disconnect: 
2026-08-18 14:25:36 [INFO]: 🔌 New WebSocket connection: sLplm10nR9J36IscAAGh
2026-08-18 14:25:36 [INFO]: 👤 User 7 registered on socket sLplm10nR9J36IscAAGh
2026-08-18 14:25:36 [INFO]: 📊 Online users: 7:1
2026-08-18 14:25:36 [INFO]: 💬 Socket sLplm10nR9J36IscAAGh joined chat 3
2026-08-18 14:26:16 [INFO]: ❌ WebSocket disconnected: sLplm10nR9J36IscAAGh, reason: client namespace disconnect
2026-08-18 14:26:16 [INFO]: 🔴 User 7 went offline
2026-08-18 14:26:16 [INFO]: 📊 Online users after disconnect: 
2026-08-18 14:26:16 [INFO]: 🔌 New WebSocket connection: 4VTjY5t830iJzMzFAAGj
2026-08-18 14:26:16 [INFO]: 👤 User 7 registered on socket 4VTjY5t830iJzMzFAAGj
2026-08-18 14:26:16 [INFO]: 📊 Online users: 7:1
2026-08-18 14:26:47 [INFO]: ❌ WebSocket disconnected: 4VTjY5t830iJzMzFAAGj, reason: client namespace disconnect
2026-08-18 14:26:47 [INFO]: 🔴 User 7 went offline
2026-08-18 14:26:47 [INFO]: 📊 Online users after disconnect: 
2026-08-18 14:26:47 [INFO]: 🔌 New WebSocket connection: IdeLNYqD1-wFcTE1AAGl
2026-08-18 14:26:47 [INFO]: 👤 User 7 registered on socket IdeLNYqD1-wFcTE1AAGl
2026-08-18 14:26:47 [INFO]: 📊 Online users: 7:1
2026-08-18 14:26:53 [INFO]: ❌ WebSocket disconnected: IdeLNYqD1-wFcTE1AAGl, reason: transport close
2026-08-18 14:26:53 [INFO]: 🔴 User 7 went offline
2026-08-18 14:26:53 [INFO]: 📊 Online users after disconnect: 
2026-08-18 14:26:53 [INFO]: 🔌 New WebSocket connection: 48FGNsVlYZd2ySVpAAGn
2026-08-18 14:26:53 [INFO]: 👤 User 7 registered on socket 48FGNsVlYZd2ySVpAAGn
2026-08-18 14:26:53 [INFO]: 📊 Online users: 7:1
2026-08-18 14:27:24 [INFO]: ❌ WebSocket disconnected: 48FGNsVlYZd2ySVpAAGn, reason: client namespace disconnect
2026-08-18 14:27:24 [INFO]: 🔴 User 7 went offline
2026-08-18 14:27:24 [INFO]: 📊 Online users after disconnect: 
2026-08-18 14:27:24 [INFO]: 🔌 New WebSocket connection: fOfj_uYNkdjrxIdiAAGp
2026-08-18 14:27:25 [INFO]: 👤 User 7 registered on socket fOfj_uYNkdjrxIdiAAGp
2026-08-18 14:27:25 [INFO]: 📊 Online users: 7:1
2026-08-18 14:27:55 [INFO]: ❌ WebSocket disconnected: fOfj_uYNkdjrxIdiAAGp, reason: client namespace disconnect
2026-08-18 14:27:55 [INFO]: 🔴 User 7 went offline
2026-08-18 14:27:55 [INFO]: 📊 Online users after disconnect: 
2026-08-18 14:27:55 [INFO]: 🔌 New WebSocket connection: Yyrt0lQR3zL2Xl4VAAGr
2026-08-18 14:27:55 [INFO]: 👤 User 7 registered on socket Yyrt0lQR3zL2Xl4VAAGr
2026-08-18 14:27:55 [INFO]: 📊 Online users: 7:1
2026-08-18 14:28:10 [INFO]: ❌ WebSocket disconnected: Yyrt0lQR3zL2Xl4VAAGr, reason: transport close
2026-08-18 14:28:10 [INFO]: 🔴 User 7 went offline
2026-08-18 14:28:10 [INFO]: 📊 Online users after disconnect: 
2026-08-18 14:28:10 [INFO]: 🔌 New WebSocket connection: 2WfKe5fW1wy_eXCxAAGt
2026-08-18 14:28:11 [INFO]: 👤 User 7 registered on socket 2WfKe5fW1wy_eXCxAAGt
2026-08-18 14:28:11 [INFO]: 📊 Online users: 7:1
2026-08-18 14:28:41 [INFO]: ❌ WebSocket disconnected: 2WfKe5fW1wy_eXCxAAGt, reason: client namespace disconnect
2026-08-18 14:28:41 [INFO]: 🔴 User 7 went offline
2026-08-18 14:28:41 [INFO]: 📊 Online users after disconnect: 
2026-08-18 14:28:41 [INFO]: 🔌 New WebSocket connection: OJDR-EhirFQwBMN0AAGv
2026-08-18 14:28:41 [INFO]: 👤 User 7 registered on socket OJDR-EhirFQwBMN0AAGv
2026-08-18 14:28:41 [INFO]: 📊 Online users: 7:1
2026-08-18 14:28:48 [INFO]: ❌ WebSocket disconnected: OJDR-EhirFQwBMN0AAGv, reason: transport close
2026-08-18 14:28:48 [INFO]: 🔴 User 7 went offline
2026-08-18 14:28:48 [INFO]: 📊 Online users after disconnect: 
2026-08-18 14:28:49 [INFO]: 🔌 New WebSocket connection: GQHFerNhRrdIFKIYAAGx
2026-08-18 14:28:49 [INFO]: 👤 User 7 registered on socket GQHFerNhRrdIFKIYAAGx
2026-08-18 14:28:49 [INFO]: 📊 Online users: 7:1
2026-08-18 14:29:19 [INFO]: ❌ WebSocket disconnected: GQHFerNhRrdIFKIYAAGx, reason: client namespace disconnect
2026-08-18 14:29:19 [INFO]: 🔴 User 7 went offline
2026-08-18 14:29:19 [INFO]: 📊 Online users after disconnect: 
2026-08-18 14:29:19 [INFO]: 🔌 New WebSocket connection: P9pzzzYPrFLy9h6QAAGz
2026-08-18 14:29:19 [INFO]: 👤 User 7 registered on socket P9pzzzYPrFLy9h6QAAGz
2026-08-18 14:29:19 [INFO]: 📊 Online users: 7:1
2026-08-18 14:29:50 [INFO]: ❌ WebSocket disconnected: P9pzzzYPrFLy9h6QAAGz, reason: client namespace disconnect
2026-08-18 14:29:50 [INFO]: 🔴 User 7 went offline
2026-08-18 14:29:50 [INFO]: 📊 Online users after disconnect: 
2026-08-18 14:29:50 [INFO]: 🔌 New WebSocket connection: YT9f5fxM7EyBIADdAAG1
2026-08-18 14:29:50 [INFO]: 👤 User 7 registered on socket YT9f5fxM7EyBIADdAAG1
2026-08-18 14:29:50 [INFO]: 📊 Online users: 7:1
2026-08-18 14:30:21 [INFO]: ❌ WebSocket disconnected: YT9f5fxM7EyBIADdAAG1, reason: client namespace disconnect
2026-08-18 14:30:21 [INFO]: 🔴 User 7 went offline
2026-08-18 14:30:21 [INFO]: 📊 Online users after disconnect: 
2026-08-18 14:30:21 [INFO]: 🔌 New WebSocket connection: E7d1Rt4Xgarnt9o7AAG3
2026-08-18 14:30:21 [INFO]: 👤 User 7 registered on socket E7d1Rt4Xgarnt9o7AAG3
2026-08-18 14:30:21 [INFO]: 📊 Online users: 7:1
2026-08-18 14:30:52 [INFO]: ❌ WebSocket disconnected: E7d1Rt4Xgarnt9o7AAG3, reason: client namespace disconnect
2026-08-18 14:30:52 [INFO]: 🔴 User 7 went offline
2026-08-18 14:30:52 [INFO]: 📊 Online users after disconnect: 
2026-08-18 14:30:52 [INFO]: 🔌 New WebSocket connection: cBoip6JTxR8RK4uPAAG5
2026-08-18 14:30:52 [INFO]: 👤 User 7 registered on socket cBoip6JTxR8RK4uPAAG5
2026-08-18 14:30:52 [INFO]: 📊 Online users: 7:1
2026-08-18 14:31:23 [INFO]: ❌ WebSocket disconnected: cBoip6JTxR8RK4uPAAG5, reason: client namespace disconnect
2026-08-18 14:31:23 [INFO]: 🔴 User 7 went offline
2026-08-18 14:31:23 [INFO]: 📊 Online users after disconnect: 
2026-08-18 14:31:23 [INFO]: 🔌 New WebSocket connection: RwyxxudePMKMXrHtAAG7
2026-08-18 14:31:23 [INFO]: 👤 User 7 registered on socket RwyxxudePMKMXrHtAAG7
2026-08-18 14:31:23 [INFO]: 📊 Online users: 7:1
2026-08-18 14:31:54 [INFO]: ❌ WebSocket disconnected: RwyxxudePMKMXrHtAAG7, reason: client namespace disconnect
2026-08-18 14:31:54 [INFO]: 🔴 User 7 went offline
2026-08-18 14:31:54 [INFO]: 📊 Online users after disconnect: 
2026-08-18 14:31:54 [INFO]: 🔌 New WebSocket connection: d3qBqsHsb737q2LQAAG9
2026-08-18 14:31:54 [INFO]: 👤 User 7 registered on socket d3qBqsHsb737q2LQAAG9
2026-08-18 14:31:54 [INFO]: 📊 Online users: 7:1
2026-08-18 14:32:25 [INFO]: ❌ WebSocket disconnected: d3qBqsHsb737q2LQAAG9, reason: client namespace disconnect
2026-08-18 14:32:25 [INFO]: 🔴 User 7 went offline
2026-08-18 14:32:25 [INFO]: 📊 Online users after disconnect: 
2026-08-18 14:32:25 [INFO]: 🔌 New WebSocket connection: 8oHT4R7SXTsiSayXAAG_
2026-08-18 14:32:25 [INFO]: 👤 User 7 registered on socket 8oHT4R7SXTsiSayXAAG_
2026-08-18 14:32:25 [INFO]: 📊 Online users: 7:1
2026-08-18 14:32:56 [INFO]: ❌ WebSocket disconnected: 8oHT4R7SXTsiSayXAAG_, reason: client namespace disconnect
2026-08-18 14:32:56 [INFO]: 🔴 User 7 went offline
2026-08-18 14:32:56 [INFO]: 📊 Online users after disconnect: 
2026-08-18 14:32:56 [INFO]: 🔌 New WebSocket connection: G_mJ0lOZAzFWnaJ0AAHB
2026-08-18 14:32:56 [INFO]: 👤 User 7 registered on socket G_mJ0lOZAzFWnaJ0AAHB
2026-08-18 14:32:56 [INFO]: 📊 Online users: 7:1
2026-08-18 14:33:27 [INFO]: ❌ WebSocket disconnected: G_mJ0lOZAzFWnaJ0AAHB, reason: client namespace disconnect
2026-08-18 14:33:27 [INFO]: 🔴 User 7 went offline
2026-08-18 14:33:27 [INFO]: 📊 Online users after disconnect: 
2026-08-18 14:33:27 [INFO]: 🔌 New WebSocket connection: xuRkH83NARF-wMjyAAHD
2026-08-18 14:33:27 [INFO]: 👤 User 7 registered on socket xuRkH83NARF-wMjyAAHD
2026-08-18 14:33:27 [INFO]: 📊 Online users: 7:1
2026-08-18 14:33:58 [INFO]: ❌ WebSocket disconnected: xuRkH83NARF-wMjyAAHD, reason: client namespace disconnect
2026-08-18 14:33:58 [INFO]: 🔴 User 7 went offline
2026-08-18 14:33:58 [INFO]: 📊 Online users after disconnect: 
2026-08-18 14:33:58 [INFO]: 🔌 New WebSocket connection: v9U9TbabJbWUR8W-AAHF
2026-08-18 14:33:58 [INFO]: 👤 User 7 registered on socket v9U9TbabJbWUR8W-AAHF
2026-08-18 14:33:58 [INFO]: 📊 Online users: 7:1
2026-08-18 14:34:29 [INFO]: ❌ WebSocket disconnected: v9U9TbabJbWUR8W-AAHF, reason: client namespace disconnect
2026-08-18 14:34:29 [INFO]: 🔴 User 7 went offline
2026-08-18 14:34:29 [INFO]: 📊 Online users after disconnect: 
2026-08-18 14:34:29 [INFO]: 🔌 New WebSocket connection: LrNFbOga1CVUCEn0AAHH
2026-08-18 14:34:29 [INFO]: 👤 User 7 registered on socket LrNFbOga1CVUCEn0AAHH
2026-08-18 14:34:29 [INFO]: 📊 Online users: 7:1
2026-08-18 14:35:00 [INFO]: ❌ WebSocket disconnected: LrNFbOga1CVUCEn0AAHH, reason: client namespace disconnect
2026-08-18 14:35:00 [INFO]: 🔴 User 7 went offline
2026-08-18 14:35:00 [INFO]: 📊 Online users after disconnect: 
2026-08-18 14:35:00 [INFO]: 🔌 New WebSocket connection: YEIyR2Md5fWBwOYgAAHJ
2026-08-18 14:35:00 [INFO]: 👤 User 7 registered on socket YEIyR2Md5fWBwOYgAAHJ
2026-08-18 14:35:00 [INFO]: 📊 Online users: 7:1
2026-08-18 14:35:31 [INFO]: ❌ WebSocket disconnected: YEIyR2Md5fWBwOYgAAHJ, reason: client namespace disconnect
2026-08-18 14:35:31 [INFO]: 🔴 User 7 went offline
2026-08-18 14:35:31 [INFO]: 📊 Online users after disconnect: 
2026-08-18 14:35:31 [INFO]: 🔌 New WebSocket connection: 6juMi2pduETS5ygQAAHL
2026-08-18 14:35:31 [INFO]: 👤 User 7 registered on socket 6juMi2pduETS5ygQAAHL
2026-08-18 14:35:31 [INFO]: 📊 Online users: 7:1
2026-08-18 14:36:02 [INFO]: ❌ WebSocket disconnected: 6juMi2pduETS5ygQAAHL, reason: client namespace disconnect
2026-08-18 14:36:02 [INFO]: 🔴 User 7 went offline
2026-08-18 14:36:02 [INFO]: 📊 Online users after disconnect: 
2026-08-18 14:36:03 [INFO]: 🔌 New WebSocket connection: OPPHjUHtKlrVT3OHAAHN
2026-08-18 14:36:03 [INFO]: 👤 User 7 registered on socket OPPHjUHtKlrVT3OHAAHN
2026-08-18 14:36:03 [INFO]: 📊 Online users: 7:1
2026-08-18 14:36:33 [INFO]: ❌ WebSocket disconnected: OPPHjUHtKlrVT3OHAAHN, reason: client namespace disconnect
2026-08-18 14:36:33 [INFO]: 🔴 User 7 went offline
2026-08-18 14:36:33 [INFO]: 📊 Online users after disconnect: 
2026-08-18 14:36:33 [INFO]: 🔌 New WebSocket connection: 4Lsrn75yN3DaMms7AAHP
2026-08-18 14:36:33 [INFO]: 👤 User 7 registered on socket 4Lsrn75yN3DaMms7AAHP
2026-08-18 14:36:33 [INFO]: 📊 Online users: 7:1
2026-08-18 14:37:04 [INFO]: ❌ WebSocket disconnected: 4Lsrn75yN3DaMms7AAHP, reason: client namespace disconnect
2026-08-18 14:37:04 [INFO]: 🔴 User 7 went offline
2026-08-18 14:37:04 [INFO]: 📊 Online users after disconnect: 
2026-08-18 14:37:04 [INFO]: 🔌 New WebSocket connection: 0EH7SahNZ6_KcX1uAAHR
2026-08-18 14:37:04 [INFO]: 👤 User 7 registered on socket 0EH7SahNZ6_KcX1uAAHR
2026-08-18 14:37:04 [INFO]: 📊 Online users: 7:1
2026-08-18 14:37:35 [INFO]: ❌ WebSocket disconnected: 0EH7SahNZ6_KcX1uAAHR, reason: client namespace disconnect
2026-08-18 14:37:35 [INFO]: 🔴 User 7 went offline
2026-08-18 14:37:35 [INFO]: 📊 Online users after disconnect: 
2026-08-18 14:37:35 [INFO]: 🔌 New WebSocket connection: d59uJO33RFBa0di_AAHT
2026-08-18 14:37:35 [INFO]: 👤 User 7 registered on socket d59uJO33RFBa0di_AAHT
2026-08-18 14:37:35 [INFO]: 📊 Online users: 7:1
2026-08-18 14:38:06 [INFO]: ❌ WebSocket disconnected: d59uJO33RFBa0di_AAHT, reason: client namespace disconnect
2026-08-18 14:38:06 [INFO]: 🔴 User 7 went offline
2026-08-18 14:38:06 [INFO]: 📊 Online users after disconnect: 
2026-08-18 14:38:06 [INFO]: 🔌 New WebSocket connection: BXd5Y2vR6RbtbegrAAHV
2026-08-18 14:38:06 [INFO]: 👤 User 7 registered on socket BXd5Y2vR6RbtbegrAAHV
2026-08-18 14:38:06 [INFO]: 📊 Online users: 7:1
2026-08-18 14:38:37 [INFO]: ❌ WebSocket disconnected: BXd5Y2vR6RbtbegrAAHV, reason: client namespace disconnect
2026-08-18 14:38:37 [INFO]: 🔴 User 7 went offline
2026-08-18 14:38:37 [INFO]: 📊 Online users after disconnect: 
2026-08-18 14:38:37 [INFO]: 🔌 New WebSocket connection: Q-_eNDpULxXP0czHAAHX
2026-08-18 14:38:37 [INFO]: 👤 User 7 registered on socket Q-_eNDpULxXP0czHAAHX
2026-08-18 14:38:37 [INFO]: 📊 Online users: 7:1
2026-08-18 14:39:08 [INFO]: ❌ WebSocket disconnected: Q-_eNDpULxXP0czHAAHX, reason: client namespace disconnect
2026-08-18 14:39:08 [INFO]: 🔴 User 7 went offline
2026-08-18 14:39:08 [INFO]: 📊 Online users after disconnect: 
2026-08-18 14:39:08 [INFO]: 🔌 New WebSocket connection: exsP2h9BFqMs-R3hAAHZ
2026-08-18 14:39:08 [INFO]: 👤 User 7 registered on socket exsP2h9BFqMs-R3hAAHZ
2026-08-18 14:39:08 [INFO]: 📊 Online users: 7:1
2026-08-18 14:39:39 [INFO]: ❌ WebSocket disconnected: exsP2h9BFqMs-R3hAAHZ, reason: client namespace disconnect
2026-08-18 14:39:39 [INFO]: 🔴 User 7 went offline
2026-08-18 14:39:39 [INFO]: 📊 Online users after disconnect: 
2026-08-18 14:39:39 [INFO]: 🔌 New WebSocket connection: 2metsPqD21lU2aOwAAHb
2026-08-18 14:39:39 [INFO]: 👤 User 7 registered on socket 2metsPqD21lU2aOwAAHb
2026-08-18 14:39:39 [INFO]: 📊 Online users: 7:1
2026-08-18 14:40:10 [INFO]: ❌ WebSocket disconnected: 2metsPqD21lU2aOwAAHb, reason: client namespace disconnect
2026-08-18 14:40:10 [INFO]: 🔴 User 7 went offline
2026-08-18 14:40:10 [INFO]: 📊 Online users after disconnect: 
2026-08-18 14:40:10 [INFO]: 🔌 New WebSocket connection: FNBz9t2GMlhNDjN0AAHd
2026-08-18 14:40:10 [INFO]: 👤 User 7 registered on socket FNBz9t2GMlhNDjN0AAHd
2026-08-18 14:40:10 [INFO]: 📊 Online users: 7:1
2026-08-18 14:40:41 [INFO]: ❌ WebSocket disconnected: FNBz9t2GMlhNDjN0AAHd, reason: client namespace disconnect
2026-08-18 14:40:41 [INFO]: 🔴 User 7 went offline
2026-08-18 14:40:41 [INFO]: 📊 Online users after disconnect: 
2026-08-18 14:40:41 [INFO]: 🔌 New WebSocket connection: Tc5St5EQaxUE5STuAAHf
2026-08-18 14:40:41 [INFO]: 👤 User 7 registered on socket Tc5St5EQaxUE5STuAAHf
2026-08-18 14:40:41 [INFO]: 📊 Online users: 7:1
2026-08-18 14:41:06 [INFO]: 🔌 New WebSocket connection: NTYaLkSdVxhtvPSjAAHh
2026-08-18 14:41:06 [INFO]: 👤 User 6 registered on socket NTYaLkSdVxhtvPSjAAHh
2026-08-18 14:41:06 [INFO]: 📊 Online users: 7:1, 6:1
2026-08-18 14:41:12 [INFO]: ❌ WebSocket disconnected: Tc5St5EQaxUE5STuAAHf, reason: client namespace disconnect
2026-08-18 14:41:12 [INFO]: 🔴 User 7 went offline
2026-08-18 14:41:12 [INFO]: 📊 Online users after disconnect: 6:1
2026-08-18 14:41:12 [INFO]: 🔌 New WebSocket connection: UhvK1oz8SOuupaMcAAHj
2026-08-18 14:41:12 [INFO]: 👤 User 7 registered on socket UhvK1oz8SOuupaMcAAHj
2026-08-18 14:41:12 [INFO]: 📊 Online users: 6:1, 7:1
2026-08-18 14:41:22 [INFO]: ❌ WebSocket disconnected: NTYaLkSdVxhtvPSjAAHh, reason: transport close
2026-08-18 14:41:22 [INFO]: 🔴 User 6 went offline
2026-08-18 14:41:22 [INFO]: 📊 Online users after disconnect: 7:1
2026-08-18 14:41:23 [INFO]: 🔌 New WebSocket connection: xUmHHuBXlX8f_A6oAAHl
2026-08-18 14:41:23 [INFO]: 👤 User 6 registered on socket xUmHHuBXlX8f_A6oAAHl
2026-08-18 14:41:23 [INFO]: 📊 Online users: 7:1, 6:1
2026-08-18 14:41:43 [INFO]: ❌ WebSocket disconnected: UhvK1oz8SOuupaMcAAHj, reason: client namespace disconnect
2026-08-18 14:41:43 [INFO]: 🔴 User 7 went offline
2026-08-18 14:41:43 [INFO]: 📊 Online users after disconnect: 6:1
2026-08-18 14:41:43 [INFO]: 🔌 New WebSocket connection: 8p4_x-iWtpjlfQfcAAHn
2026-08-18 14:41:43 [INFO]: 👤 User 7 registered on socket 8p4_x-iWtpjlfQfcAAHn
2026-08-18 14:41:43 [INFO]: 📊 Online users: 6:1, 7:1
2026-08-18 14:41:53 [INFO]: ❌ WebSocket disconnected: xUmHHuBXlX8f_A6oAAHl, reason: client namespace disconnect
2026-08-18 14:41:53 [INFO]: 🔴 User 6 went offline
2026-08-18 14:41:53 [INFO]: 📊 Online users after disconnect: 7:1
2026-08-18 14:41:53 [INFO]: 🔌 New WebSocket connection: jjAkom7pzHrnJ8nmAAHp
2026-08-18 14:41:53 [INFO]: 👤 User 6 registered on socket jjAkom7pzHrnJ8nmAAHp
2026-08-18 14:41:53 [INFO]: 📊 Online users: 7:1, 6:1
2026-08-18 14:42:14 [INFO]: ❌ WebSocket disconnected: 8p4_x-iWtpjlfQfcAAHn, reason: client namespace disconnect
2026-08-18 14:42:14 [INFO]: 🔴 User 7 went offline
2026-08-18 14:42:14 [INFO]: 📊 Online users after disconnect: 6:1
2026-08-18 14:42:14 [INFO]: 🔌 New WebSocket connection: TDoXCdt5tvxvQOpQAAHr
2026-08-18 14:42:14 [INFO]: 👤 User 7 registered on socket TDoXCdt5tvxvQOpQAAHr
2026-08-18 14:42:14 [INFO]: 📊 Online users: 6:1, 7:1
2026-08-18 14:42:24 [INFO]: ❌ WebSocket disconnected: jjAkom7pzHrnJ8nmAAHp, reason: client namespace disconnect
2026-08-18 14:42:24 [INFO]: 🔴 User 6 went offline
2026-08-18 14:42:24 [INFO]: 📊 Online users after disconnect: 7:1
2026-08-18 14:42:24 [INFO]: 🔌 New WebSocket connection: seAMVO7ZGDIpwdm1AAHt
2026-08-18 14:42:24 [INFO]: 👤 User 6 registered on socket seAMVO7ZGDIpwdm1AAHt
2026-08-18 14:42:24 [INFO]: 📊 Online users: 7:1, 6:1
2026-08-18 14:42:45 [INFO]: ❌ WebSocket disconnected: TDoXCdt5tvxvQOpQAAHr, reason: client namespace disconnect
2026-08-18 14:42:45 [INFO]: 🔴 User 7 went offline
2026-08-18 14:42:45 [INFO]: 📊 Online users after disconnect: 6:1
2026-08-18 14:42:45 [INFO]: 🔌 New WebSocket connection: 40YuV3qW_GI_r8WvAAHv
2026-08-18 14:42:45 [INFO]: 👤 User 7 registered on socket 40YuV3qW_GI_r8WvAAHv
2026-08-18 14:42:45 [INFO]: 📊 Online users: 6:1, 7:1
2026-08-18 14:42:55 [INFO]: ❌ WebSocket disconnected: seAMVO7ZGDIpwdm1AAHt, reason: client namespace disconnect
2026-08-18 14:42:55 [INFO]: 🔴 User 6 went offline
2026-08-18 14:42:55 [INFO]: 📊 Online users after disconnect: 7:1
2026-08-18 14:42:55 [INFO]: 🔌 New WebSocket connection: 7AZKjzIZZn9Jyz9aAAHx
2026-08-18 14:42:55 [INFO]: 👤 User 6 registered on socket 7AZKjzIZZn9Jyz9aAAHx
2026-08-18 14:42:55 [INFO]: 📊 Online users: 7:1, 6:1
2026-08-18 14:43:16 [INFO]: ❌ WebSocket disconnected: 40YuV3qW_GI_r8WvAAHv, reason: client namespace disconnect
2026-08-18 14:43:16 [INFO]: 🔴 User 7 went offline
2026-08-18 14:43:16 [INFO]: 📊 Online users after disconnect: 6:1
2026-08-18 14:43:16 [INFO]: 🔌 New WebSocket connection: uS7x7HVLhZY_E_o1AAHz
2026-08-18 14:43:16 [INFO]: 👤 User 7 registered on socket uS7x7HVLhZY_E_o1AAHz
2026-08-18 14:43:16 [INFO]: 📊 Online users: 6:1, 7:1
2026-08-18 14:43:40 [INFO]: ❌ WebSocket disconnected: 7AZKjzIZZn9Jyz9aAAHx, reason: ping timeout
2026-08-18 14:43:40 [INFO]: 🔴 User 6 went offline
2026-08-18 14:43:40 [INFO]: 📊 Online users after disconnect: 7:1
2026-08-18 14:43:47 [INFO]: ❌ WebSocket disconnected: uS7x7HVLhZY_E_o1AAHz, reason: client namespace disconnect
2026-08-18 14:43:47 [INFO]: 🔴 User 7 went offline
2026-08-18 14:43:47 [INFO]: 📊 Online users after disconnect: 
2026-08-18 14:43:47 [INFO]: 🔌 New WebSocket connection: nqUEirynFCiXSdsZAAH1
2026-08-18 14:43:47 [INFO]: 👤 User 7 registered on socket nqUEirynFCiXSdsZAAH1
2026-08-18 14:43:47 [INFO]: 📊 Online users: 7:1
2026-08-18 14:44:18 [INFO]: ❌ WebSocket disconnected: nqUEirynFCiXSdsZAAH1, reason: client namespace disconnect
2026-08-18 14:44:18 [INFO]: 🔴 User 7 went offline
2026-08-18 14:44:18 [INFO]: 📊 Online users after disconnect: 
2026-08-18 14:44:18 [INFO]: 🔌 New WebSocket connection: VnuSU4XvHsOvRMgIAAH3
2026-08-18 14:44:18 [INFO]: 👤 User 7 registered on socket VnuSU4XvHsOvRMgIAAH3
2026-08-18 14:44:18 [INFO]: 📊 Online users: 7:1
2026-08-18 14:44:44 [INFO]: 🔌 New WebSocket connection: MeYaExg5PTcdnfP4AAH5
2026-08-18 14:44:44 [INFO]: 👤 User 6 registered on socket MeYaExg5PTcdnfP4AAH5
2026-08-18 14:44:44 [INFO]: 📊 Online users: 7:1, 6:1
2026-08-18 14:44:49 [INFO]: ❌ WebSocket disconnected: VnuSU4XvHsOvRMgIAAH3, reason: client namespace disconnect
2026-08-18 14:44:49 [INFO]: 🔴 User 7 went offline
2026-08-18 14:44:49 [INFO]: 📊 Online users after disconnect: 6:1
2026-08-18 14:44:49 [INFO]: 🔌 New WebSocket connection: 8Y0s5qkvKGuvSLKTAAH7
2026-08-18 14:44:49 [INFO]: 👤 User 7 registered on socket 8Y0s5qkvKGuvSLKTAAH7
2026-08-18 14:44:49 [INFO]: 📊 Online users: 6:1, 7:1
2026-08-18 14:45:14 [INFO]: ❌ WebSocket disconnected: MeYaExg5PTcdnfP4AAH5, reason: client namespace disconnect
2026-08-18 14:45:14 [INFO]: 🔴 User 6 went offline
2026-08-18 14:45:14 [INFO]: 📊 Online users after disconnect: 7:1
2026-08-18 14:45:14 [INFO]: 🔌 New WebSocket connection: 13vxixaVjdzQE2agAAH9
2026-08-18 14:45:14 [INFO]: 👤 User 6 registered on socket 13vxixaVjdzQE2agAAH9
2026-08-18 14:45:14 [INFO]: 📊 Online users: 7:1, 6:1
2026-08-18 14:45:20 [INFO]: ❌ WebSocket disconnected: 8Y0s5qkvKGuvSLKTAAH7, reason: client namespace disconnect
2026-08-18 14:45:20 [INFO]: 🔴 User 7 went offline
2026-08-18 14:45:20 [INFO]: 📊 Online users after disconnect: 6:1
2026-08-18 14:45:20 [INFO]: 🔌 New WebSocket connection: 2QIasLHdkNUhar_7AAH_
2026-08-18 14:45:21 [INFO]: 👤 User 7 registered on socket 2QIasLHdkNUhar_7AAH_
2026-08-18 14:45:21 [INFO]: 📊 Online users: 6:1, 7:1
2026-08-18 14:45:41 [INFO]: ❌ WebSocket disconnected: 13vxixaVjdzQE2agAAH9, reason: transport close
2026-08-18 14:45:41 [INFO]: 🔴 User 6 went offline
2026-08-18 14:45:41 [INFO]: 📊 Online users after disconnect: 7:1
2026-08-18 14:45:42 [INFO]: 🔌 New WebSocket connection: s-N4gu3TfdusB3Z3AAIB
2026-08-18 14:45:42 [INFO]: 👤 User 6 registered on socket s-N4gu3TfdusB3Z3AAIB
2026-08-18 14:45:42 [INFO]: 📊 Online users: 7:1, 6:1
2026-08-18 14:45:51 [INFO]: ❌ WebSocket disconnected: 2QIasLHdkNUhar_7AAH_, reason: client namespace disconnect
2026-08-18 14:45:51 [INFO]: 🔴 User 7 went offline
2026-08-18 14:45:51 [INFO]: 📊 Online users after disconnect: 6:1
2026-08-18 14:45:51 [INFO]: 🔌 New WebSocket connection: rm9um0eOxUSSbW6ZAAID
2026-08-18 14:45:52 [INFO]: 👤 User 7 registered on socket rm9um0eOxUSSbW6ZAAID
2026-08-18 14:45:52 [INFO]: 📊 Online users: 6:1, 7:1
2026-08-18 14:46:12 [INFO]: ❌ WebSocket disconnected: s-N4gu3TfdusB3Z3AAIB, reason: client namespace disconnect
2026-08-18 14:46:12 [INFO]: 🔴 User 6 went offline
2026-08-18 14:46:12 [INFO]: 📊 Online users after disconnect: 7:1
2026-08-18 14:46:12 [INFO]: 🔌 New WebSocket connection: KNeIsuoEJT1jGjUzAAIF
2026-08-18 14:46:12 [INFO]: 👤 User 6 registered on socket KNeIsuoEJT1jGjUzAAIF
2026-08-18 14:46:12 [INFO]: 📊 Online users: 7:1, 6:1
2026-08-18 14:46:22 [INFO]: ❌ WebSocket disconnected: rm9um0eOxUSSbW6ZAAID, reason: client namespace disconnect
2026-08-18 14:46:22 [INFO]: 🔴 User 7 went offline
2026-08-18 14:46:22 [INFO]: 📊 Online users after disconnect: 6:1
2026-08-18 14:46:22 [INFO]: 🔌 New WebSocket connection: vxGrkIr_5Nsys4QyAAIH
2026-08-18 14:46:22 [INFO]: 👤 User 7 registered on socket vxGrkIr_5Nsys4QyAAIH
2026-08-18 14:46:22 [INFO]: 📊 Online users: 6:1, 7:1
2026-08-18 14:46:53 [INFO]: ❌ WebSocket disconnected: vxGrkIr_5Nsys4QyAAIH, reason: client namespace disconnect
2026-08-18 14:46:53 [INFO]: 🔴 User 7 went offline
2026-08-18 14:46:53 [INFO]: 📊 Online users after disconnect: 6:1
2026-08-18 14:46:53 [INFO]: 🔌 New WebSocket connection: i75eJMH2qpr-oIo-AAIJ
2026-08-18 14:46:53 [INFO]: 👤 User 7 registered on socket i75eJMH2qpr-oIo-AAIJ
2026-08-18 14:46:53 [INFO]: 📊 Online users: 6:1, 7:1
2026-08-18 14:47:22 [INFO]: ❌ WebSocket disconnected: KNeIsuoEJT1jGjUzAAIF, reason: client namespace disconnect
2026-08-18 14:47:22 [INFO]: 🔴 User 6 went offline
2026-08-18 14:47:22 [INFO]: 📊 Online users after disconnect: 7:1
2026-08-18 14:47:22 [INFO]: 🔌 New WebSocket connection: 842Nqkm3EFWB8nMKAAIL
2026-08-18 14:47:22 [INFO]: 👤 User 6 registered on socket 842Nqkm3EFWB8nMKAAIL
2026-08-18 14:47:22 [INFO]: 📊 Online users: 7:1, 6:1
2026-08-18 14:47:24 [INFO]: ❌ WebSocket disconnected: i75eJMH2qpr-oIo-AAIJ, reason: client namespace disconnect
2026-08-18 14:47:24 [INFO]: 🔴 User 7 went offline
2026-08-18 14:47:24 [INFO]: 📊 Online users after disconnect: 6:1
2026-08-18 14:47:26 [INFO]: 🔌 New WebSocket connection: Rn_ii1P_mw3mb4UKAAIN
2026-08-18 14:47:27 [INFO]: 👤 User 7 registered on socket Rn_ii1P_mw3mb4UKAAIN
2026-08-18 14:47:27 [INFO]: 📊 Online users: 6:1, 7:1
2026-08-18 14:47:52 [INFO]: ❌ WebSocket disconnected: 842Nqkm3EFWB8nMKAAIL, reason: client namespace disconnect
2026-08-18 14:47:52 [INFO]: 🔴 User 6 went offline
2026-08-18 14:47:52 [INFO]: 📊 Online users after disconnect: 7:1
2026-08-18 14:47:52 [INFO]: 🔌 New WebSocket connection: 2tOZD2lTjvzYm4iqAAIP
2026-08-18 14:47:52 [INFO]: 👤 User 6 registered on socket 2tOZD2lTjvzYm4iqAAIP
2026-08-18 14:47:52 [INFO]: 📊 Online users: 7:1, 6:1
2026-08-18 14:47:57 [INFO]: ❌ WebSocket disconnected: Rn_ii1P_mw3mb4UKAAIN, reason: client namespace disconnect
2026-08-18 14:47:57 [INFO]: 🔴 User 7 went offline
2026-08-18 14:47:57 [INFO]: 📊 Online users after disconnect: 6:1
2026-08-18 14:47:57 [INFO]: 🔌 New WebSocket connection: vmso1gKwW7S8YZ6mAAIR
2026-08-18 14:47:57 [INFO]: 👤 User 7 registered on socket vmso1gKwW7S8YZ6mAAIR
2026-08-18 14:47:57 [INFO]: 📊 Online users: 6:1, 7:1
2026-08-18 14:48:28 [INFO]: ❌ WebSocket disconnected: vmso1gKwW7S8YZ6mAAIR, reason: client namespace disconnect
2026-08-18 14:48:28 [INFO]: 🔴 User 7 went offline
2026-08-18 14:48:28 [INFO]: 📊 Online users after disconnect: 6:1
2026-08-18 14:48:28 [INFO]: 🔌 New WebSocket connection: gYorUYzq5A3EEyJeAAIT
2026-08-18 14:48:28 [INFO]: 👤 User 7 registered on socket gYorUYzq5A3EEyJeAAIT
2026-08-18 14:48:28 [INFO]: 📊 Online users: 6:1, 7:1
2026-08-18 14:48:59 [INFO]: ❌ WebSocket disconnected: gYorUYzq5A3EEyJeAAIT, reason: client namespace disconnect
2026-08-18 14:48:59 [INFO]: 🔴 User 7 went offline
2026-08-18 14:48:59 [INFO]: 📊 Online users after disconnect: 6:1
2026-08-18 14:48:59 [INFO]: 🔌 New WebSocket connection: RrjgtJETF7MGkK6CAAIV
2026-08-18 14:48:59 [INFO]: 👤 User 7 registered on socket RrjgtJETF7MGkK6CAAIV
2026-08-18 14:48:59 [INFO]: 📊 Online users: 6:1, 7:1
2026-08-18 14:49:02 [INFO]: ❌ WebSocket disconnected: 2tOZD2lTjvzYm4iqAAIP, reason: ping timeout
2026-08-18 14:49:02 [INFO]: 🔴 User 6 went offline
2026-08-18 14:49:02 [INFO]: 📊 Online users after disconnect: 7:1
2026-08-18 14:49:30 [INFO]: ❌ WebSocket disconnected: RrjgtJETF7MGkK6CAAIV, reason: client namespace disconnect
2026-08-18 14:49:30 [INFO]: 🔴 User 7 went offline
2026-08-18 14:49:30 [INFO]: 📊 Online users after disconnect: 
2026-08-18 14:49:30 [INFO]: 🔌 New WebSocket connection: 9H3P586fkBl6RL3tAAIX
2026-08-18 14:49:31 [INFO]: 👤 User 7 registered on socket 9H3P586fkBl6RL3tAAIX
2026-08-18 14:49:31 [INFO]: 📊 Online users: 7:1
2026-08-18 14:50:01 [INFO]: ❌ WebSocket disconnected: 9H3P586fkBl6RL3tAAIX, reason: client namespace disconnect
2026-08-18 14:50:01 [INFO]: 🔴 User 7 went offline
2026-08-18 14:50:01 [INFO]: 📊 Online users after disconnect: 
2026-08-18 14:50:01 [INFO]: 🔌 New WebSocket connection: By9WsWtQfhiBh8_vAAIZ
2026-08-18 14:50:01 [INFO]: 👤 User 7 registered on socket By9WsWtQfhiBh8_vAAIZ
2026-08-18 14:50:01 [INFO]: 📊 Online users: 7:1
2026-08-18 14:50:32 [INFO]: ❌ WebSocket disconnected: By9WsWtQfhiBh8_vAAIZ, reason: client namespace disconnect
2026-08-18 14:50:32 [INFO]: 🔴 User 7 went offline
2026-08-18 14:50:32 [INFO]: 📊 Online users after disconnect: 
2026-08-18 14:50:32 [INFO]: 🔌 New WebSocket connection: m2kBdOjorXvAMRLkAAIb
2026-08-18 14:50:32 [INFO]: 👤 User 7 registered on socket m2kBdOjorXvAMRLkAAIb
2026-08-18 14:50:32 [INFO]: 📊 Online users: 7:1
2026-08-18 14:51:03 [INFO]: ❌ WebSocket disconnected: m2kBdOjorXvAMRLkAAIb, reason: client namespace disconnect
2026-08-18 14:51:03 [INFO]: 🔴 User 7 went offline
2026-08-18 14:51:03 [INFO]: 📊 Online users after disconnect: 
2026-08-18 14:51:03 [INFO]: 🔌 New WebSocket connection: U2lwGxsLzhWG-JRRAAId
2026-08-18 14:51:03 [INFO]: 👤 User 7 registered on socket U2lwGxsLzhWG-JRRAAId
2026-08-18 14:51:03 [INFO]: 📊 Online users: 7:1
2026-08-18 14:51:34 [INFO]: ❌ WebSocket disconnected: U2lwGxsLzhWG-JRRAAId, reason: client namespace disconnect
2026-08-18 14:51:34 [INFO]: 🔴 User 7 went offline
2026-08-18 14:51:34 [INFO]: 📊 Online users after disconnect: 
2026-08-18 14:51:34 [INFO]: 🔌 New WebSocket connection: UM17OFLt9Ax2FzaPAAIf
2026-08-18 14:51:34 [INFO]: 👤 User 7 registered on socket UM17OFLt9Ax2FzaPAAIf
2026-08-18 14:51:34 [INFO]: 📊 Online users: 7:1
2026-08-18 14:52:05 [INFO]: ❌ WebSocket disconnected: UM17OFLt9Ax2FzaPAAIf, reason: client namespace disconnect
2026-08-18 14:52:05 [INFO]: 🔴 User 7 went offline
2026-08-18 14:52:05 [INFO]: 📊 Online users after disconnect: 
2026-08-18 14:52:05 [INFO]: 🔌 New WebSocket connection: vVKa39V89vcLQwXDAAIh
2026-08-18 14:52:05 [INFO]: 👤 User 7 registered on socket vVKa39V89vcLQwXDAAIh
2026-08-18 14:52:05 [INFO]: 📊 Online users: 7:1
2026-08-18 14:52:36 [INFO]: ❌ WebSocket disconnected: vVKa39V89vcLQwXDAAIh, reason: client namespace disconnect
2026-08-18 14:52:36 [INFO]: 🔴 User 7 went offline
2026-08-18 14:52:36 [INFO]: 📊 Online users after disconnect: 
2026-08-18 14:52:36 [INFO]: 🔌 New WebSocket connection: fG39ezvd6p3atWOZAAIj
2026-08-18 14:52:36 [INFO]: 👤 User 7 registered on socket fG39ezvd6p3atWOZAAIj
2026-08-18 14:52:36 [INFO]: 📊 Online users: 7:1
2026-08-18 14:53:07 [INFO]: ❌ WebSocket disconnected: fG39ezvd6p3atWOZAAIj, reason: client namespace disconnect
2026-08-18 14:53:07 [INFO]: 🔴 User 7 went offline
2026-08-18 14:53:07 [INFO]: 📊 Online users after disconnect: 
2026-08-18 14:53:07 [INFO]: 🔌 New WebSocket connection: 8Tp1uc1cjFPTkOB-AAIl
2026-08-18 14:53:07 [INFO]: 👤 User 7 registered on socket 8Tp1uc1cjFPTkOB-AAIl
2026-08-18 14:53:07 [INFO]: 📊 Online users: 7:1
2026-08-18 14:53:38 [INFO]: ❌ WebSocket disconnected: 8Tp1uc1cjFPTkOB-AAIl, reason: client namespace disconnect
2026-08-18 14:53:38 [INFO]: 🔴 User 7 went offline
2026-08-18 14:53:38 [INFO]: 📊 Online users after disconnect: 
2026-08-18 14:53:38 [INFO]: 🔌 New WebSocket connection: VQBqBjrU9BuqktstAAIn
2026-08-18 14:53:38 [INFO]: 👤 User 7 registered on socket VQBqBjrU9BuqktstAAIn
2026-08-18 14:53:38 [INFO]: 📊 Online users: 7:1
2026-08-18 14:54:09 [INFO]: ❌ WebSocket disconnected: VQBqBjrU9BuqktstAAIn, reason: client namespace disconnect
2026-08-18 14:54:09 [INFO]: 🔴 User 7 went offline
2026-08-18 14:54:09 [INFO]: 📊 Online users after disconnect: 
2026-08-18 14:54:09 [INFO]: 🔌 New WebSocket connection: 82VWTLLEcfFkcSGRAAIp
2026-08-18 14:54:09 [INFO]: 👤 User 7 registered on socket 82VWTLLEcfFkcSGRAAIp
2026-08-18 14:54:09 [INFO]: 📊 Online users: 7:1
2026-08-18 14:54:40 [INFO]: ❌ WebSocket disconnected: 82VWTLLEcfFkcSGRAAIp, reason: client namespace disconnect
2026-08-18 14:54:40 [INFO]: 🔴 User 7 went offline
2026-08-18 14:54:40 [INFO]: 📊 Online users after disconnect: 
2026-08-18 14:54:40 [INFO]: 🔌 New WebSocket connection: BDVePNsFxDu6MdK7AAIr
2026-08-18 14:54:40 [INFO]: 👤 User 7 registered on socket BDVePNsFxDu6MdK7AAIr
2026-08-18 14:54:40 [INFO]: 📊 Online users: 7:1
2026-08-18 14:55:11 [INFO]: ❌ WebSocket disconnected: BDVePNsFxDu6MdK7AAIr, reason: client namespace disconnect
2026-08-18 14:55:11 [INFO]: 🔴 User 7 went offline
2026-08-18 14:55:11 [INFO]: 📊 Online users after disconnect: 
2026-08-18 14:55:11 [INFO]: 🔌 New WebSocket connection: e_d9i7Kqq8QacZ4zAAIt
2026-08-18 14:55:11 [INFO]: 👤 User 7 registered on socket e_d9i7Kqq8QacZ4zAAIt
2026-08-18 14:55:11 [INFO]: 📊 Online users: 7:1
2026-08-18 14:55:42 [INFO]: ❌ WebSocket disconnected: e_d9i7Kqq8QacZ4zAAIt, reason: client namespace disconnect
2026-08-18 14:55:42 [INFO]: 🔴 User 7 went offline
2026-08-18 14:55:42 [INFO]: 📊 Online users after disconnect: 
2026-08-18 14:55:42 [INFO]: 🔌 New WebSocket connection: pZnKjZTL73CUu6PRAAIv
2026-08-18 14:55:42 [INFO]: 👤 User 7 registered on socket pZnKjZTL73CUu6PRAAIv
2026-08-18 14:55:42 [INFO]: 📊 Online users: 7:1
2026-08-18 14:56:13 [INFO]: ❌ WebSocket disconnected: pZnKjZTL73CUu6PRAAIv, reason: client namespace disconnect
2026-08-18 14:56:13 [INFO]: 🔴 User 7 went offline
2026-08-18 14:56:13 [INFO]: 📊 Online users after disconnect: 
2026-08-18 14:56:13 [INFO]: 🔌 New WebSocket connection: IcWUjfYKQ0KXZWuJAAIx
2026-08-18 14:56:13 [INFO]: 👤 User 7 registered on socket IcWUjfYKQ0KXZWuJAAIx
2026-08-18 14:56:13 [INFO]: 📊 Online users: 7:1
2026-08-18 14:56:44 [INFO]: ❌ WebSocket disconnected: IcWUjfYKQ0KXZWuJAAIx, reason: client namespace disconnect
2026-08-18 14:56:44 [INFO]: 🔴 User 7 went offline
2026-08-18 14:56:44 [INFO]: 📊 Online users after disconnect: 
2026-08-18 14:56:44 [INFO]: 🔌 New WebSocket connection: 2PaFjEE3iAc25izZAAIz
2026-08-18 14:56:44 [INFO]: 👤 User 7 registered on socket 2PaFjEE3iAc25izZAAIz
2026-08-18 14:56:44 [INFO]: 📊 Online users: 7:1
2026-08-18 14:57:15 [INFO]: ❌ WebSocket disconnected: 2PaFjEE3iAc25izZAAIz, reason: client namespace disconnect
2026-08-18 14:57:15 [INFO]: 🔴 User 7 went offline
2026-08-18 14:57:15 [INFO]: 📊 Online users after disconnect: 
2026-08-18 14:57:15 [INFO]: 🔌 New WebSocket connection: AGqO5EgKUOQSO7jLAAI1
2026-08-18 14:57:15 [INFO]: 👤 User 7 registered on socket AGqO5EgKUOQSO7jLAAI1
2026-08-18 14:57:15 [INFO]: 📊 Online users: 7:1
2026-08-18 14:57:46 [INFO]: ❌ WebSocket disconnected: AGqO5EgKUOQSO7jLAAI1, reason: client namespace disconnect
2026-08-18 14:57:46 [INFO]: 🔴 User 7 went offline
2026-08-18 14:57:46 [INFO]: 📊 Online users after disconnect: 
2026-08-18 14:57:46 [INFO]: 🔌 New WebSocket connection: Ox45O-cKZrngLUwJAAI3
2026-08-18 14:57:46 [INFO]: 👤 User 7 registered on socket Ox45O-cKZrngLUwJAAI3
2026-08-18 14:57:46 [INFO]: 📊 Online users: 7:1
2026-08-18 14:58:17 [INFO]: ❌ WebSocket disconnected: Ox45O-cKZrngLUwJAAI3, reason: client namespace disconnect
2026-08-18 14:58:17 [INFO]: 🔴 User 7 went offline
2026-08-18 14:58:17 [INFO]: 📊 Online users after disconnect: 
2026-08-18 14:58:17 [INFO]: 🔌 New WebSocket connection: Q3QakTCFUUhWQda9AAI5
2026-08-18 14:58:17 [INFO]: 👤 User 7 registered on socket Q3QakTCFUUhWQda9AAI5
2026-08-18 14:58:17 [INFO]: 📊 Online users: 7:1
2026-08-18 14:58:48 [INFO]: ❌ WebSocket disconnected: Q3QakTCFUUhWQda9AAI5, reason: client namespace disconnect
2026-08-18 14:58:48 [INFO]: 🔴 User 7 went offline
2026-08-18 14:58:48 [INFO]: 📊 Online users after disconnect: 
2026-08-18 14:58:48 [INFO]: 🔌 New WebSocket connection: Xt_MzTtxHLOllsBYAAI7
2026-08-18 14:58:48 [INFO]: 👤 User 7 registered on socket Xt_MzTtxHLOllsBYAAI7
2026-08-18 14:58:48 [INFO]: 📊 Online users: 7:1
2026-08-18 14:59:19 [INFO]: ❌ WebSocket disconnected: Xt_MzTtxHLOllsBYAAI7, reason: client namespace disconnect
2026-08-18 14:59:19 [INFO]: 🔴 User 7 went offline
2026-08-18 14:59:19 [INFO]: 📊 Online users after disconnect: 
2026-08-18 14:59:19 [INFO]: 🔌 New WebSocket connection: zHe9jNTh7pzkg_4bAAI9
2026-08-18 14:59:20 [INFO]: 👤 User 7 registered on socket zHe9jNTh7pzkg_4bAAI9
2026-08-18 14:59:20 [INFO]: 📊 Online users: 7:1
2026-08-18 14:59:50 [INFO]: ❌ WebSocket disconnected: zHe9jNTh7pzkg_4bAAI9, reason: client namespace disconnect
2026-08-18 14:59:50 [INFO]: 🔴 User 7 went offline
2026-08-18 14:59:50 [INFO]: 📊 Online users after disconnect: 
2026-08-18 14:59:50 [INFO]: 🔌 New WebSocket connection: ZXmmUyFli5_IGRWYAAI_
2026-08-18 14:59:51 [INFO]: 👤 User 7 registered on socket ZXmmUyFli5_IGRWYAAI_
2026-08-18 14:59:51 [INFO]: 📊 Online users: 7:1
2026-08-18 15:00:21 [INFO]: ❌ WebSocket disconnected: ZXmmUyFli5_IGRWYAAI_, reason: client namespace disconnect
2026-08-18 15:00:21 [INFO]: 🔴 User 7 went offline
2026-08-18 15:00:21 [INFO]: 📊 Online users after disconnect: 
2026-08-18 15:00:21 [INFO]: 🔌 New WebSocket connection: DGDUD7ZNPAuPBzdGAAJB
2026-08-18 15:00:21 [INFO]: 👤 User 7 registered on socket DGDUD7ZNPAuPBzdGAAJB
2026-08-18 15:00:21 [INFO]: 📊 Online users: 7:1
2026-08-18 15:00:52 [INFO]: ❌ WebSocket disconnected: DGDUD7ZNPAuPBzdGAAJB, reason: client namespace disconnect
2026-08-18 15:00:52 [INFO]: 🔴 User 7 went offline
2026-08-18 15:00:52 [INFO]: 📊 Online users after disconnect: 
2026-08-18 15:00:52 [INFO]: 🔌 New WebSocket connection: YNzmF-aohbBt-e_8AAJD
2026-08-18 15:00:53 [INFO]: 👤 User 7 registered on socket YNzmF-aohbBt-e_8AAJD
2026-08-18 15:00:53 [INFO]: 📊 Online users: 7:1
2026-08-18 15:01:23 [INFO]: ❌ WebSocket disconnected: YNzmF-aohbBt-e_8AAJD, reason: client namespace disconnect
2026-08-18 15:01:23 [INFO]: 🔴 User 7 went offline
2026-08-18 15:01:23 [INFO]: 📊 Online users after disconnect: 
2026-08-18 15:01:23 [INFO]: 🔌 New WebSocket connection: AQ_GLim7XrJO9EFmAAJF
2026-08-18 15:01:24 [INFO]: 👤 User 7 registered on socket AQ_GLim7XrJO9EFmAAJF
2026-08-18 15:01:24 [INFO]: 📊 Online users: 7:1
2026-08-18 15:01:54 [INFO]: ❌ WebSocket disconnected: AQ_GLim7XrJO9EFmAAJF, reason: client namespace disconnect
2026-08-18 15:01:54 [INFO]: 🔴 User 7 went offline
2026-08-18 15:01:54 [INFO]: 📊 Online users after disconnect: 
2026-08-18 15:01:54 [INFO]: 🔌 New WebSocket connection: FlQzZHIrCZKX_6OFAAJH
2026-08-18 15:01:55 [INFO]: 👤 User 7 registered on socket FlQzZHIrCZKX_6OFAAJH
2026-08-18 15:01:55 [INFO]: 📊 Online users: 7:1
2026-08-18 15:02:18 [INFO]: 🔌 New WebSocket connection: dbCQFt0UieQObCGFAAJJ
2026-08-18 15:02:18 [INFO]: 👤 User 6 registered on socket dbCQFt0UieQObCGFAAJJ
2026-08-18 15:02:18 [INFO]: 📊 Online users: 7:1, 6:1
2026-08-18 15:02:25 [INFO]: ❌ WebSocket disconnected: FlQzZHIrCZKX_6OFAAJH, reason: client namespace disconnect
2026-08-18 15:02:25 [INFO]: 🔴 User 7 went offline
2026-08-18 15:02:25 [INFO]: 📊 Online users after disconnect: 6:1
2026-08-18 15:02:25 [INFO]: 🔌 New WebSocket connection: UGAvzmrZYKSBEeDMAAJL
2026-08-18 15:02:26 [INFO]: 👤 User 7 registered on socket UGAvzmrZYKSBEeDMAAJL
2026-08-18 15:02:26 [INFO]: 📊 Online users: 6:1, 7:1
2026-08-18 15:02:48 [INFO]: ❌ WebSocket disconnected: dbCQFt0UieQObCGFAAJJ, reason: client namespace disconnect
2026-08-18 15:02:48 [INFO]: 🔴 User 6 went offline
2026-08-18 15:02:48 [INFO]: 📊 Online users after disconnect: 7:1
2026-08-18 15:02:49 [INFO]: 🔌 New WebSocket connection: cv-xX9fmDXS2mPvIAAJN
2026-08-18 15:02:49 [INFO]: 👤 User 6 registered on socket cv-xX9fmDXS2mPvIAAJN
2026-08-18 15:02:49 [INFO]: 📊 Online users: 7:1, 6:1
2026-08-18 15:02:56 [INFO]: ❌ WebSocket disconnected: UGAvzmrZYKSBEeDMAAJL, reason: client namespace disconnect
2026-08-18 15:02:56 [INFO]: 🔴 User 7 went offline
2026-08-18 15:02:56 [INFO]: 📊 Online users after disconnect: 6:1
2026-08-18 15:02:56 [INFO]: 🔌 New WebSocket connection: fTnzMXuZh_gV8I2kAAJP
2026-08-18 15:02:57 [INFO]: 👤 User 7 registered on socket fTnzMXuZh_gV8I2kAAJP
2026-08-18 15:02:57 [INFO]: 📊 Online users: 6:1, 7:1
2026-08-18 15:03:19 [INFO]: ❌ WebSocket disconnected: cv-xX9fmDXS2mPvIAAJN, reason: client namespace disconnect
2026-08-18 15:03:19 [INFO]: 🔴 User 6 went offline
2026-08-18 15:03:19 [INFO]: 📊 Online users after disconnect: 7:1
2026-08-18 15:03:21 [INFO]: 🔌 New WebSocket connection: O9CD464pgadYz8YUAAJR
2026-08-18 15:03:21 [INFO]: 👤 User 6 registered on socket O9CD464pgadYz8YUAAJR
2026-08-18 15:03:21 [INFO]: 📊 Online users: 7:1, 6:1
2026-08-18 15:03:27 [INFO]: ❌ WebSocket disconnected: fTnzMXuZh_gV8I2kAAJP, reason: client namespace disconnect
2026-08-18 15:03:27 [INFO]: 🔴 User 7 went offline
2026-08-18 15:03:27 [INFO]: 📊 Online users after disconnect: 6:1
2026-08-18 15:03:27 [INFO]: 🔌 New WebSocket connection: -_XJaEdLTdYYsYlJAAJT
2026-08-18 15:03:28 [INFO]: 👤 User 7 registered on socket -_XJaEdLTdYYsYlJAAJT
2026-08-18 15:03:28 [INFO]: 📊 Online users: 6:1, 7:1
2026-08-18 15:03:58 [INFO]: ❌ WebSocket disconnected: -_XJaEdLTdYYsYlJAAJT, reason: client namespace disconnect
2026-08-18 15:03:58 [INFO]: 🔴 User 7 went offline
2026-08-18 15:03:58 [INFO]: 📊 Online users after disconnect: 6:1
2026-08-18 15:03:58 [INFO]: 🔌 New WebSocket connection: WrSl7MzsZldAhUbAAAJV
2026-08-18 15:03:59 [INFO]: 👤 User 7 registered on socket WrSl7MzsZldAhUbAAAJV
2026-08-18 15:03:59 [INFO]: 📊 Online users: 6:1, 7:1
2026-08-18 15:04:29 [INFO]: ❌ WebSocket disconnected: WrSl7MzsZldAhUbAAAJV, reason: client namespace disconnect
2026-08-18 15:04:29 [INFO]: 🔴 User 7 went offline
2026-08-18 15:04:29 [INFO]: 📊 Online users after disconnect: 6:1
2026-08-18 15:04:29 [INFO]: 🔌 New WebSocket connection: 6L2my4cIfLE_znqvAAJX
2026-08-18 15:04:30 [INFO]: 👤 User 7 registered on socket 6L2my4cIfLE_znqvAAJX
2026-08-18 15:04:30 [INFO]: 📊 Online users: 6:1, 7:1
2026-08-18 15:05:00 [INFO]: ❌ WebSocket disconnected: 6L2my4cIfLE_znqvAAJX, reason: client namespace disconnect
2026-08-18 15:05:00 [INFO]: 🔴 User 7 went offline
2026-08-18 15:05:00 [INFO]: 📊 Online users after disconnect: 6:1
2026-08-18 15:05:00 [INFO]: 🔌 New WebSocket connection: RAV22tyWl2Cjqa_TAAJZ
2026-08-18 15:05:01 [INFO]: 👤 User 7 registered on socket RAV22tyWl2Cjqa_TAAJZ
2026-08-18 15:05:01 [INFO]: 📊 Online users: 6:1, 7:1
2026-08-18 15:05:31 [INFO]: ❌ WebSocket disconnected: RAV22tyWl2Cjqa_TAAJZ, reason: client namespace disconnect
2026-08-18 15:05:31 [INFO]: 🔴 User 7 went offline
2026-08-18 15:05:31 [INFO]: 📊 Online users after disconnect: 6:1
2026-08-18 15:05:31 [INFO]: 🔌 New WebSocket connection: m5HWbE7TsGLuLALKAAJb
2026-08-18 15:05:32 [INFO]: 👤 User 7 registered on socket m5HWbE7TsGLuLALKAAJb
2026-08-18 15:05:32 [INFO]: 📊 Online users: 6:1, 7:1
2026-08-18 15:05:35 [INFO]: ❌ WebSocket disconnected: O9CD464pgadYz8YUAAJR, reason: transport close
2026-08-18 15:05:35 [INFO]: 🔴 User 6 went offline
2026-08-18 15:05:35 [INFO]: 📊 Online users after disconnect: 7:1
2026-08-18 15:06:02 [INFO]: ❌ WebSocket disconnected: m5HWbE7TsGLuLALKAAJb, reason: client namespace disconnect
2026-08-18 15:06:02 [INFO]: 🔴 User 7 went offline
2026-08-18 15:06:02 [INFO]: 📊 Online users after disconnect: 
2026-08-18 15:06:02 [INFO]: 🔌 New WebSocket connection: WHCMhGmOz3OHPxgdAAJd
2026-08-18 15:06:03 [INFO]: 👤 User 7 registered on socket WHCMhGmOz3OHPxgdAAJd
2026-08-18 15:06:03 [INFO]: 📊 Online users: 7:1
2026-08-18 15:06:33 [INFO]: ❌ WebSocket disconnected: WHCMhGmOz3OHPxgdAAJd, reason: client namespace disconnect
2026-08-18 15:06:33 [INFO]: 🔴 User 7 went offline
2026-08-18 15:06:33 [INFO]: 📊 Online users after disconnect: 
2026-08-18 15:06:34 [INFO]: 🔌 New WebSocket connection: _Qg6uPrXPyLBIRQDAAJf
2026-08-18 15:06:34 [INFO]: 👤 User 7 registered on socket _Qg6uPrXPyLBIRQDAAJf
2026-08-18 15:06:34 [INFO]: 📊 Online users: 7:1
2026-08-18 15:07:04 [INFO]: ❌ WebSocket disconnected: _Qg6uPrXPyLBIRQDAAJf, reason: client namespace disconnect
2026-08-18 15:07:04 [INFO]: 🔴 User 7 went offline
2026-08-18 15:07:04 [INFO]: 📊 Online users after disconnect: 
2026-08-18 15:07:05 [INFO]: 🔌 New WebSocket connection: 8iFs7mT_C5VhK8UdAAJh
2026-08-18 15:07:05 [INFO]: 👤 User 7 registered on socket 8iFs7mT_C5VhK8UdAAJh
2026-08-18 15:07:05 [INFO]: 📊 Online users: 7:1
2026-08-18 15:07:35 [INFO]: ❌ WebSocket disconnected: 8iFs7mT_C5VhK8UdAAJh, reason: client namespace disconnect
2026-08-18 15:07:35 [INFO]: 🔴 User 7 went offline
2026-08-18 15:07:35 [INFO]: 📊 Online users after disconnect: 
2026-08-18 15:07:35 [INFO]: 🔌 New WebSocket connection: Qfeg8xk8qBuCSbxuAAJj
2026-08-18 15:07:36 [INFO]: 👤 User 7 registered on socket Qfeg8xk8qBuCSbxuAAJj
2026-08-18 15:07:36 [INFO]: 📊 Online users: 7:1
2026-08-18 15:08:06 [INFO]: ❌ WebSocket disconnected: Qfeg8xk8qBuCSbxuAAJj, reason: client namespace disconnect
2026-08-18 15:08:06 [INFO]: 🔴 User 7 went offline
2026-08-18 15:08:06 [INFO]: 📊 Online users after disconnect: 
2026-08-18 15:08:07 [INFO]: 🔌 New WebSocket connection: 08Uu7vamX2OAtvI1AAJl
2026-08-18 15:08:07 [INFO]: 👤 User 7 registered on socket 08Uu7vamX2OAtvI1AAJl
2026-08-18 15:08:07 [INFO]: 📊 Online users: 7:1
2026-08-18 15:08:37 [INFO]: ❌ WebSocket disconnected: 08Uu7vamX2OAtvI1AAJl, reason: client namespace disconnect
2026-08-18 15:08:37 [INFO]: 🔴 User 7 went offline
2026-08-18 15:08:37 [INFO]: 📊 Online users after disconnect: 
2026-08-18 15:08:38 [INFO]: 🔌 New WebSocket connection: UAIftXl7lQsBx7-zAAJn
2026-08-18 15:08:38 [INFO]: 👤 User 7 registered on socket UAIftXl7lQsBx7-zAAJn
2026-08-18 15:08:38 [INFO]: 📊 Online users: 7:1
2026-08-18 15:09:08 [INFO]: ❌ WebSocket disconnected: UAIftXl7lQsBx7-zAAJn, reason: client namespace disconnect
2026-08-18 15:09:08 [INFO]: 🔴 User 7 went offline
2026-08-18 15:09:08 [INFO]: 📊 Online users after disconnect: 
2026-08-18 15:09:09 [INFO]: 🔌 New WebSocket connection: 7RtcCuKemeb2uPX1AAJp
2026-08-18 15:09:09 [INFO]: 👤 User 7 registered on socket 7RtcCuKemeb2uPX1AAJp
2026-08-18 15:09:09 [INFO]: 📊 Online users: 7:1
2026-08-18 15:09:53 [INFO]: ❌ WebSocket disconnected: 7RtcCuKemeb2uPX1AAJp, reason: ping timeout
2026-08-18 15:09:53 [INFO]: 🔴 User 7 went offline
2026-08-18 15:09:53 [INFO]: 📊 Online users after disconnect: 
2026-08-18 15:16:18 [INFO]: 🔌 New WebSocket connection: 1bnlsq7iS-Bm-cWlAAJr
2026-08-18 15:16:18 [INFO]: 👤 User 7 registered on socket 1bnlsq7iS-Bm-cWlAAJr
2026-08-18 15:16:18 [INFO]: 📊 Online users: 7:1
2026-08-18 15:16:21 [INFO]: ❌ WebSocket disconnected: 1bnlsq7iS-Bm-cWlAAJr, reason: transport close
2026-08-18 15:16:21 [INFO]: 🔴 User 7 went offline
2026-08-18 15:16:21 [INFO]: 📊 Online users after disconnect: 
2026-08-18 15:16:21 [INFO]: 🔌 New WebSocket connection: OWUnq3b43Im0VfkeAAJt
2026-08-18 15:16:21 [INFO]: 👤 User 7 registered on socket OWUnq3b43Im0VfkeAAJt
2026-08-18 15:16:21 [INFO]: 📊 Online users: 7:1
2026-08-18 15:16:51 [INFO]: ❌ WebSocket disconnected: OWUnq3b43Im0VfkeAAJt, reason: client namespace disconnect
2026-08-18 15:16:51 [INFO]: 🔴 User 7 went offline
2026-08-18 15:16:51 [INFO]: 📊 Online users after disconnect: 
2026-08-18 15:16:51 [INFO]: 🔌 New WebSocket connection: e4SFns1w3IY_4ISpAAJv
2026-08-18 15:16:51 [INFO]: 👤 User 7 registered on socket e4SFns1w3IY_4ISpAAJv
2026-08-18 15:16:51 [INFO]: 📊 Online users: 7:1
2026-08-18 15:17:21 [INFO]: ❌ WebSocket disconnected: e4SFns1w3IY_4ISpAAJv, reason: client namespace disconnect
2026-08-18 15:17:21 [INFO]: 🔴 User 7 went offline
2026-08-18 15:17:21 [INFO]: 📊 Online users after disconnect: 
2026-08-18 15:17:21 [INFO]: 🔌 New WebSocket connection: ZW8jL-4Y1tm4QWwuAAJx
2026-08-18 15:17:21 [INFO]: 👤 User 7 registered on socket ZW8jL-4Y1tm4QWwuAAJx
2026-08-18 15:17:21 [INFO]: 📊 Online users: 7:1
2026-08-18 15:17:52 [INFO]: ❌ WebSocket disconnected: ZW8jL-4Y1tm4QWwuAAJx, reason: client namespace disconnect
2026-08-18 15:17:52 [INFO]: 🔴 User 7 went offline
2026-08-18 15:17:52 [INFO]: 📊 Online users after disconnect: 
2026-08-18 15:17:52 [INFO]: 🔌 New WebSocket connection: oHuKOIiggqQaq1DYAAJz
2026-08-18 15:17:52 [INFO]: 👤 User 7 registered on socket oHuKOIiggqQaq1DYAAJz
2026-08-18 15:17:52 [INFO]: 📊 Online users: 7:1
2026-08-18 15:18:02 [INFO]: 🔌 New WebSocket connection: -oyTVWjmcYrVq0flAAJ1
2026-08-18 15:18:02 [INFO]: 👤 User 6 registered on socket -oyTVWjmcYrVq0flAAJ1
2026-08-18 15:18:02 [INFO]: 📊 Online users: 7:1, 6:1
2026-08-18 15:18:23 [INFO]: ❌ WebSocket disconnected: oHuKOIiggqQaq1DYAAJz, reason: client namespace disconnect
2026-08-18 15:18:23 [INFO]: 🔴 User 7 went offline
2026-08-18 15:18:23 [INFO]: 📊 Online users after disconnect: 6:1
2026-08-18 15:18:23 [INFO]: 🔌 New WebSocket connection: k_WHNRUnoG1s8FxBAAJ3
2026-08-18 15:18:23 [INFO]: 👤 User 7 registered on socket k_WHNRUnoG1s8FxBAAJ3
2026-08-18 15:18:23 [INFO]: 📊 Online users: 6:1, 7:1
2026-08-18 15:18:33 [INFO]: ❌ WebSocket disconnected: -oyTVWjmcYrVq0flAAJ1, reason: client namespace disconnect
2026-08-18 15:18:33 [INFO]: 🔴 User 6 went offline
2026-08-18 15:18:33 [INFO]: 📊 Online users after disconnect: 7:1
2026-08-18 15:18:33 [INFO]: 🔌 New WebSocket connection: MwNGQxV9QVhQU0c6AAJ5
2026-08-18 15:18:33 [INFO]: 👤 User 6 registered on socket MwNGQxV9QVhQU0c6AAJ5
2026-08-18 15:18:33 [INFO]: 📊 Online users: 7:1, 6:1
2026-08-18 15:18:54 [INFO]: ❌ WebSocket disconnected: k_WHNRUnoG1s8FxBAAJ3, reason: client namespace disconnect
2026-08-18 15:18:54 [INFO]: 🔴 User 7 went offline
2026-08-18 15:18:54 [INFO]: 📊 Online users after disconnect: 6:1
2026-08-18 15:18:54 [INFO]: 🔌 New WebSocket connection: NxstuzFoqaW4iAMwAAJ7
2026-08-18 15:18:54 [INFO]: 👤 User 7 registered on socket NxstuzFoqaW4iAMwAAJ7
2026-08-18 15:18:54 [INFO]: 📊 Online users: 6:1, 7:1
2026-08-18 15:19:04 [INFO]: ❌ WebSocket disconnected: MwNGQxV9QVhQU0c6AAJ5, reason: client namespace disconnect
2026-08-18 15:19:04 [INFO]: 🔴 User 6 went offline
2026-08-18 15:19:04 [INFO]: 📊 Online users after disconnect: 7:1
2026-08-18 15:19:04 [INFO]: 🔌 New WebSocket connection: LMlPHRukmrPdozxoAAJ9
2026-08-18 15:19:04 [INFO]: 👤 User 6 registered on socket LMlPHRukmrPdozxoAAJ9
2026-08-18 15:19:04 [INFO]: 📊 Online users: 7:1, 6:1
2026-08-18 15:19:25 [INFO]: ❌ WebSocket disconnected: NxstuzFoqaW4iAMwAAJ7, reason: client namespace disconnect
2026-08-18 15:19:25 [INFO]: 🔴 User 7 went offline
2026-08-18 15:19:25 [INFO]: 📊 Online users after disconnect: 6:1
2026-08-18 15:19:25 [INFO]: 🔌 New WebSocket connection: -gLu8WRnGQvIDairAAJ_
2026-08-18 15:19:25 [INFO]: 👤 User 7 registered on socket -gLu8WRnGQvIDairAAJ_
2026-08-18 15:19:25 [INFO]: 📊 Online users: 6:1, 7:1
2026-08-18 15:19:49 [INFO]: ❌ WebSocket disconnected: LMlPHRukmrPdozxoAAJ9, reason: ping timeout
2026-08-18 15:19:49 [INFO]: 🔴 User 6 went offline
2026-08-18 15:19:49 [INFO]: 📊 Online users after disconnect: 7:1
2026-08-18 15:19:56 [INFO]: ❌ WebSocket disconnected: -gLu8WRnGQvIDairAAJ_, reason: client namespace disconnect
2026-08-18 15:19:56 [INFO]: 🔴 User 7 went offline
2026-08-18 15:19:56 [INFO]: 📊 Online users after disconnect: 
2026-08-18 15:19:56 [INFO]: 🔌 New WebSocket connection: BLcZdbKS2sPH7PdtAAKB
2026-08-18 15:19:56 [INFO]: 👤 User 7 registered on socket BLcZdbKS2sPH7PdtAAKB
2026-08-18 15:19:56 [INFO]: 📊 Online users: 7:1
2026-08-18 15:20:27 [INFO]: ❌ WebSocket disconnected: BLcZdbKS2sPH7PdtAAKB, reason: client namespace disconnect
2026-08-18 15:20:27 [INFO]: 🔴 User 7 went offline
2026-08-18 15:20:27 [INFO]: 📊 Online users after disconnect: 
2026-08-18 15:20:27 [INFO]: 🔌 New WebSocket connection: FekIpUVy37eOeZSsAAKD
2026-08-18 15:20:27 [INFO]: 👤 User 7 registered on socket FekIpUVy37eOeZSsAAKD
2026-08-18 15:20:27 [INFO]: 📊 Online users: 7:1
2026-08-18 15:20:58 [INFO]: ❌ WebSocket disconnected: FekIpUVy37eOeZSsAAKD, reason: client namespace disconnect
2026-08-18 15:20:58 [INFO]: 🔴 User 7 went offline
2026-08-18 15:20:58 [INFO]: 📊 Online users after disconnect: 
2026-08-18 15:20:58 [INFO]: 🔌 New WebSocket connection: 31v_civqyONgM4UxAAKF
2026-08-18 15:20:58 [INFO]: 👤 User 7 registered on socket 31v_civqyONgM4UxAAKF
2026-08-18 15:20:58 [INFO]: 📊 Online users: 7:1
2026-08-18 15:21:29 [INFO]: ❌ WebSocket disconnected: 31v_civqyONgM4UxAAKF, reason: client namespace disconnect
2026-08-18 15:21:29 [INFO]: 🔴 User 7 went offline
2026-08-18 15:21:29 [INFO]: 📊 Online users after disconnect: 
2026-08-18 15:21:29 [INFO]: 🔌 New WebSocket connection: q4H5Xw1mTjS6zle7AAKH
2026-08-18 15:21:29 [INFO]: 👤 User 7 registered on socket q4H5Xw1mTjS6zle7AAKH
2026-08-18 15:21:29 [INFO]: 📊 Online users: 7:1
2026-08-18 15:21:37 [INFO]: 
SIGINT received. Shutting down gracefully...
2026-08-18 15:21:39 [INFO]: 🚀 Starting application initialization...
2026-08-18 15:21:39 [INFO]: ✅ Auth routes loaded
2026-08-18 15:21:39 [INFO]: ✅ Conversations routes loaded
2026-08-18 15:21:39 [INFO]: ✅ Users routes loaded
2026-08-18 15:21:39 [INFO]: ✅ Profile routes loaded
2026-08-18 15:21:39 [INFO]: ✅ Database connection established successfully.
2026-08-18 15:21:40 [INFO]: ✅ Database synced
2026-08-18 15:21:40 [INFO]: ✅ Socket.IO configured successfully
2026-08-18 15:21:40 [INFO]: ✅ Application initialized successfully
2026-08-18 15:21:40 [INFO]: 🚀 Server is running on port 3000
2026-08-18 15:21:40 [INFO]: 📡 Environment: production
2026-08-18 15:21:40 [INFO]: 🌐 API URL: http://localhost:3000
2026-08-18 15:21:40 [INFO]: 💾 Database: icq_messenger on localhost:5432
2026-08-18 15:21:40 [INFO]: 🔌 New WebSocket connection: fGakBxuz1OpRExRSAAAB
2026-08-18 15:21:40 [INFO]: 👤 User 7 registered on socket fGakBxuz1OpRExRSAAAB
2026-08-18 15:21:40 [INFO]: 📊 Online users: 7:1
2026-08-18 15:21:54 [INFO]: ❌ WebSocket disconnected: fGakBxuz1OpRExRSAAAB, reason: transport close
2026-08-18 15:21:54 [INFO]: 🔴 User 7 went offline
2026-08-18 15:21:54 [INFO]: 📊 Online users after disconnect: 
2026-08-18 15:21:54 [INFO]: 🔌 New WebSocket connection: --B1zDvaLbNIeLSYAAAD
2026-08-18 15:21:54 [INFO]: 👤 User 7 registered on socket --B1zDvaLbNIeLSYAAAD
2026-08-18 15:21:54 [INFO]: 📊 Online users: 7:1
2026-08-18 15:21:56 [INFO]: 💬 Socket --B1zDvaLbNIeLSYAAAD joined chat 3
2026-08-18 15:22:24 [INFO]: ❌ WebSocket disconnected: --B1zDvaLbNIeLSYAAAD, reason: transport close
2026-08-18 15:22:24 [INFO]: 🔴 User 7 went offline
2026-08-18 15:22:24 [INFO]: 📊 Online users after disconnect: 
2026-08-18 15:22:24 [INFO]: 🔌 New WebSocket connection: bKbMtbUS16dDyg8lAAAF
2026-08-18 15:22:24 [INFO]: 👤 User 7 registered on socket bKbMtbUS16dDyg8lAAAF
2026-08-18 15:22:24 [INFO]: 📊 Online users: 7:1
2026-08-18 15:22:42 [INFO]: ❌ WebSocket disconnected: bKbMtbUS16dDyg8lAAAF, reason: transport close
2026-08-18 15:22:42 [INFO]: 🔴 User 7 went offline
2026-08-18 15:22:42 [INFO]: 📊 Online users after disconnect: 
2026-08-18 15:22:43 [INFO]: 🔌 New WebSocket connection: 7IWLx9uxGHFWEEZrAAAH
2026-08-18 15:22:43 [INFO]: 👤 User 7 registered on socket 7IWLx9uxGHFWEEZrAAAH
2026-08-18 15:22:43 [INFO]: 📊 Online users: 7:1
2026-08-18 15:22:44 [INFO]: 💬 Socket 7IWLx9uxGHFWEEZrAAAH joined chat 3
2026-08-18 15:22:56 [INFO]: 💬 Socket 7IWLx9uxGHFWEEZrAAAH joined chat 2
2026-08-18 15:23:16 [INFO]: 🔌 New WebSocket connection: vPvz0nrEypemZhafAAAJ
2026-08-18 15:23:16 [INFO]: 👤 User 10 registered on socket vPvz0nrEypemZhafAAAJ
2026-08-18 15:23:16 [INFO]: 📊 Online users: 7:1, 10:1
2026-08-18 15:23:24 [INFO]: 💬 Socket vPvz0nrEypemZhafAAAJ joined chat 1
2026-08-18 15:23:34 [INFO]: 💬 Socket 7IWLx9uxGHFWEEZrAAAH joined chat 2
2026-08-18 15:23:34 [INFO]: 💬 Socket vPvz0nrEypemZhafAAAJ joined chat 2
2026-08-18 15:24:44 [INFO]: ❌ WebSocket disconnected: 7IWLx9uxGHFWEEZrAAAH, reason: client namespace disconnect
2026-08-18 15:24:44 [INFO]: 🔴 User 7 went offline
2026-08-18 15:24:44 [INFO]: 📊 Online users after disconnect: 10:1
2026-08-18 15:24:44 [INFO]: 🔌 New WebSocket connection: BtsqxUyTpHwoUkfDAAAL
2026-08-18 15:24:44 [INFO]: 👤 User 7 registered on socket BtsqxUyTpHwoUkfDAAAL
2026-08-18 15:24:44 [INFO]: 📊 Online users: 10:1, 7:1
2026-08-18 15:24:47 [INFO]: ❌ WebSocket disconnected: vPvz0nrEypemZhafAAAJ, reason: client namespace disconnect
2026-08-18 15:24:47 [INFO]: 🔴 User 10 went offline
2026-08-18 15:24:47 [INFO]: 📊 Online users after disconnect: 7:1
2026-08-18 15:24:47 [INFO]: 🔌 New WebSocket connection: GPCqaotAeqlL8zF1AAAN
2026-08-18 15:24:47 [INFO]: 👤 User 10 registered on socket GPCqaotAeqlL8zF1AAAN
2026-08-18 15:24:47 [INFO]: 📊 Online users: 7:1, 10:1
2026-08-18 15:25:13 [INFO]: ❌ WebSocket disconnected: BtsqxUyTpHwoUkfDAAAL, reason: transport close
2026-08-18 15:25:13 [INFO]: 🔴 User 7 went offline
2026-08-18 15:25:13 [INFO]: 📊 Online users after disconnect: 10:1
2026-08-18 15:25:14 [INFO]: 🔌 New WebSocket connection: 7jJJsC6VH3f_ucgiAAAP
2026-08-18 15:25:14 [INFO]: 👤 User 7 registered on socket 7jJJsC6VH3f_ucgiAAAP
2026-08-18 15:25:14 [INFO]: 📊 Online users: 10:1, 7:1
2026-08-18 15:25:14 [INFO]: ❌ WebSocket disconnected: GPCqaotAeqlL8zF1AAAN, reason: transport close
2026-08-18 15:25:14 [INFO]: 🔴 User 10 went offline
2026-08-18 15:25:14 [INFO]: 📊 Online users after disconnect: 7:1
2026-08-18 15:25:15 [INFO]: 🔌 New WebSocket connection: FMomjalyUG9jsbcyAAAR
2026-08-18 15:25:15 [INFO]: 👤 User 10 registered on socket FMomjalyUG9jsbcyAAAR
2026-08-18 15:25:15 [INFO]: 📊 Online users: 7:1, 10:1
2026-08-18 15:25:30 [INFO]: ❌ WebSocket disconnected: 7jJJsC6VH3f_ucgiAAAP, reason: transport close
2026-08-18 15:25:30 [INFO]: 🔴 User 7 went offline
2026-08-18 15:25:30 [INFO]: 📊 Online users after disconnect: 10:1
2026-08-18 15:25:31 [INFO]: 🔌 New WebSocket connection: Qr5tAuFi3kG3lnKNAAAT
2026-08-18 15:25:31 [INFO]: 👤 User 7 registered on socket Qr5tAuFi3kG3lnKNAAAT
2026-08-18 15:25:31 [INFO]: 📊 Online users: 10:1, 7:1
2026-08-18 15:25:45 [INFO]: ❌ WebSocket disconnected: FMomjalyUG9jsbcyAAAR, reason: client namespace disconnect
2026-08-18 15:25:45 [INFO]: 🔴 User 10 went offline
2026-08-18 15:25:45 [INFO]: 📊 Online users after disconnect: 7:1
2026-08-18 15:25:45 [INFO]: 🔌 New WebSocket connection: DyFE2Aum8DzqtAkrAAAV
2026-08-18 15:25:45 [INFO]: 👤 User 10 registered on socket DyFE2Aum8DzqtAkrAAAV
2026-08-18 15:25:45 [INFO]: 📊 Online users: 7:1, 10:1
2026-08-18 15:26:02 [INFO]: ❌ WebSocket disconnected: Qr5tAuFi3kG3lnKNAAAT, reason: client namespace disconnect
2026-08-18 15:26:02 [INFO]: 🔴 User 7 went offline
2026-08-18 15:26:02 [INFO]: 📊 Online users after disconnect: 10:1
2026-08-18 15:26:02 [INFO]: 🔌 New WebSocket connection: U823h5uvb2Rx0DRFAAAX
2026-08-18 15:26:02 [INFO]: 👤 User 7 registered on socket U823h5uvb2Rx0DRFAAAX
2026-08-18 15:26:02 [INFO]: 📊 Online users: 10:1, 7:1
2026-08-18 15:26:16 [INFO]: ❌ WebSocket disconnected: DyFE2Aum8DzqtAkrAAAV, reason: client namespace disconnect
2026-08-18 15:26:16 [INFO]: 🔴 User 10 went offline
2026-08-18 15:26:16 [INFO]: 📊 Online users after disconnect: 7:1
2026-08-18 15:26:16 [INFO]: 🔌 New WebSocket connection: quj1xC__DjcaKqKsAAAZ
2026-08-18 15:26:16 [INFO]: 👤 User 10 registered on socket quj1xC__DjcaKqKsAAAZ
2026-08-18 15:26:16 [INFO]: 📊 Online users: 7:1, 10:1
2026-08-18 15:26:21 [INFO]: 💬 Socket U823h5uvb2Rx0DRFAAAX joined chat 3
2026-08-18 15:26:32 [INFO]: ❌ WebSocket disconnected: U823h5uvb2Rx0DRFAAAX, reason: client namespace disconnect
2026-08-18 15:26:32 [INFO]: 🔴 User 7 went offline
2026-08-18 15:26:32 [INFO]: 📊 Online users after disconnect: 10:1
2026-08-18 15:26:32 [INFO]: 🔌 New WebSocket connection: GrCVyxWrthEUkkVbAAAb
2026-08-18 15:26:32 [INFO]: 👤 User 7 registered on socket GrCVyxWrthEUkkVbAAAb
2026-08-18 15:26:32 [INFO]: 📊 Online users: 10:1, 7:1
2026-08-18 15:26:47 [INFO]: ❌ WebSocket disconnected: quj1xC__DjcaKqKsAAAZ, reason: client namespace disconnect
2026-08-18 15:26:47 [INFO]: 🔴 User 10 went offline
2026-08-18 15:26:47 [INFO]: 📊 Online users after disconnect: 7:1
2026-08-18 15:26:47 [INFO]: 🔌 New WebSocket connection: 8spwqAIgksZ1gW6VAAAd
2026-08-18 15:26:47 [INFO]: 👤 User 10 registered on socket 8spwqAIgksZ1gW6VAAAd
2026-08-18 15:26:47 [INFO]: 📊 Online users: 7:1, 10:1
2026-08-18 15:27:03 [INFO]: ❌ WebSocket disconnected: GrCVyxWrthEUkkVbAAAb, reason: client namespace disconnect
2026-08-18 15:27:03 [INFO]: 🔴 User 7 went offline
2026-08-18 15:27:03 [INFO]: 📊 Online users after disconnect: 10:1
2026-08-18 15:27:03 [INFO]: 🔌 New WebSocket connection: edqMhO6iH5DpuBbSAAAf
2026-08-18 15:27:03 [INFO]: 👤 User 7 registered on socket edqMhO6iH5DpuBbSAAAf
2026-08-18 15:27:03 [INFO]: 📊 Online users: 10:1, 7:1
2026-08-18 15:27:18 [INFO]: ❌ WebSocket disconnected: 8spwqAIgksZ1gW6VAAAd, reason: client namespace disconnect
2026-08-18 15:27:18 [INFO]: 🔴 User 10 went offline
2026-08-18 15:27:18 [INFO]: 📊 Online users after disconnect: 7:1
2026-08-18 15:27:18 [INFO]: 🔌 New WebSocket connection: gHHrrHItcD_M61ExAAAh
2026-08-18 15:27:18 [INFO]: 👤 User 10 registered on socket gHHrrHItcD_M61ExAAAh
2026-08-18 15:27:18 [INFO]: 📊 Online users: 7:1, 10:1
2026-08-18 15:27:21 [INFO]: 🔌 New WebSocket connection: oI_8Pe5IrwqXQPbXAAAj
2026-08-18 15:27:21 [INFO]: 👤 User 6 registered on socket oI_8Pe5IrwqXQPbXAAAj
2026-08-18 15:27:21 [INFO]: 📊 Online users: 7:1, 10:1, 6:1
2026-08-18 15:27:24 [INFO]: 💬 Socket oI_8Pe5IrwqXQPbXAAAj joined chat 2
2026-08-18 15:27:34 [INFO]: ❌ WebSocket disconnected: edqMhO6iH5DpuBbSAAAf, reason: client namespace disconnect
2026-08-18 15:27:34 [INFO]: 🔴 User 7 went offline
2026-08-18 15:27:34 [INFO]: 📊 Online users after disconnect: 10:1, 6:1
2026-08-18 15:27:34 [INFO]: 🔌 New WebSocket connection: ttu2jLXgrqbcp5gfAAAl
2026-08-18 15:27:34 [INFO]: 👤 User 7 registered on socket ttu2jLXgrqbcp5gfAAAl
2026-08-18 15:27:34 [INFO]: 📊 Online users: 10:1, 6:1, 7:1
2026-08-18 15:27:49 [INFO]: ❌ WebSocket disconnected: gHHrrHItcD_M61ExAAAh, reason: client namespace disconnect
2026-08-18 15:27:49 [INFO]: 🔴 User 10 went offline
2026-08-18 15:27:49 [INFO]: 📊 Online users after disconnect: 6:1, 7:1
2026-08-18 15:27:49 [INFO]: 🔌 New WebSocket connection: NwPJNRnd-FYQP8bUAAAn
2026-08-18 15:27:49 [INFO]: 👤 User 10 registered on socket NwPJNRnd-FYQP8bUAAAn
2026-08-18 15:27:49 [INFO]: 📊 Online users: 6:1, 7:1, 10:1
2026-08-18 15:27:51 [INFO]: ❌ WebSocket disconnected: oI_8Pe5IrwqXQPbXAAAj, reason: client namespace disconnect
2026-08-18 15:27:51 [INFO]: 🔴 User 6 went offline
2026-08-18 15:27:51 [INFO]: 📊 Online users after disconnect: 7:1, 10:1
2026-08-18 15:27:51 [INFO]: 🔌 New WebSocket connection: xLHu0z2pooUvNWY9AAAp
2026-08-18 15:27:51 [INFO]: 👤 User 6 registered on socket xLHu0z2pooUvNWY9AAAp
2026-08-18 15:27:51 [INFO]: 📊 Online users: 7:1, 10:1, 6:1
2026-08-18 15:28:03 [INFO]: ❌ WebSocket disconnected: xLHu0z2pooUvNWY9AAAp, reason: transport close
2026-08-18 15:28:03 [INFO]: 🔴 User 6 went offline
2026-08-18 15:28:03 [INFO]: 📊 Online users after disconnect: 7:1, 10:1
2026-08-18 15:28:35 [INFO]: ❌ WebSocket disconnected: ttu2jLXgrqbcp5gfAAAl, reason: client namespace disconnect
2026-08-18 15:28:35 [INFO]: 🔴 User 7 went offline
2026-08-18 15:28:35 [INFO]: 📊 Online users after disconnect: 10:1
2026-08-18 15:28:35 [INFO]: 🔌 New WebSocket connection: 5N8TT3C31VQ3s1zQAAAr
2026-08-18 15:28:35 [INFO]: 👤 User 7 registered on socket 5N8TT3C31VQ3s1zQAAAr
2026-08-18 15:28:35 [INFO]: 📊 Online users: 10:1, 7:1
2026-08-18 15:28:40 [INFO]: ❌ WebSocket disconnected: NwPJNRnd-FYQP8bUAAAn, reason: client namespace disconnect
2026-08-18 15:28:40 [INFO]: 🔴 User 10 went offline
2026-08-18 15:28:40 [INFO]: 📊 Online users after disconnect: 7:1
2026-08-18 15:28:40 [INFO]: 🔌 New WebSocket connection: wbs6PvPoVFITQi4dAAAt
2026-08-18 15:28:40 [INFO]: 👤 User 10 registered on socket wbs6PvPoVFITQi4dAAAt
2026-08-18 15:28:40 [INFO]: 📊 Online users: 7:1, 10:1
2026-08-18 15:28:53 [INFO]: 🔌 New WebSocket connection: R167-1t_7Vz8Cfo8AAAv
2026-08-18 15:28:53 [INFO]: 👤 User 6 registered on socket R167-1t_7Vz8Cfo8AAAv
2026-08-18 15:28:53 [INFO]: 📊 Online users: 7:1, 10:1, 6:1
2026-08-18 15:29:01 [INFO]: 💬 Socket R167-1t_7Vz8Cfo8AAAv joined chat 1
2026-08-18 15:29:04 [INFO]: 💬 Socket R167-1t_7Vz8Cfo8AAAv joined chat 3
2026-08-18 15:29:06 [INFO]: ❌ WebSocket disconnected: 5N8TT3C31VQ3s1zQAAAr, reason: client namespace disconnect
2026-08-18 15:29:06 [INFO]: 🔴 User 7 went offline
2026-08-18 15:29:06 [INFO]: 📊 Online users after disconnect: 10:1, 6:1
2026-08-18 15:29:06 [INFO]: 🔌 New WebSocket connection: 8xKIDjXtIb1-qt29AAAx
2026-08-18 15:29:06 [INFO]: 👤 User 7 registered on socket 8xKIDjXtIb1-qt29AAAx
2026-08-18 15:29:06 [INFO]: 📊 Online users: 10:1, 6:1, 7:1
2026-08-18 15:29:11 [INFO]: ❌ WebSocket disconnected: wbs6PvPoVFITQi4dAAAt, reason: client namespace disconnect
2026-08-18 15:29:11 [INFO]: 🔴 User 10 went offline
2026-08-18 15:29:11 [INFO]: 📊 Online users after disconnect: 6:1, 7:1
2026-08-18 15:29:11 [INFO]: 🔌 New WebSocket connection: _zNgo1gj-jk-tTu1AAAz
2026-08-18 15:29:11 [INFO]: 👤 User 10 registered on socket _zNgo1gj-jk-tTu1AAAz
2026-08-18 15:29:11 [INFO]: 📊 Online users: 6:1, 7:1, 10:1
2026-08-18 15:29:23 [INFO]: ❌ WebSocket disconnected: R167-1t_7Vz8Cfo8AAAv, reason: client namespace disconnect
2026-08-18 15:29:23 [INFO]: 🔴 User 6 went offline
2026-08-18 15:29:23 [INFO]: 📊 Online users after disconnect: 7:1, 10:1
2026-08-18 15:29:24 [INFO]: 🔌 New WebSocket connection: XXGvVCkcPWkI4U0sAAA1
2026-08-18 15:29:24 [INFO]: 👤 User 6 registered on socket XXGvVCkcPWkI4U0sAAA1
2026-08-18 15:29:24 [INFO]: 📊 Online users: 7:1, 10:1, 6:1
2026-08-18 15:29:37 [INFO]: ❌ WebSocket disconnected: 8xKIDjXtIb1-qt29AAAx, reason: client namespace disconnect
2026-08-18 15:29:37 [INFO]: 🔴 User 7 went offline
2026-08-18 15:29:37 [INFO]: 📊 Online users after disconnect: 10:1, 6:1
2026-08-18 15:29:37 [INFO]: 🔌 New WebSocket connection: US-1xNA1uLnEgkQtAAA3
2026-08-18 15:29:37 [INFO]: 👤 User 7 registered on socket US-1xNA1uLnEgkQtAAA3
2026-08-18 15:29:37 [INFO]: 📊 Online users: 10:1, 6:1, 7:1
2026-08-18 15:29:42 [INFO]: ❌ WebSocket disconnected: _zNgo1gj-jk-tTu1AAAz, reason: client namespace disconnect
2026-08-18 15:29:42 [INFO]: 🔴 User 10 went offline
2026-08-18 15:29:42 [INFO]: 📊 Online users after disconnect: 6:1, 7:1
2026-08-18 15:29:42 [INFO]: 🔌 New WebSocket connection: QdovCXtMbabZI9BDAAA5
2026-08-18 15:29:42 [INFO]: 👤 User 10 registered on socket QdovCXtMbabZI9BDAAA5
2026-08-18 15:29:42 [INFO]: 📊 Online users: 6:1, 7:1, 10:1
2026-08-18 15:29:54 [INFO]: ❌ WebSocket disconnected: XXGvVCkcPWkI4U0sAAA1, reason: transport close
2026-08-18 15:29:54 [INFO]: 🔴 User 6 went offline
2026-08-18 15:29:54 [INFO]: 📊 Online users after disconnect: 7:1, 10:1
2026-08-18 15:29:55 [INFO]: ❌ WebSocket disconnected: US-1xNA1uLnEgkQtAAA3, reason: transport close
2026-08-18 15:29:55 [INFO]: 🔴 User 7 went offline
2026-08-18 15:29:55 [INFO]: 📊 Online users after disconnect: 10:1
2026-08-18 15:29:55 [INFO]: 🔌 New WebSocket connection: kNUvdbiVpzxQmuNsAAA7
2026-08-18 15:29:55 [INFO]: 👤 User 7 registered on socket kNUvdbiVpzxQmuNsAAA7
2026-08-18 15:29:55 [INFO]: 📊 Online users: 10:1, 7:1
2026-08-18 15:29:56 [INFO]: 🔌 New WebSocket connection: 9R_0NYB_y_2koK4vAAA9
2026-08-18 15:29:56 [INFO]: 👤 User 6 registered on socket 9R_0NYB_y_2koK4vAAA9
2026-08-18 15:29:56 [INFO]: 📊 Online users: 10:1, 7:1, 6:1
2026-08-18 15:30:23 [INFO]: ❌ WebSocket disconnected: QdovCXtMbabZI9BDAAA5, reason: client namespace disconnect
2026-08-18 15:30:23 [INFO]: 🔴 User 10 went offline
2026-08-18 15:30:23 [INFO]: 📊 Online users after disconnect: 7:1, 6:1
2026-08-18 15:30:23 [INFO]: 🔌 New WebSocket connection: -cFOLIy1X6wKLkUpAAA_
2026-08-18 15:30:23 [INFO]: 👤 User 10 registered on socket -cFOLIy1X6wKLkUpAAA_
2026-08-18 15:30:23 [INFO]: 📊 Online users: 7:1, 6:1, 10:1
2026-08-18 15:30:26 [INFO]: ❌ WebSocket disconnected: kNUvdbiVpzxQmuNsAAA7, reason: client namespace disconnect
2026-08-18 15:30:26 [INFO]: 🔴 User 7 went offline
2026-08-18 15:30:26 [INFO]: 📊 Online users after disconnect: 6:1, 10:1
2026-08-18 15:30:26 [INFO]: 🔌 New WebSocket connection: HRvAu6cgl3KxKu_rAABB
2026-08-18 15:30:26 [INFO]: 👤 User 7 registered on socket HRvAu6cgl3KxKu_rAABB
2026-08-18 15:30:26 [INFO]: 📊 Online users: 6:1, 10:1, 7:1
2026-08-18 15:30:39 [INFO]: ❌ WebSocket disconnected: HRvAu6cgl3KxKu_rAABB, reason: transport close
2026-08-18 15:30:39 [INFO]: 🔴 User 7 went offline
2026-08-18 15:30:39 [INFO]: 📊 Online users after disconnect: 6:1, 10:1
2026-08-18 15:30:39 [INFO]: 🔌 New WebSocket connection: 8giUiT36NU7SYdd_AABD
2026-08-18 15:30:39 [INFO]: 👤 User 7 registered on socket 8giUiT36NU7SYdd_AABD
2026-08-18 15:30:39 [INFO]: 📊 Online users: 6:1, 10:1, 7:1
2026-08-18 15:30:42 [INFO]: 💬 Socket 8giUiT36NU7SYdd_AABD joined chat 2
2026-08-18 15:30:54 [INFO]: ❌ WebSocket disconnected: -cFOLIy1X6wKLkUpAAA_, reason: client namespace disconnect
2026-08-18 15:30:54 [INFO]: 🔴 User 10 went offline
2026-08-18 15:30:54 [INFO]: 📊 Online users after disconnect: 6:1, 7:1
2026-08-18 15:30:54 [INFO]: 🔌 New WebSocket connection: kv9Ho0zcSRMujXzeAABF
2026-08-18 15:30:54 [INFO]: 👤 User 10 registered on socket kv9Ho0zcSRMujXzeAABF
2026-08-18 15:30:54 [INFO]: 📊 Online users: 6:1, 7:1, 10:1
2026-08-18 15:31:30 [INFO]: ❌ WebSocket disconnected: 8giUiT36NU7SYdd_AABD, reason: client namespace disconnect
2026-08-18 15:31:30 [INFO]: 🔴 User 7 went offline
2026-08-18 15:31:30 [INFO]: 📊 Online users after disconnect: 6:1, 10:1
2026-08-18 15:31:30 [INFO]: 🔌 New WebSocket connection: RnzwTTVW6tGCymZvAABH
2026-08-18 15:31:30 [INFO]: 👤 User 7 registered on socket RnzwTTVW6tGCymZvAABH
2026-08-18 15:31:30 [INFO]: 📊 Online users: 6:1, 10:1, 7:1
2026-08-18 15:31:35 [INFO]: ❌ WebSocket disconnected: kv9Ho0zcSRMujXzeAABF, reason: client namespace disconnect
2026-08-18 15:31:35 [INFO]: 🔴 User 10 went offline
2026-08-18 15:31:35 [INFO]: 📊 Online users after disconnect: 6:1, 7:1
2026-08-18 15:31:35 [INFO]: 🔌 New WebSocket connection: Xrb9vlP7Zv21vs2qAABJ
2026-08-18 15:31:35 [INFO]: 👤 User 10 registered on socket Xrb9vlP7Zv21vs2qAABJ
2026-08-18 15:31:35 [INFO]: 📊 Online users: 6:1, 7:1, 10:1
2026-08-18 15:32:01 [INFO]: ❌ WebSocket disconnected: RnzwTTVW6tGCymZvAABH, reason: client namespace disconnect
2026-08-18 15:32:01 [INFO]: 🔴 User 7 went offline
2026-08-18 15:32:01 [INFO]: 📊 Online users after disconnect: 6:1, 10:1
2026-08-18 15:32:01 [INFO]: 🔌 New WebSocket connection: 2tzexioAjZVDt2O4AABL
2026-08-18 15:32:01 [INFO]: 👤 User 7 registered on socket 2tzexioAjZVDt2O4AABL
2026-08-18 15:32:01 [INFO]: 📊 Online users: 6:1, 10:1, 7:1
2026-08-18 15:32:06 [INFO]: ❌ WebSocket disconnected: Xrb9vlP7Zv21vs2qAABJ, reason: client namespace disconnect
2026-08-18 15:32:06 [INFO]: 🔴 User 10 went offline
2026-08-18 15:32:06 [INFO]: 📊 Online users after disconnect: 6:1, 7:1
2026-08-18 15:32:06 [INFO]: 🔌 New WebSocket connection: Jd6KpAbCTRcIzVPvAABN
2026-08-18 15:32:06 [INFO]: 👤 User 10 registered on socket Jd6KpAbCTRcIzVPvAABN
2026-08-18 15:32:06 [INFO]: 📊 Online users: 6:1, 7:1, 10:1
2026-08-18 15:32:07 [INFO]: ❌ WebSocket disconnected: 9R_0NYB_y_2koK4vAAA9, reason: transport close
2026-08-18 15:32:07 [INFO]: 🔴 User 6 went offline
2026-08-18 15:32:07 [INFO]: 📊 Online users after disconnect: 7:1, 10:1
2026-08-18 15:32:31 [INFO]: ❌ WebSocket disconnected: 2tzexioAjZVDt2O4AABL, reason: client namespace disconnect
2026-08-18 15:32:31 [INFO]: 🔴 User 7 went offline
2026-08-18 15:32:31 [INFO]: 📊 Online users after disconnect: 10:1
2026-08-18 15:32:31 [INFO]: 🔌 New WebSocket connection: ClXmIJstW7k_KUEvAABP
2026-08-18 15:32:31 [INFO]: 👤 User 7 registered on socket ClXmIJstW7k_KUEvAABP
2026-08-18 15:32:31 [INFO]: 📊 Online users: 10:1, 7:1
2026-08-18 15:32:37 [INFO]: ❌ WebSocket disconnected: Jd6KpAbCTRcIzVPvAABN, reason: client namespace disconnect
2026-08-18 15:32:37 [INFO]: 🔴 User 10 went offline
2026-08-18 15:32:37 [INFO]: 📊 Online users after disconnect: 7:1
2026-08-18 15:32:37 [INFO]: 🔌 New WebSocket connection: DJ4pW-zga5yLctFGAABR
2026-08-18 15:32:37 [INFO]: 👤 User 10 registered on socket DJ4pW-zga5yLctFGAABR
2026-08-18 15:32:37 [INFO]: 📊 Online users: 7:1, 10:1
2026-08-18 15:33:02 [INFO]: ❌ WebSocket disconnected: ClXmIJstW7k_KUEvAABP, reason: client namespace disconnect
2026-08-18 15:33:02 [INFO]: 🔴 User 7 went offline
2026-08-18 15:33:02 [INFO]: 📊 Online users after disconnect: 10:1
2026-08-18 15:33:02 [INFO]: 🔌 New WebSocket connection: iBQgdb8k0GxkumKGAABT
2026-08-18 15:33:02 [INFO]: 👤 User 7 registered on socket iBQgdb8k0GxkumKGAABT
2026-08-18 15:33:02 [INFO]: 📊 Online users: 10:1, 7:1
2026-08-18 15:33:08 [INFO]: ❌ WebSocket disconnected: DJ4pW-zga5yLctFGAABR, reason: client namespace disconnect
2026-08-18 15:33:08 [INFO]: 🔴 User 10 went offline
2026-08-18 15:33:08 [INFO]: 📊 Online users after disconnect: 7:1
2026-08-18 15:33:08 [INFO]: 🔌 New WebSocket connection: mIumoOM25ubnOU3CAABV
2026-08-18 15:33:08 [INFO]: 👤 User 10 registered on socket mIumoOM25ubnOU3CAABV
2026-08-18 15:33:08 [INFO]: 📊 Online users: 7:1, 10:1
2026-08-18 15:33:33 [INFO]: ❌ WebSocket disconnected: iBQgdb8k0GxkumKGAABT, reason: client namespace disconnect
2026-08-18 15:33:33 [INFO]: 🔴 User 7 went offline
2026-08-18 15:33:33 [INFO]: 📊 Online users after disconnect: 10:1
2026-08-18 15:33:33 [INFO]: 🔌 New WebSocket connection: Gry12mUtjP5UpR1kAABX
2026-08-18 15:33:33 [INFO]: 👤 User 7 registered on socket Gry12mUtjP5UpR1kAABX
2026-08-18 15:33:33 [INFO]: 📊 Online users: 10:1, 7:1
2026-08-18 15:33:39 [INFO]: ❌ WebSocket disconnected: mIumoOM25ubnOU3CAABV, reason: client namespace disconnect
2026-08-18 15:33:39 [INFO]: 🔴 User 10 went offline
2026-08-18 15:33:39 [INFO]: 📊 Online users after disconnect: 7:1
2026-08-18 15:33:39 [INFO]: 🔌 New WebSocket connection: JoUy0HCjHZtEn6TGAABZ
2026-08-18 15:33:39 [INFO]: 👤 User 10 registered on socket JoUy0HCjHZtEn6TGAABZ
2026-08-18 15:33:39 [INFO]: 📊 Online users: 7:1, 10:1
2026-08-18 15:33:44 [INFO]: ❌ WebSocket disconnected: Gry12mUtjP5UpR1kAABX, reason: transport close
2026-08-18 15:33:44 [INFO]: 🔴 User 7 went offline
2026-08-18 15:33:44 [INFO]: 📊 Online users after disconnect: 10:1
2026-08-18 15:33:47 [INFO]: 🔌 New WebSocket connection: Q3lZ_D7fIgLyPxS2AABb
2026-08-18 15:33:47 [INFO]: 👤 User 7 registered on socket Q3lZ_D7fIgLyPxS2AABb
2026-08-18 15:33:47 [INFO]: 📊 Online users: 10:1, 7:1
2026-08-18 15:34:01 [INFO]: ❌ WebSocket disconnected: Q3lZ_D7fIgLyPxS2AABb, reason: transport close
2026-08-18 15:34:01 [INFO]: 🔴 User 7 went offline
2026-08-18 15:34:01 [INFO]: 📊 Online users after disconnect: 10:1
2026-08-18 15:34:01 [INFO]: 🔌 New WebSocket connection: o69nXas4SNT5ZiT6AABd
2026-08-18 15:34:01 [INFO]: 👤 User 7 registered on socket o69nXas4SNT5ZiT6AABd
2026-08-18 15:34:01 [INFO]: 📊 Online users: 10:1, 7:1
2026-08-18 15:34:10 [INFO]: ❌ WebSocket disconnected: JoUy0HCjHZtEn6TGAABZ, reason: client namespace disconnect
2026-08-18 15:34:10 [INFO]: 🔴 User 10 went offline
2026-08-18 15:34:10 [INFO]: 📊 Online users after disconnect: 7:1
2026-08-18 15:34:10 [INFO]: 🔌 New WebSocket connection: qRiA1cYr_NMGlydJAABf
2026-08-18 15:34:10 [INFO]: 👤 User 10 registered on socket qRiA1cYr_NMGlydJAABf
2026-08-18 15:34:10 [INFO]: 📊 Online users: 7:1, 10:1
2026-08-18 15:34:32 [INFO]: ❌ WebSocket disconnected: o69nXas4SNT5ZiT6AABd, reason: client namespace disconnect
2026-08-18 15:34:32 [INFO]: 🔴 User 7 went offline
2026-08-18 15:34:32 [INFO]: 📊 Online users after disconnect: 10:1
2026-08-18 15:34:32 [INFO]: 🔌 New WebSocket connection: pwLE3CWnEv-opArTAABh
2026-08-18 15:34:32 [INFO]: 👤 User 7 registered on socket pwLE3CWnEv-opArTAABh
2026-08-18 15:34:32 [INFO]: 📊 Online users: 10:1, 7:1
2026-08-18 15:34:41 [INFO]: ❌ WebSocket disconnected: qRiA1cYr_NMGlydJAABf, reason: client namespace disconnect
2026-08-18 15:34:41 [INFO]: 🔴 User 10 went offline
2026-08-18 15:34:41 [INFO]: 📊 Online users after disconnect: 7:1
2026-08-18 15:34:41 [INFO]: 🔌 New WebSocket connection: qVFj7ZnbJR3FlbJ6AABj
2026-08-18 15:34:41 [INFO]: 👤 User 10 registered on socket qVFj7ZnbJR3FlbJ6AABj
2026-08-18 15:34:41 [INFO]: 📊 Online users: 7:1, 10:1
2026-08-18 15:35:01 [INFO]: 💬 Socket pwLE3CWnEv-opArTAABh joined chat 1
2026-08-18 15:35:02 [INFO]: ❌ WebSocket disconnected: pwLE3CWnEv-opArTAABh, reason: client namespace disconnect
2026-08-18 15:35:02 [INFO]: 🔴 User 7 went offline
2026-08-18 15:35:02 [INFO]: 📊 Online users after disconnect: 10:1
2026-08-18 15:35:03 [INFO]: 🔌 New WebSocket connection: z0J8lEl3akemrUlYAABl
2026-08-18 15:35:03 [INFO]: 👤 User 7 registered on socket z0J8lEl3akemrUlYAABl
2026-08-18 15:35:03 [INFO]: 📊 Online users: 10:1, 7:1
2026-08-18 15:35:05 [INFO]: 💬 Socket z0J8lEl3akemrUlYAABl joined chat 2
2026-08-18 15:35:12 [INFO]: ❌ WebSocket disconnected: qVFj7ZnbJR3FlbJ6AABj, reason: client namespace disconnect
2026-08-18 15:35:12 [INFO]: 🔴 User 10 went offline
2026-08-18 15:35:12 [INFO]: 📊 Online users after disconnect: 7:1
2026-08-18 15:35:12 [INFO]: 🔌 New WebSocket connection: ePaqOXsEtmebEs2iAABn
2026-08-18 15:35:12 [INFO]: 👤 User 10 registered on socket ePaqOXsEtmebEs2iAABn
2026-08-18 15:35:12 [INFO]: 📊 Online users: 7:1, 10:1
2026-08-18 15:35:34 [INFO]: ❌ WebSocket disconnected: z0J8lEl3akemrUlYAABl, reason: client namespace disconnect
2026-08-18 15:35:34 [INFO]: 🔴 User 7 went offline
2026-08-18 15:35:34 [INFO]: 📊 Online users after disconnect: 10:1
2026-08-18 15:35:35 [INFO]: 🔌 New WebSocket connection: 1J87S1jBhQXkkJu2AABp
2026-08-18 15:35:35 [INFO]: 👤 User 7 registered on socket 1J87S1jBhQXkkJu2AABp
2026-08-18 15:35:35 [INFO]: 📊 Online users: 10:1, 7:1
2026-08-18 15:35:43 [INFO]: ❌ WebSocket disconnected: ePaqOXsEtmebEs2iAABn, reason: client namespace disconnect
2026-08-18 15:35:43 [INFO]: 🔴 User 10 went offline
2026-08-18 15:35:43 [INFO]: 📊 Online users after disconnect: 7:1
2026-08-18 15:35:43 [INFO]: 🔌 New WebSocket connection: 7fIft2urDBVdO1FdAABr
2026-08-18 15:35:43 [INFO]: 👤 User 10 registered on socket 7fIft2urDBVdO1FdAABr
2026-08-18 15:35:43 [INFO]: 📊 Online users: 7:1, 10:1
2026-08-18 15:36:05 [INFO]: ❌ WebSocket disconnected: 1J87S1jBhQXkkJu2AABp, reason: client namespace disconnect
2026-08-18 15:36:05 [INFO]: 🔴 User 7 went offline
2026-08-18 15:36:05 [INFO]: 📊 Online users after disconnect: 10:1
2026-08-18 15:36:05 [INFO]: 🔌 New WebSocket connection: L9yBu1hJAkF1SiyvAABt
2026-08-18 15:36:05 [INFO]: 👤 User 7 registered on socket L9yBu1hJAkF1SiyvAABt
2026-08-18 15:36:05 [INFO]: 📊 Online users: 10:1, 7:1
2026-08-18 15:36:14 [INFO]: ❌ WebSocket disconnected: 7fIft2urDBVdO1FdAABr, reason: client namespace disconnect
2026-08-18 15:36:14 [INFO]: 🔴 User 10 went offline
2026-08-18 15:36:14 [INFO]: 📊 Online users after disconnect: 7:1
2026-08-18 15:36:14 [INFO]: 🔌 New WebSocket connection: oWByHJKFtW5RAKdFAABv
2026-08-18 15:36:14 [INFO]: 👤 User 10 registered on socket oWByHJKFtW5RAKdFAABv
2026-08-18 15:36:14 [INFO]: 📊 Online users: 7:1, 10:1
2026-08-18 15:36:36 [INFO]: ❌ WebSocket disconnected: L9yBu1hJAkF1SiyvAABt, reason: client namespace disconnect
2026-08-18 15:36:36 [INFO]: 🔴 User 7 went offline
2026-08-18 15:36:36 [INFO]: 📊 Online users after disconnect: 10:1
2026-08-18 15:36:36 [INFO]: 🔌 New WebSocket connection: Y7Y-PlOmi9HZDLtRAABx
2026-08-18 15:36:36 [INFO]: 👤 User 7 registered on socket Y7Y-PlOmi9HZDLtRAABx
2026-08-18 15:36:36 [INFO]: 📊 Online users: 10:1, 7:1
2026-08-18 15:36:45 [INFO]: ❌ WebSocket disconnected: oWByHJKFtW5RAKdFAABv, reason: client namespace disconnect
2026-08-18 15:36:45 [INFO]: 🔴 User 10 went offline
2026-08-18 15:36:45 [INFO]: 📊 Online users after disconnect: 7:1
2026-08-18 15:36:45 [INFO]: 🔌 New WebSocket connection: jBukhYVmK-wa-maEAABz
2026-08-18 15:36:45 [INFO]: 👤 User 10 registered on socket jBukhYVmK-wa-maEAABz
2026-08-18 15:36:45 [INFO]: 📊 Online users: 7:1, 10:1
2026-08-18 15:37:06 [INFO]: ❌ WebSocket disconnected: Y7Y-PlOmi9HZDLtRAABx, reason: client namespace disconnect
2026-08-18 15:37:06 [INFO]: 🔴 User 7 went offline
2026-08-18 15:37:06 [INFO]: 📊 Online users after disconnect: 10:1
2026-08-18 15:37:06 [INFO]: 🔌 New WebSocket connection: SDVP-HMonIkeqfl0AAB1
2026-08-18 15:37:06 [INFO]: 👤 User 7 registered on socket SDVP-HMonIkeqfl0AAB1
2026-08-18 15:37:06 [INFO]: 📊 Online users: 10:1, 7:1
2026-08-18 15:37:16 [INFO]: ❌ WebSocket disconnected: jBukhYVmK-wa-maEAABz, reason: client namespace disconnect
2026-08-18 15:37:16 [INFO]: 🔴 User 10 went offline
2026-08-18 15:37:16 [INFO]: 📊 Online users after disconnect: 7:1
2026-08-18 15:37:16 [INFO]: 🔌 New WebSocket connection: 0Vu9YkQt5XXn04yVAAB3
2026-08-18 15:37:16 [INFO]: 👤 User 10 registered on socket 0Vu9YkQt5XXn04yVAAB3
2026-08-18 15:37:16 [INFO]: 📊 Online users: 7:1, 10:1
2026-08-18 15:37:37 [INFO]: ❌ WebSocket disconnected: SDVP-HMonIkeqfl0AAB1, reason: client namespace disconnect
2026-08-18 15:37:37 [INFO]: 🔴 User 7 went offline
2026-08-18 15:37:37 [INFO]: 📊 Online users after disconnect: 10:1
2026-08-18 15:37:37 [INFO]: 🔌 New WebSocket connection: jGJGkfx5A9EXEHjAAAB5
2026-08-18 15:37:37 [INFO]: 👤 User 7 registered on socket jGJGkfx5A9EXEHjAAAB5
2026-08-18 15:37:37 [INFO]: 📊 Online users: 10:1, 7:1
2026-08-18 15:37:47 [INFO]: ❌ WebSocket disconnected: 0Vu9YkQt5XXn04yVAAB3, reason: client namespace disconnect
2026-08-18 15:37:47 [INFO]: 🔴 User 10 went offline
2026-08-18 15:37:47 [INFO]: 📊 Online users after disconnect: 7:1
2026-08-18 15:37:47 [INFO]: 🔌 New WebSocket connection: Y7TKhG5797s31tiDAAB7
2026-08-18 15:37:47 [INFO]: 👤 User 10 registered on socket Y7TKhG5797s31tiDAAB7
2026-08-18 15:37:47 [INFO]: 📊 Online users: 7:1, 10:1
2026-08-18 15:38:08 [INFO]: ❌ WebSocket disconnected: jGJGkfx5A9EXEHjAAAB5, reason: client namespace disconnect
2026-08-18 15:38:08 [INFO]: 🔴 User 7 went offline
2026-08-18 15:38:08 [INFO]: 📊 Online users after disconnect: 10:1
2026-08-18 15:38:08 [INFO]: 🔌 New WebSocket connection: Dqh6TAlurPFgkKQ-AAB9
2026-08-18 15:38:08 [INFO]: 👤 User 7 registered on socket Dqh6TAlurPFgkKQ-AAB9
2026-08-18 15:38:08 [INFO]: 📊 Online users: 10:1, 7:1
2026-08-18 15:38:18 [INFO]: ❌ WebSocket disconnected: Y7TKhG5797s31tiDAAB7, reason: client namespace disconnect
2026-08-18 15:38:18 [INFO]: 🔴 User 10 went offline
2026-08-18 15:38:18 [INFO]: 📊 Online users after disconnect: 7:1
2026-08-18 15:38:18 [INFO]: 🔌 New WebSocket connection: 1iW-glNjJNd_z0SiAAB_
2026-08-18 15:38:18 [INFO]: 👤 User 10 registered on socket 1iW-glNjJNd_z0SiAAB_
2026-08-18 15:38:18 [INFO]: 📊 Online users: 7:1, 10:1
2026-08-18 15:38:39 [INFO]: ❌ WebSocket disconnected: Dqh6TAlurPFgkKQ-AAB9, reason: client namespace disconnect
2026-08-18 15:38:39 [INFO]: 🔴 User 7 went offline
2026-08-18 15:38:39 [INFO]: 📊 Online users after disconnect: 10:1
2026-08-18 15:38:39 [INFO]: 🔌 New WebSocket connection: 0tEr-9_eZ_OSG1iEAACB
2026-08-18 15:38:39 [INFO]: 👤 User 7 registered on socket 0tEr-9_eZ_OSG1iEAACB
2026-08-18 15:38:39 [INFO]: 📊 Online users: 10:1, 7:1
2026-08-18 15:38:49 [INFO]: ❌ WebSocket disconnected: 1iW-glNjJNd_z0SiAAB_, reason: client namespace disconnect
2026-08-18 15:38:49 [INFO]: 🔴 User 10 went offline
2026-08-18 15:38:49 [INFO]: 📊 Online users after disconnect: 7:1
2026-08-18 15:38:49 [INFO]: 🔌 New WebSocket connection: LDW6jC_AfgxXdFD4AACD
2026-08-18 15:38:49 [INFO]: 👤 User 10 registered on socket LDW6jC_AfgxXdFD4AACD
2026-08-18 15:38:49 [INFO]: 📊 Online users: 7:1, 10:1
2026-08-18 15:38:54 [INFO]: ❌ WebSocket disconnected: 0tEr-9_eZ_OSG1iEAACB, reason: transport close
2026-08-18 15:38:54 [INFO]: 🔴 User 7 went offline
2026-08-18 15:38:54 [INFO]: 📊 Online users after disconnect: 10:1
2026-08-18 15:38:54 [INFO]: 🔌 New WebSocket connection: I2ShBTeSa1e9ZieKAACF
2026-08-18 15:38:54 [INFO]: 👤 User 7 registered on socket I2ShBTeSa1e9ZieKAACF
2026-08-18 15:38:54 [INFO]: 📊 Online users: 10:1, 7:1
2026-08-18 15:39:20 [INFO]: ❌ WebSocket disconnected: LDW6jC_AfgxXdFD4AACD, reason: client namespace disconnect
2026-08-18 15:39:20 [INFO]: 🔴 User 10 went offline
2026-08-18 15:39:20 [INFO]: 📊 Online users after disconnect: 7:1
2026-08-18 15:39:20 [INFO]: 🔌 New WebSocket connection: 8yKYAPNnt8bYZ4O9AACH
2026-08-18 15:39:20 [INFO]: 👤 User 10 registered on socket 8yKYAPNnt8bYZ4O9AACH
2026-08-18 15:39:20 [INFO]: 📊 Online users: 7:1, 10:1
2026-08-18 15:39:21 [INFO]: ❌ WebSocket disconnected: I2ShBTeSa1e9ZieKAACF, reason: transport close
2026-08-18 15:39:21 [INFO]: 🔴 User 7 went offline
2026-08-18 15:39:21 [INFO]: 📊 Online users after disconnect: 10:1
2026-08-18 15:39:22 [INFO]: 🔌 New WebSocket connection: 0gNxwzOWMmF-62THAACJ
2026-08-18 15:39:22 [INFO]: 👤 User 7 registered on socket 0gNxwzOWMmF-62THAACJ
2026-08-18 15:39:22 [INFO]: 📊 Online users: 10:1, 7:1
2026-08-18 15:39:51 [INFO]: ❌ WebSocket disconnected: 8yKYAPNnt8bYZ4O9AACH, reason: client namespace disconnect
2026-08-18 15:39:51 [INFO]: 🔴 User 10 went offline
2026-08-18 15:39:51 [INFO]: 📊 Online users after disconnect: 7:1
2026-08-18 15:39:51 [INFO]: 🔌 New WebSocket connection: WbLQiTzhixY_cTaSAACL
2026-08-18 15:39:51 [INFO]: 👤 User 10 registered on socket WbLQiTzhixY_cTaSAACL
2026-08-18 15:39:51 [INFO]: 📊 Online users: 7:1, 10:1
2026-08-18 15:39:53 [INFO]: ❌ WebSocket disconnected: 0gNxwzOWMmF-62THAACJ, reason: client namespace disconnect
2026-08-18 15:39:53 [INFO]: 🔴 User 7 went offline
2026-08-18 15:39:53 [INFO]: 📊 Online users after disconnect: 10:1
2026-08-18 15:39:53 [INFO]: 🔌 New WebSocket connection: b8vmB6gGBTTP_ILZAACN
2026-08-18 15:39:53 [INFO]: 👤 User 7 registered on socket b8vmB6gGBTTP_ILZAACN
2026-08-18 15:39:53 [INFO]: 📊 Online users: 10:1, 7:1
2026-08-18 15:40:22 [INFO]: ❌ WebSocket disconnected: WbLQiTzhixY_cTaSAACL, reason: client namespace disconnect
2026-08-18 15:40:22 [INFO]: 🔴 User 10 went offline
2026-08-18 15:40:22 [INFO]: 📊 Online users after disconnect: 7:1
2026-08-18 15:40:22 [INFO]: 🔌 New WebSocket connection: UpTxqMErj1j9xM00AACP
2026-08-18 15:40:22 [INFO]: 👤 User 10 registered on socket UpTxqMErj1j9xM00AACP
2026-08-18 15:40:22 [INFO]: 📊 Online users: 7:1, 10:1
2026-08-18 15:40:24 [INFO]: ❌ WebSocket disconnected: b8vmB6gGBTTP_ILZAACN, reason: client namespace disconnect
2026-08-18 15:40:24 [INFO]: 🔴 User 7 went offline
2026-08-18 15:40:24 [INFO]: 📊 Online users after disconnect: 10:1
2026-08-18 15:40:24 [INFO]: 🔌 New WebSocket connection: -SSpm-9fmbHzqafoAACR
2026-08-18 15:40:24 [INFO]: 👤 User 7 registered on socket -SSpm-9fmbHzqafoAACR
2026-08-18 15:40:24 [INFO]: 📊 Online users: 10:1, 7:1
2026-08-18 15:40:53 [INFO]: ❌ WebSocket disconnected: UpTxqMErj1j9xM00AACP, reason: client namespace disconnect
2026-08-18 15:40:53 [INFO]: 🔴 User 10 went offline
2026-08-18 15:40:53 [INFO]: 📊 Online users after disconnect: 7:1
2026-08-18 15:40:53 [INFO]: 🔌 New WebSocket connection: mlrkxtFZAm50QMVBAACT
2026-08-18 15:40:53 [INFO]: 👤 User 10 registered on socket mlrkxtFZAm50QMVBAACT
2026-08-18 15:40:53 [INFO]: 📊 Online users: 7:1, 10:1
2026-08-18 15:40:55 [INFO]: ❌ WebSocket disconnected: -SSpm-9fmbHzqafoAACR, reason: client namespace disconnect
2026-08-18 15:40:55 [INFO]: 🔴 User 7 went offline
2026-08-18 15:40:55 [INFO]: 📊 Online users after disconnect: 10:1
2026-08-18 15:40:55 [INFO]: 🔌 New WebSocket connection: ML0MD1av7zxP7S4KAACV
2026-08-18 15:40:55 [INFO]: 👤 User 7 registered on socket ML0MD1av7zxP7S4KAACV
2026-08-18 15:40:55 [INFO]: 📊 Online users: 10:1, 7:1
2026-08-18 15:41:24 [INFO]: ❌ WebSocket disconnected: mlrkxtFZAm50QMVBAACT, reason: client namespace disconnect
2026-08-18 15:41:24 [INFO]: 🔴 User 10 went offline
2026-08-18 15:41:24 [INFO]: 📊 Online users after disconnect: 7:1
2026-08-18 15:41:24 [INFO]: 🔌 New WebSocket connection: MWCExwm4uKvozF5mAACX
2026-08-18 15:41:24 [INFO]: 👤 User 10 registered on socket MWCExwm4uKvozF5mAACX
2026-08-18 15:41:24 [INFO]: 📊 Online users: 7:1, 10:1
2026-08-18 15:41:26 [INFO]: ❌ WebSocket disconnected: ML0MD1av7zxP7S4KAACV, reason: client namespace disconnect
2026-08-18 15:41:26 [INFO]: 🔴 User 7 went offline
2026-08-18 15:41:26 [INFO]: 📊 Online users after disconnect: 10:1
2026-08-18 15:41:26 [INFO]: 🔌 New WebSocket connection: vm0z1ARMPDHwOf3MAACZ
2026-08-18 15:41:26 [INFO]: 👤 User 7 registered on socket vm0z1ARMPDHwOf3MAACZ
2026-08-18 15:41:26 [INFO]: 📊 Online users: 10:1, 7:1
2026-08-18 15:41:55 [INFO]: ❌ WebSocket disconnected: MWCExwm4uKvozF5mAACX, reason: client namespace disconnect
2026-08-18 15:41:55 [INFO]: 🔴 User 10 went offline
2026-08-18 15:41:55 [INFO]: 📊 Online users after disconnect: 7:1
2026-08-18 15:41:55 [INFO]: 🔌 New WebSocket connection: AO9G0QZO1eXfUDFeAACb
2026-08-18 15:41:55 [INFO]: 👤 User 10 registered on socket AO9G0QZO1eXfUDFeAACb
2026-08-18 15:41:55 [INFO]: 📊 Online users: 7:1, 10:1
2026-08-18 15:41:57 [INFO]: ❌ WebSocket disconnected: vm0z1ARMPDHwOf3MAACZ, reason: client namespace disconnect
2026-08-18 15:41:57 [INFO]: 🔴 User 7 went offline
2026-08-18 15:41:57 [INFO]: 📊 Online users after disconnect: 10:1
2026-08-18 15:41:57 [INFO]: 🔌 New WebSocket connection: j8tgBnzKhadcKJlvAACd
2026-08-18 15:41:57 [INFO]: 👤 User 7 registered on socket j8tgBnzKhadcKJlvAACd
2026-08-18 15:41:57 [INFO]: 📊 Online users: 10:1, 7:1
2026-08-18 15:42:26 [INFO]: ❌ WebSocket disconnected: AO9G0QZO1eXfUDFeAACb, reason: client namespace disconnect
2026-08-18 15:42:26 [INFO]: 🔴 User 10 went offline
2026-08-18 15:42:26 [INFO]: 📊 Online users after disconnect: 7:1
2026-08-18 15:42:26 [INFO]: 🔌 New WebSocket connection: dhnE0etvi9LCsA2CAACf
2026-08-18 15:42:26 [INFO]: 👤 User 10 registered on socket dhnE0etvi9LCsA2CAACf
2026-08-18 15:42:26 [INFO]: 📊 Online users: 7:1, 10:1
2026-08-18 15:42:28 [INFO]: ❌ WebSocket disconnected: j8tgBnzKhadcKJlvAACd, reason: client namespace disconnect
2026-08-18 15:42:28 [INFO]: 🔴 User 7 went offline
2026-08-18 15:42:28 [INFO]: 📊 Online users after disconnect: 10:1
2026-08-18 15:42:28 [INFO]: 🔌 New WebSocket connection: 83rcu7ZNo__JZqp_AACh
2026-08-18 15:42:28 [INFO]: 👤 User 7 registered on socket 83rcu7ZNo__JZqp_AACh
2026-08-18 15:42:28 [INFO]: 📊 Online users: 10:1, 7:1
2026-08-18 15:42:57 [INFO]: ❌ WebSocket disconnected: dhnE0etvi9LCsA2CAACf, reason: client namespace disconnect
2026-08-18 15:42:57 [INFO]: 🔴 User 10 went offline
2026-08-18 15:42:57 [INFO]: 📊 Online users after disconnect: 7:1
2026-08-18 15:42:57 [INFO]: 🔌 New WebSocket connection: o5CUIbII6wSnF7L_AACj
2026-08-18 15:42:57 [INFO]: 👤 User 10 registered on socket o5CUIbII6wSnF7L_AACj
2026-08-18 15:42:57 [INFO]: 📊 Online users: 7:1, 10:1
2026-08-18 15:42:59 [INFO]: ❌ WebSocket disconnected: 83rcu7ZNo__JZqp_AACh, reason: client namespace disconnect
2026-08-18 15:42:59 [INFO]: 🔴 User 7 went offline
2026-08-18 15:42:59 [INFO]: 📊 Online users after disconnect: 10:1
2026-08-18 15:42:59 [INFO]: 🔌 New WebSocket connection: 64ojCtKa_Iz-sL9PAACl
2026-08-18 15:42:59 [INFO]: 👤 User 7 registered on socket 64ojCtKa_Iz-sL9PAACl
2026-08-18 15:42:59 [INFO]: 📊 Online users: 10:1, 7:1
2026-08-18 15:43:28 [INFO]: ❌ WebSocket disconnected: o5CUIbII6wSnF7L_AACj, reason: client namespace disconnect
2026-08-18 15:43:28 [INFO]: 🔴 User 10 went offline
2026-08-18 15:43:28 [INFO]: 📊 Online users after disconnect: 7:1
2026-08-18 15:43:28 [INFO]: 🔌 New WebSocket connection: 0uv9N8tLCZZeV45AAACn
2026-08-18 15:43:28 [INFO]: 👤 User 10 registered on socket 0uv9N8tLCZZeV45AAACn
2026-08-18 15:43:28 [INFO]: 📊 Online users: 7:1, 10:1
2026-08-18 15:43:30 [INFO]: ❌ WebSocket disconnected: 64ojCtKa_Iz-sL9PAACl, reason: client namespace disconnect
2026-08-18 15:43:30 [INFO]: 🔴 User 7 went offline
2026-08-18 15:43:30 [INFO]: 📊 Online users after disconnect: 10:1
2026-08-18 15:43:30 [INFO]: 🔌 New WebSocket connection: 0vf_a8_WtsCAc0RdAACp
2026-08-18 15:43:30 [INFO]: 👤 User 7 registered on socket 0vf_a8_WtsCAc0RdAACp
2026-08-18 15:43:30 [INFO]: 📊 Online users: 10:1, 7:1
2026-08-18 15:43:59 [INFO]: ❌ WebSocket disconnected: 0uv9N8tLCZZeV45AAACn, reason: client namespace disconnect
2026-08-18 15:43:59 [INFO]: 🔴 User 10 went offline
2026-08-18 15:43:59 [INFO]: 📊 Online users after disconnect: 7:1
2026-08-18 15:43:59 [INFO]: 🔌 New WebSocket connection: AuYT7P025hEHm0hoAACr
2026-08-18 15:43:59 [INFO]: 👤 User 10 registered on socket AuYT7P025hEHm0hoAACr
2026-08-18 15:43:59 [INFO]: 📊 Online users: 7:1, 10:1
2026-08-18 15:44:01 [INFO]: ❌ WebSocket disconnected: 0vf_a8_WtsCAc0RdAACp, reason: client namespace disconnect
2026-08-18 15:44:01 [INFO]: 🔴 User 7 went offline
2026-08-18 15:44:01 [INFO]: 📊 Online users after disconnect: 10:1
2026-08-18 15:44:01 [INFO]: 🔌 New WebSocket connection: WzxrWWUHmuIKvbdkAACt
2026-08-18 15:44:01 [INFO]: 👤 User 7 registered on socket WzxrWWUHmuIKvbdkAACt
2026-08-18 15:44:01 [INFO]: 📊 Online users: 10:1, 7:1
2026-08-18 15:44:30 [INFO]: ❌ WebSocket disconnected: AuYT7P025hEHm0hoAACr, reason: client namespace disconnect
2026-08-18 15:44:30 [INFO]: 🔴 User 10 went offline
2026-08-18 15:44:30 [INFO]: 📊 Online users after disconnect: 7:1
2026-08-18 15:44:30 [INFO]: 🔌 New WebSocket connection: qBSGMNvE0dWZeE-DAACv
2026-08-18 15:44:30 [INFO]: 👤 User 10 registered on socket qBSGMNvE0dWZeE-DAACv
2026-08-18 15:44:30 [INFO]: 📊 Online users: 7:1, 10:1
2026-08-18 15:44:32 [INFO]: ❌ WebSocket disconnected: WzxrWWUHmuIKvbdkAACt, reason: client namespace disconnect
2026-08-18 15:44:32 [INFO]: 🔴 User 7 went offline
2026-08-18 15:44:32 [INFO]: 📊 Online users after disconnect: 10:1
2026-08-18 15:44:32 [INFO]: 🔌 New WebSocket connection: TNwKkw4ZxYTdWAHPAACx
2026-08-18 15:44:32 [INFO]: 👤 User 7 registered on socket TNwKkw4ZxYTdWAHPAACx
2026-08-18 15:44:32 [INFO]: 📊 Online users: 10:1, 7:1
2026-08-18 15:45:01 [INFO]: ❌ WebSocket disconnected: qBSGMNvE0dWZeE-DAACv, reason: client namespace disconnect
2026-08-18 15:45:01 [INFO]: 🔴 User 10 went offline
2026-08-18 15:45:01 [INFO]: 📊 Online users after disconnect: 7:1
2026-08-18 15:45:01 [INFO]: 🔌 New WebSocket connection: Tpb8FTRmwNeZ8KN8AACz
2026-08-18 15:45:01 [INFO]: 👤 User 10 registered on socket Tpb8FTRmwNeZ8KN8AACz
2026-08-18 15:45:01 [INFO]: 📊 Online users: 7:1, 10:1
2026-08-18 15:45:03 [INFO]: ❌ WebSocket disconnected: TNwKkw4ZxYTdWAHPAACx, reason: client namespace disconnect
2026-08-18 15:45:03 [INFO]: 🔴 User 7 went offline
2026-08-18 15:45:03 [INFO]: 📊 Online users after disconnect: 10:1
2026-08-18 15:45:03 [INFO]: 🔌 New WebSocket connection: b162gbhnq096_bP6AAC1
2026-08-18 15:45:03 [INFO]: 👤 User 7 registered on socket b162gbhnq096_bP6AAC1
2026-08-18 15:45:03 [INFO]: 📊 Online users: 10:1, 7:1
2026-08-18 15:45:32 [INFO]: ❌ WebSocket disconnected: Tpb8FTRmwNeZ8KN8AACz, reason: client namespace disconnect
2026-08-18 15:45:32 [INFO]: 🔴 User 10 went offline
2026-08-18 15:45:32 [INFO]: 📊 Online users after disconnect: 7:1
2026-08-18 15:45:32 [INFO]: 🔌 New WebSocket connection: d69y6fi2iJ1HhWPTAAC3
2026-08-18 15:45:32 [INFO]: 👤 User 10 registered on socket d69y6fi2iJ1HhWPTAAC3
2026-08-18 15:45:32 [INFO]: 📊 Online users: 7:1, 10:1
2026-08-18 15:45:34 [INFO]: ❌ WebSocket disconnected: b162gbhnq096_bP6AAC1, reason: client namespace disconnect
2026-08-18 15:45:34 [INFO]: 🔴 User 7 went offline
2026-08-18 15:45:34 [INFO]: 📊 Online users after disconnect: 10:1
2026-08-18 15:45:34 [INFO]: 🔌 New WebSocket connection: eKGX6hH7_Ixyb-moAAC5
2026-08-18 15:45:34 [INFO]: 👤 User 7 registered on socket eKGX6hH7_Ixyb-moAAC5
2026-08-18 15:45:34 [INFO]: 📊 Online users: 10:1, 7:1
2026-08-18 15:46:03 [INFO]: ❌ WebSocket disconnected: d69y6fi2iJ1HhWPTAAC3, reason: client namespace disconnect
2026-08-18 15:46:03 [INFO]: 🔴 User 10 went offline
2026-08-18 15:46:03 [INFO]: 📊 Online users after disconnect: 7:1
2026-08-18 15:46:03 [INFO]: 🔌 New WebSocket connection: TBfeZlRfJQOoGKhwAAC7
2026-08-18 15:46:03 [INFO]: 👤 User 10 registered on socket TBfeZlRfJQOoGKhwAAC7
2026-08-18 15:46:03 [INFO]: 📊 Online users: 7:1, 10:1
2026-08-18 15:46:05 [INFO]: ❌ WebSocket disconnected: eKGX6hH7_Ixyb-moAAC5, reason: client namespace disconnect
2026-08-18 15:46:05 [INFO]: 🔴 User 7 went offline
2026-08-18 15:46:05 [INFO]: 📊 Online users after disconnect: 10:1
2026-08-18 15:46:05 [INFO]: 🔌 New WebSocket connection: -9CIhPFpMBESs8UPAAC9
2026-08-18 15:46:05 [INFO]: 👤 User 7 registered on socket -9CIhPFpMBESs8UPAAC9
2026-08-18 15:46:05 [INFO]: 📊 Online users: 10:1, 7:1
2026-08-18 15:46:34 [INFO]: ❌ WebSocket disconnected: TBfeZlRfJQOoGKhwAAC7, reason: client namespace disconnect
2026-08-18 15:46:34 [INFO]: 🔴 User 10 went offline
2026-08-18 15:46:34 [INFO]: 📊 Online users after disconnect: 7:1
2026-08-18 15:46:34 [INFO]: 🔌 New WebSocket connection: vBabcKdihNPAougnAAC_
2026-08-18 15:46:34 [INFO]: 👤 User 10 registered on socket vBabcKdihNPAougnAAC_
2026-08-18 15:46:34 [INFO]: 📊 Online users: 7:1, 10:1
2026-08-18 15:46:36 [INFO]: ❌ WebSocket disconnected: -9CIhPFpMBESs8UPAAC9, reason: client namespace disconnect
2026-08-18 15:46:36 [INFO]: 🔴 User 7 went offline
2026-08-18 15:46:36 [INFO]: 📊 Online users after disconnect: 10:1
2026-08-18 15:46:36 [INFO]: 🔌 New WebSocket connection: yaz4pcewS3WNkcncAADB
2026-08-18 15:46:36 [INFO]: 👤 User 7 registered on socket yaz4pcewS3WNkcncAADB
2026-08-18 15:46:36 [INFO]: 📊 Online users: 10:1, 7:1
2026-08-18 15:47:05 [INFO]: ❌ WebSocket disconnected: vBabcKdihNPAougnAAC_, reason: client namespace disconnect
2026-08-18 15:47:05 [INFO]: 🔴 User 10 went offline
2026-08-18 15:47:05 [INFO]: 📊 Online users after disconnect: 7:1
2026-08-18 15:47:05 [INFO]: 🔌 New WebSocket connection: pVDe_dFJg4I6nEpiAADD
2026-08-18 15:47:05 [INFO]: 👤 User 10 registered on socket pVDe_dFJg4I6nEpiAADD
2026-08-18 15:47:05 [INFO]: 📊 Online users: 7:1, 10:1
2026-08-18 15:47:07 [INFO]: ❌ WebSocket disconnected: yaz4pcewS3WNkcncAADB, reason: client namespace disconnect
2026-08-18 15:47:07 [INFO]: 🔴 User 7 went offline
2026-08-18 15:47:07 [INFO]: 📊 Online users after disconnect: 10:1
2026-08-18 15:47:08 [INFO]: 🔌 New WebSocket connection: zf_mIm4Hjxp29ProAADF
2026-08-18 15:47:08 [INFO]: 👤 User 7 registered on socket zf_mIm4Hjxp29ProAADF
2026-08-18 15:47:08 [INFO]: 📊 Online users: 10:1, 7:1
2026-08-18 15:47:36 [INFO]: ❌ WebSocket disconnected: pVDe_dFJg4I6nEpiAADD, reason: client namespace disconnect
2026-08-18 15:47:36 [INFO]: 🔴 User 10 went offline
2026-08-18 15:47:36 [INFO]: 📊 Online users after disconnect: 7:1
2026-08-18 15:47:36 [INFO]: 🔌 New WebSocket connection: KfMxBhLfG9Aezy7fAADH
2026-08-18 15:47:36 [INFO]: 👤 User 10 registered on socket KfMxBhLfG9Aezy7fAADH
2026-08-18 15:47:36 [INFO]: 📊 Online users: 7:1, 10:1
2026-08-18 15:47:39 [INFO]: ❌ WebSocket disconnected: zf_mIm4Hjxp29ProAADF, reason: client namespace disconnect
2026-08-18 15:47:39 [INFO]: 🔴 User 7 went offline
2026-08-18 15:47:39 [INFO]: 📊 Online users after disconnect: 10:1
2026-08-18 15:47:39 [INFO]: 🔌 New WebSocket connection: vwMeZqHuVJj83LmfAADJ
2026-08-18 15:47:39 [INFO]: 👤 User 7 registered on socket vwMeZqHuVJj83LmfAADJ
2026-08-18 15:47:39 [INFO]: 📊 Online users: 10:1, 7:1
2026-08-18 15:48:07 [INFO]: ❌ WebSocket disconnected: KfMxBhLfG9Aezy7fAADH, reason: client namespace disconnect
2026-08-18 15:48:07 [INFO]: 🔴 User 10 went offline
2026-08-18 15:48:07 [INFO]: 📊 Online users after disconnect: 7:1
2026-08-18 15:48:07 [INFO]: 🔌 New WebSocket connection: kD2o0vZvKQNlVUphAADL
2026-08-18 15:48:07 [INFO]: 👤 User 10 registered on socket kD2o0vZvKQNlVUphAADL
2026-08-18 15:48:07 [INFO]: 📊 Online users: 7:1, 10:1
2026-08-18 15:48:10 [INFO]: ❌ WebSocket disconnected: vwMeZqHuVJj83LmfAADJ, reason: client namespace disconnect
2026-08-18 15:48:10 [INFO]: 🔴 User 7 went offline
2026-08-18 15:48:10 [INFO]: 📊 Online users after disconnect: 10:1
2026-08-18 15:48:10 [INFO]: 🔌 New WebSocket connection: eUqxUnDkYVTOROpXAADN
2026-08-18 15:48:10 [INFO]: 👤 User 7 registered on socket eUqxUnDkYVTOROpXAADN
2026-08-18 15:48:10 [INFO]: 📊 Online users: 10:1, 7:1
2026-08-18 15:48:38 [INFO]: ❌ WebSocket disconnected: kD2o0vZvKQNlVUphAADL, reason: client namespace disconnect
2026-08-18 15:48:38 [INFO]: 🔴 User 10 went offline
2026-08-18 15:48:38 [INFO]: 📊 Online users after disconnect: 7:1
2026-08-18 15:48:38 [INFO]: 🔌 New WebSocket connection: _ziRV4HE07dnK54_AADP
2026-08-18 15:48:38 [INFO]: 👤 User 10 registered on socket _ziRV4HE07dnK54_AADP
2026-08-18 15:48:38 [INFO]: 📊 Online users: 7:1, 10:1
2026-08-18 15:48:41 [INFO]: ❌ WebSocket disconnected: eUqxUnDkYVTOROpXAADN, reason: client namespace disconnect
2026-08-18 15:48:41 [INFO]: 🔴 User 7 went offline
2026-08-18 15:48:41 [INFO]: 📊 Online users after disconnect: 10:1
2026-08-18 15:48:41 [INFO]: 🔌 New WebSocket connection: VvCJEyDgiuuTm2QdAADR
2026-08-18 15:48:41 [INFO]: 👤 User 7 registered on socket VvCJEyDgiuuTm2QdAADR
2026-08-18 15:48:41 [INFO]: 📊 Online users: 10:1, 7:1
2026-08-18 15:49:09 [INFO]: ❌ WebSocket disconnected: _ziRV4HE07dnK54_AADP, reason: client namespace disconnect
2026-08-18 15:49:09 [INFO]: 🔴 User 10 went offline
2026-08-18 15:49:09 [INFO]: 📊 Online users after disconnect: 7:1
2026-08-18 15:49:09 [INFO]: 🔌 New WebSocket connection: xm_R93f1d2zTXhN9AADT
2026-08-18 15:49:09 [INFO]: 👤 User 10 registered on socket xm_R93f1d2zTXhN9AADT
2026-08-18 15:49:09 [INFO]: 📊 Online users: 7:1, 10:1
2026-08-18 15:49:12 [INFO]: ❌ WebSocket disconnected: VvCJEyDgiuuTm2QdAADR, reason: client namespace disconnect
2026-08-18 15:49:12 [INFO]: 🔴 User 7 went offline
2026-08-18 15:49:12 [INFO]: 📊 Online users after disconnect: 10:1
2026-08-18 15:49:12 [INFO]: 🔌 New WebSocket connection: a8R2yMTtug0yMP7gAADV
2026-08-18 15:49:12 [INFO]: 👤 User 7 registered on socket a8R2yMTtug0yMP7gAADV
2026-08-18 15:49:12 [INFO]: 📊 Online users: 10:1, 7:1
2026-08-18 15:49:40 [INFO]: ❌ WebSocket disconnected: xm_R93f1d2zTXhN9AADT, reason: client namespace disconnect
2026-08-18 15:49:40 [INFO]: 🔴 User 10 went offline
2026-08-18 15:49:40 [INFO]: 📊 Online users after disconnect: 7:1
2026-08-18 15:49:40 [INFO]: 🔌 New WebSocket connection: PvxutpsvRS7otKZPAADX
2026-08-18 15:49:40 [INFO]: 👤 User 10 registered on socket PvxutpsvRS7otKZPAADX
2026-08-18 15:49:40 [INFO]: 📊 Online users: 7:1, 10:1
2026-08-18 15:49:43 [INFO]: ❌ WebSocket disconnected: a8R2yMTtug0yMP7gAADV, reason: client namespace disconnect
2026-08-18 15:49:43 [INFO]: 🔴 User 7 went offline
2026-08-18 15:49:43 [INFO]: 📊 Online users after disconnect: 10:1
2026-08-18 15:49:43 [INFO]: 🔌 New WebSocket connection: Xd-HmWYnf8DFq-pyAADZ
2026-08-18 15:49:43 [INFO]: 👤 User 7 registered on socket Xd-HmWYnf8DFq-pyAADZ
2026-08-18 15:49:43 [INFO]: 📊 Online users: 10:1, 7:1
2026-08-18 15:49:55 [INFO]: 
SIGINT received. Shutting down gracefully...
2026-08-18 15:49:57 [INFO]: 🚀 Starting application initialization...
2026-08-18 15:49:57 [INFO]: ✅ Auth routes loaded
2026-08-18 15:49:57 [INFO]: ✅ Conversations routes loaded
2026-08-18 15:49:57 [INFO]: ✅ Users routes loaded
2026-08-18 15:49:57 [INFO]: ✅ Profile routes loaded
2026-08-18 15:49:57 [INFO]: ✅ Database connection established successfully.
2026-08-18 15:49:57 [INFO]: ✅ Database synced
2026-08-18 15:49:57 [INFO]: ✅ Socket.IO configured successfully
2026-08-18 15:49:57 [INFO]: ✅ Application initialized successfully
2026-08-18 15:49:57 [INFO]: 🚀 Server is running on port 3000
2026-08-18 15:49:57 [INFO]: 📡 Environment: production
2026-08-18 15:49:57 [INFO]: 🌐 API URL: http://localhost:3000
2026-08-18 15:49:57 [INFO]: 💾 Database: icq_messenger on localhost:5432
2026-08-18 15:49:58 [INFO]: 🔌 New WebSocket connection: wtWWgroB2VifGRgmAAAB
2026-08-18 15:49:58 [INFO]: 👤 User 7 registered on socket wtWWgroB2VifGRgmAAAB
2026-08-18 15:49:58 [INFO]: 📊 Online users: 7:1
2026-08-18 15:49:58 [INFO]: 🔌 New WebSocket connection: Elo1dpGWjwief1mGAAAD
2026-08-18 15:49:58 [INFO]: 👤 User 10 registered on socket Elo1dpGWjwief1mGAAAD
2026-08-18 15:49:58 [INFO]: 📊 Online users: 7:1, 10:1
2026-08-18 15:50:09 [INFO]: ❌ WebSocket disconnected: wtWWgroB2VifGRgmAAAB, reason: transport close
2026-08-18 15:50:09 [INFO]: 🔴 User 7 went offline
2026-08-18 15:50:09 [INFO]: 📊 Online users after disconnect: 10:1
2026-08-18 15:50:12 [INFO]: 🔌 New WebSocket connection: QUa3KwxIxyqJ_kurAAAF
2026-08-18 15:50:12 [INFO]: 👤 User 7 registered on socket QUa3KwxIxyqJ_kurAAAF
2026-08-18 15:50:12 [INFO]: 📊 Online users: 10:1, 7:1
2026-08-18 15:50:23 [INFO]: ❌ WebSocket disconnected: QUa3KwxIxyqJ_kurAAAF, reason: transport close
2026-08-18 15:50:23 [INFO]: 🔴 User 7 went offline
2026-08-18 15:50:23 [INFO]: 📊 Online users after disconnect: 10:1
2026-08-18 15:50:23 [INFO]: 🔌 New WebSocket connection: 1qlBFV2PMZRvISBVAAAH
2026-08-18 15:50:23 [INFO]: 👤 User 7 registered on socket 1qlBFV2PMZRvISBVAAAH
2026-08-18 15:50:23 [INFO]: 📊 Online users: 10:1, 7:1
2026-08-18 15:50:29 [INFO]: ❌ WebSocket disconnected: Elo1dpGWjwief1mGAAAD, reason: client namespace disconnect
2026-08-18 15:50:29 [INFO]: 🔴 User 10 went offline
2026-08-18 15:50:29 [INFO]: 📊 Online users after disconnect: 7:1
2026-08-18 15:50:29 [INFO]: 🔌 New WebSocket connection: 3I_9jopE0a0zR6o-AAAJ
2026-08-18 15:50:29 [INFO]: 👤 User 10 registered on socket 3I_9jopE0a0zR6o-AAAJ
2026-08-18 15:50:29 [INFO]: 📊 Online users: 7:1, 10:1
2026-08-18 15:51:00 [INFO]: ❌ WebSocket disconnected: 3I_9jopE0a0zR6o-AAAJ, reason: client namespace disconnect
2026-08-18 15:51:00 [INFO]: 🔴 User 10 went offline
2026-08-18 15:51:00 [INFO]: 📊 Online users after disconnect: 7:1
2026-08-18 15:51:00 [INFO]: 🔌 New WebSocket connection: 8zmPEje3N-zm24iGAAAL
2026-08-18 15:51:00 [INFO]: 👤 User 10 registered on socket 8zmPEje3N-zm24iGAAAL
2026-08-18 15:51:00 [INFO]: 📊 Online users: 7:1, 10:1
2026-08-18 15:51:04 [INFO]: ❌ WebSocket disconnected: 1qlBFV2PMZRvISBVAAAH, reason: client namespace disconnect
2026-08-18 15:51:04 [INFO]: 🔴 User 7 went offline
2026-08-18 15:51:04 [INFO]: 📊 Online users after disconnect: 10:1
2026-08-18 15:51:04 [INFO]: 🔌 New WebSocket connection: azuTHF16nkzjUGMXAAAN
2026-08-18 15:51:04 [INFO]: 👤 User 7 registered on socket azuTHF16nkzjUGMXAAAN
2026-08-18 15:51:04 [INFO]: 📊 Online users: 10:1, 7:1
2026-08-18 15:51:31 [INFO]: ❌ WebSocket disconnected: 8zmPEje3N-zm24iGAAAL, reason: client namespace disconnect
2026-08-18 15:51:31 [INFO]: 🔴 User 10 went offline
2026-08-18 15:51:31 [INFO]: 📊 Online users after disconnect: 7:1
2026-08-18 15:51:31 [INFO]: 🔌 New WebSocket connection: pvv9GvsV7MduOkc7AAAP
2026-08-18 15:51:31 [INFO]: 👤 User 10 registered on socket pvv9GvsV7MduOkc7AAAP
2026-08-18 15:51:31 [INFO]: 📊 Online users: 7:1, 10:1
2026-08-18 15:51:35 [INFO]: ❌ WebSocket disconnected: azuTHF16nkzjUGMXAAAN, reason: client namespace disconnect
2026-08-18 15:51:35 [INFO]: 🔴 User 7 went offline
2026-08-18 15:51:35 [INFO]: 📊 Online users after disconnect: 10:1
2026-08-18 15:51:35 [INFO]: 🔌 New WebSocket connection: 0hChxeONJNwk7cczAAAR
2026-08-18 15:51:35 [INFO]: 👤 User 7 registered on socket 0hChxeONJNwk7cczAAAR
2026-08-18 15:51:35 [INFO]: 📊 Online users: 10:1, 7:1
2026-08-18 15:52:02 [INFO]: ❌ WebSocket disconnected: pvv9GvsV7MduOkc7AAAP, reason: client namespace disconnect
2026-08-18 15:52:02 [INFO]: 🔴 User 10 went offline
2026-08-18 15:52:02 [INFO]: 📊 Online users after disconnect: 7:1
2026-08-18 15:52:02 [INFO]: 🔌 New WebSocket connection: s_HObdwsh869O0RXAAAT
2026-08-18 15:52:02 [INFO]: 👤 User 10 registered on socket s_HObdwsh869O0RXAAAT
2026-08-18 15:52:02 [INFO]: 📊 Online users: 7:1, 10:1
2026-08-18 15:52:06 [INFO]: ❌ WebSocket disconnected: 0hChxeONJNwk7cczAAAR, reason: client namespace disconnect
2026-08-18 15:52:06 [INFO]: 🔴 User 7 went offline
2026-08-18 15:52:06 [INFO]: 📊 Online users after disconnect: 10:1
2026-08-18 15:52:06 [INFO]: 🔌 New WebSocket connection: wJPSUzFpO30v9x4-AAAV
2026-08-18 15:52:06 [INFO]: 👤 User 7 registered on socket wJPSUzFpO30v9x4-AAAV
2026-08-18 15:52:06 [INFO]: 📊 Online users: 10:1, 7:1
2026-08-18 15:52:33 [INFO]: ❌ WebSocket disconnected: s_HObdwsh869O0RXAAAT, reason: client namespace disconnect
2026-08-18 15:52:33 [INFO]: 🔴 User 10 went offline
2026-08-18 15:52:33 [INFO]: 📊 Online users after disconnect: 7:1
2026-08-18 15:52:33 [INFO]: 🔌 New WebSocket connection: b0pfh5OrNApCEzOkAAAX
2026-08-18 15:52:33 [INFO]: 👤 User 10 registered on socket b0pfh5OrNApCEzOkAAAX
2026-08-18 15:52:33 [INFO]: 📊 Online users: 7:1, 10:1
2026-08-18 15:52:37 [INFO]: ❌ WebSocket disconnected: wJPSUzFpO30v9x4-AAAV, reason: client namespace disconnect
2026-08-18 15:52:37 [INFO]: 🔴 User 7 went offline
2026-08-18 15:52:37 [INFO]: 📊 Online users after disconnect: 10:1
2026-08-18 15:52:37 [INFO]: 🔌 New WebSocket connection: 19Q2v1RfGLOk3_P2AAAZ
2026-08-18 15:52:37 [INFO]: 👤 User 7 registered on socket 19Q2v1RfGLOk3_P2AAAZ
2026-08-18 15:52:37 [INFO]: 📊 Online users: 10:1, 7:1
2026-08-18 15:53:04 [INFO]: ❌ WebSocket disconnected: b0pfh5OrNApCEzOkAAAX, reason: client namespace disconnect
2026-08-18 15:53:04 [INFO]: 🔴 User 10 went offline
2026-08-18 15:53:04 [INFO]: 📊 Online users after disconnect: 7:1
2026-08-18 15:53:04 [INFO]: 🔌 New WebSocket connection: tFL_6-NqjuXiIr2vAAAb
2026-08-18 15:53:04 [INFO]: 👤 User 10 registered on socket tFL_6-NqjuXiIr2vAAAb
2026-08-18 15:53:04 [INFO]: 📊 Online users: 7:1, 10:1
2026-08-18 15:53:08 [INFO]: ❌ WebSocket disconnected: 19Q2v1RfGLOk3_P2AAAZ, reason: client namespace disconnect
2026-08-18 15:53:08 [INFO]: 🔴 User 7 went offline
2026-08-18 15:53:08 [INFO]: 📊 Online users after disconnect: 10:1
2026-08-18 15:53:08 [INFO]: 🔌 New WebSocket connection: 2HlsZC2u1BOpu1U2AAAd
2026-08-18 15:53:08 [INFO]: 👤 User 7 registered on socket 2HlsZC2u1BOpu1U2AAAd
2026-08-18 15:53:08 [INFO]: 📊 Online users: 10:1, 7:1
2026-08-18 15:53:35 [INFO]: ❌ WebSocket disconnected: tFL_6-NqjuXiIr2vAAAb, reason: client namespace disconnect
2026-08-18 15:53:35 [INFO]: 🔴 User 10 went offline
2026-08-18 15:53:35 [INFO]: 📊 Online users after disconnect: 7:1
2026-08-18 15:53:35 [INFO]: 🔌 New WebSocket connection: tTdukLUd1O6b1U7yAAAf
2026-08-18 15:53:35 [INFO]: 👤 User 10 registered on socket tTdukLUd1O6b1U7yAAAf
2026-08-18 15:53:35 [INFO]: 📊 Online users: 7:1, 10:1
2026-08-18 15:53:39 [INFO]: ❌ WebSocket disconnected: 2HlsZC2u1BOpu1U2AAAd, reason: client namespace disconnect
2026-08-18 15:53:39 [INFO]: 🔴 User 7 went offline
2026-08-18 15:53:39 [INFO]: 📊 Online users after disconnect: 10:1
2026-08-18 15:53:39 [INFO]: 🔌 New WebSocket connection: Em7SnDYsUEjZ-nbSAAAh
2026-08-18 15:53:39 [INFO]: 👤 User 7 registered on socket Em7SnDYsUEjZ-nbSAAAh
2026-08-18 15:53:39 [INFO]: 📊 Online users: 10:1, 7:1
2026-08-18 15:54:06 [INFO]: ❌ WebSocket disconnected: tTdukLUd1O6b1U7yAAAf, reason: client namespace disconnect
2026-08-18 15:54:06 [INFO]: 🔴 User 10 went offline
2026-08-18 15:54:06 [INFO]: 📊 Online users after disconnect: 7:1
2026-08-18 15:54:06 [INFO]: 🔌 New WebSocket connection: Z-45469_7QBeFioZAAAj
2026-08-18 15:54:06 [INFO]: 👤 User 10 registered on socket Z-45469_7QBeFioZAAAj
2026-08-18 15:54:06 [INFO]: 📊 Online users: 7:1, 10:1
2026-08-18 15:54:10 [INFO]: ❌ WebSocket disconnected: Em7SnDYsUEjZ-nbSAAAh, reason: client namespace disconnect
2026-08-18 15:54:10 [INFO]: 🔴 User 7 went offline
2026-08-18 15:54:10 [INFO]: 📊 Online users after disconnect: 10:1
2026-08-18 15:54:10 [INFO]: 🔌 New WebSocket connection: AG-VCzzSuVp_e0JmAAAl
2026-08-18 15:54:10 [INFO]: 👤 User 7 registered on socket AG-VCzzSuVp_e0JmAAAl
2026-08-18 15:54:10 [INFO]: 📊 Online users: 10:1, 7:1
2026-08-18 15:54:37 [INFO]: ❌ WebSocket disconnected: Z-45469_7QBeFioZAAAj, reason: client namespace disconnect
2026-08-18 15:54:37 [INFO]: 🔴 User 10 went offline
2026-08-18 15:54:37 [INFO]: 📊 Online users after disconnect: 7:1
2026-08-18 15:54:37 [INFO]: 🔌 New WebSocket connection: HDslYvOFG6UzPPRVAAAn
2026-08-18 15:54:37 [INFO]: 👤 User 10 registered on socket HDslYvOFG6UzPPRVAAAn
2026-08-18 15:54:37 [INFO]: 📊 Online users: 7:1, 10:1
2026-08-18 15:54:41 [INFO]: ❌ WebSocket disconnected: AG-VCzzSuVp_e0JmAAAl, reason: client namespace disconnect
2026-08-18 15:54:41 [INFO]: 🔴 User 7 went offline
2026-08-18 15:54:41 [INFO]: 📊 Online users after disconnect: 10:1
2026-08-18 15:54:41 [INFO]: 🔌 New WebSocket connection: fnOdxrNPjpywvNfWAAAp
2026-08-18 15:54:41 [INFO]: 👤 User 7 registered on socket fnOdxrNPjpywvNfWAAAp
2026-08-18 15:54:41 [INFO]: 📊 Online users: 10:1, 7:1
2026-08-18 15:55:08 [INFO]: ❌ WebSocket disconnected: HDslYvOFG6UzPPRVAAAn, reason: client namespace disconnect
2026-08-18 15:55:08 [INFO]: 🔴 User 10 went offline
2026-08-18 15:55:08 [INFO]: 📊 Online users after disconnect: 7:1
2026-08-18 15:55:08 [INFO]: 🔌 New WebSocket connection: y2Jhk8mPnrUZzvBxAAAr
2026-08-18 15:55:08 [INFO]: 👤 User 10 registered on socket y2Jhk8mPnrUZzvBxAAAr
2026-08-18 15:55:08 [INFO]: 📊 Online users: 7:1, 10:1
2026-08-18 15:55:12 [INFO]: ❌ WebSocket disconnected: fnOdxrNPjpywvNfWAAAp, reason: client namespace disconnect
2026-08-18 15:55:12 [INFO]: 🔴 User 7 went offline
2026-08-18 15:55:12 [INFO]: 📊 Online users after disconnect: 10:1
2026-08-18 15:55:12 [INFO]: 🔌 New WebSocket connection: MI5hdBEitY1EyO6pAAAt
2026-08-18 15:55:12 [INFO]: 👤 User 7 registered on socket MI5hdBEitY1EyO6pAAAt
2026-08-18 15:55:12 [INFO]: 📊 Online users: 10:1, 7:1
2026-08-18 15:55:32 [INFO]: ❌ WebSocket disconnected: MI5hdBEitY1EyO6pAAAt, reason: client namespace disconnect
2026-08-18 15:55:32 [INFO]: 🔴 User 7 went offline
2026-08-18 15:55:32 [INFO]: 📊 Online users after disconnect: 10:1
2026-08-18 15:55:39 [INFO]: ❌ WebSocket disconnected: y2Jhk8mPnrUZzvBxAAAr, reason: client namespace disconnect
2026-08-18 15:55:39 [INFO]: 🔴 User 10 went offline
2026-08-18 15:55:39 [INFO]: 📊 Online users after disconnect: 
2026-08-18 15:55:39 [INFO]: 🔌 New WebSocket connection: AMiCo9g3Pt54QmcFAAAv
2026-08-18 15:55:39 [INFO]: 👤 User 10 registered on socket AMiCo9g3Pt54QmcFAAAv
2026-08-18 15:55:39 [INFO]: 📊 Online users: 10:1
2026-08-18 15:55:51 [INFO]: 🔌 New WebSocket connection: _kttAiqZmVHXZPL7AAAx
2026-08-18 15:55:51 [INFO]: 👤 User 7 registered on socket _kttAiqZmVHXZPL7AAAx
2026-08-18 15:55:51 [INFO]: 📊 Online users: 10:1, 7:1
2026-08-18 15:55:55 [INFO]: ❌ WebSocket disconnected: _kttAiqZmVHXZPL7AAAx, reason: client namespace disconnect
2026-08-18 15:55:55 [INFO]: 🔴 User 7 went offline
2026-08-18 15:55:55 [INFO]: 📊 Online users after disconnect: 10:1
2026-08-18 15:55:55 [INFO]: 🔌 New WebSocket connection: 5pb4Sfmul4VdgOnpAAAz
2026-08-18 15:55:55 [INFO]: 👤 User 7 registered on socket 5pb4Sfmul4VdgOnpAAAz
2026-08-18 15:55:55 [INFO]: 📊 Online users: 10:1, 7:1
2026-08-18 15:55:56 [INFO]: ❌ WebSocket disconnected: 5pb4Sfmul4VdgOnpAAAz, reason: client namespace disconnect
2026-08-18 15:55:56 [INFO]: 🔴 User 7 went offline
2026-08-18 15:55:56 [INFO]: 📊 Online users after disconnect: 10:1
2026-08-18 15:55:57 [INFO]: 🔌 New WebSocket connection: 7Jyi2d1Fd11DhHJRAAA1
2026-08-18 15:55:57 [INFO]: 👤 User 7 registered on socket 7Jyi2d1Fd11DhHJRAAA1
2026-08-18 15:55:57 [INFO]: 📊 Online users: 10:1, 7:1
2026-08-18 15:55:59 [INFO]: ❌ WebSocket disconnected: 7Jyi2d1Fd11DhHJRAAA1, reason: transport close
2026-08-18 15:55:59 [INFO]: 🔴 User 7 went offline
2026-08-18 15:55:59 [INFO]: 📊 Online users after disconnect: 10:1
2026-08-18 15:55:59 [INFO]: 🔌 New WebSocket connection: KUtLlOG6_LN1x82HAAA3
2026-08-18 15:55:59 [INFO]: 👤 User 7 registered on socket KUtLlOG6_LN1x82HAAA3
2026-08-18 15:55:59 [INFO]: 📊 Online users: 10:1, 7:1
2026-08-18 15:56:00 [INFO]: 💬 Socket KUtLlOG6_LN1x82HAAA3 joined chat 3
2026-08-18 15:56:05 [INFO]: 💬 Socket KUtLlOG6_LN1x82HAAA3 joined chat 2
2026-08-18 15:56:07 [INFO]: ❌ WebSocket disconnected: KUtLlOG6_LN1x82HAAA3, reason: transport close
2026-08-18 15:56:07 [INFO]: 🔴 User 7 went offline
2026-08-18 15:56:07 [INFO]: 📊 Online users after disconnect: 10:1
2026-08-18 15:56:08 [INFO]: 🔌 New WebSocket connection: 8XH7A_7RhL-sAV-OAAA5
2026-08-18 15:56:08 [INFO]: 👤 User 7 registered on socket 8XH7A_7RhL-sAV-OAAA5
2026-08-18 15:56:08 [INFO]: 📊 Online users: 10:1, 7:1
2026-08-18 15:56:09 [INFO]: 💬 Socket 8XH7A_7RhL-sAV-OAAA5 joined chat 1
2026-08-18 15:56:10 [INFO]: ❌ WebSocket disconnected: AMiCo9g3Pt54QmcFAAAv, reason: client namespace disconnect
2026-08-18 15:56:10 [INFO]: 🔴 User 10 went offline
2026-08-18 15:56:10 [INFO]: 📊 Online users after disconnect: 7:1
2026-08-18 15:56:10 [INFO]: 🔌 New WebSocket connection: 9ig4kOZ602Y7x2eXAAA7
2026-08-18 15:56:10 [INFO]: 👤 User 10 registered on socket 9ig4kOZ602Y7x2eXAAA7
2026-08-18 15:56:10 [INFO]: 📊 Online users: 7:1, 10:1
2026-08-18 15:56:38 [INFO]: ❌ WebSocket disconnected: 8XH7A_7RhL-sAV-OAAA5, reason: client namespace disconnect
2026-08-18 15:56:38 [INFO]: 🔴 User 7 went offline
2026-08-18 15:56:38 [INFO]: 📊 Online users after disconnect: 10:1
2026-08-18 15:56:39 [INFO]: 🔌 New WebSocket connection: D-1t-yQab0KTGKd5AAA9
2026-08-18 15:56:39 [INFO]: 👤 User 7 registered on socket D-1t-yQab0KTGKd5AAA9
2026-08-18 15:56:39 [INFO]: 📊 Online users: 10:1, 7:1
2026-08-18 15:56:41 [INFO]: ❌ WebSocket disconnected: 9ig4kOZ602Y7x2eXAAA7, reason: client namespace disconnect
2026-08-18 15:56:41 [INFO]: 🔴 User 10 went offline
2026-08-18 15:56:41 [INFO]: 📊 Online users after disconnect: 7:1
2026-08-18 15:56:41 [INFO]: 🔌 New WebSocket connection: oxfzO8yvkA091_MyAAA_
2026-08-18 15:56:41 [INFO]: 👤 User 10 registered on socket oxfzO8yvkA091_MyAAA_
2026-08-18 15:56:41 [INFO]: 📊 Online users: 7:1, 10:1
2026-08-18 15:57:10 [INFO]: ❌ WebSocket disconnected: D-1t-yQab0KTGKd5AAA9, reason: client namespace disconnect
2026-08-18 15:57:10 [INFO]: 🔴 User 7 went offline
2026-08-18 15:57:10 [INFO]: 📊 Online users after disconnect: 10:1
2026-08-18 15:57:11 [INFO]: 🔌 New WebSocket connection: bPZ8zFv0-Sr-aOX0AABB
2026-08-18 15:57:11 [INFO]: 👤 User 7 registered on socket bPZ8zFv0-Sr-aOX0AABB
2026-08-18 15:57:11 [INFO]: 📊 Online users: 10:1, 7:1
2026-08-18 15:57:12 [INFO]: ❌ WebSocket disconnected: oxfzO8yvkA091_MyAAA_, reason: client namespace disconnect
2026-08-18 15:57:12 [INFO]: 🔴 User 10 went offline
2026-08-18 15:57:12 [INFO]: 📊 Online users after disconnect: 7:1
2026-08-18 15:57:12 [INFO]: 🔌 New WebSocket connection: I--hQpplFtujXQf4AABD
2026-08-18 15:57:12 [INFO]: 👤 User 10 registered on socket I--hQpplFtujXQf4AABD
2026-08-18 15:57:12 [INFO]: 📊 Online users: 7:1, 10:1
2026-08-18 15:57:42 [INFO]: ❌ WebSocket disconnected: bPZ8zFv0-Sr-aOX0AABB, reason: client namespace disconnect
2026-08-18 15:57:42 [INFO]: 🔴 User 7 went offline
2026-08-18 15:57:42 [INFO]: 📊 Online users after disconnect: 10:1
2026-08-18 15:57:42 [INFO]: 🔌 New WebSocket connection: 7QqSvFJEt4jPSTSYAABF
2026-08-18 15:57:42 [INFO]: 👤 User 7 registered on socket 7QqSvFJEt4jPSTSYAABF
2026-08-18 15:57:42 [INFO]: 📊 Online users: 10:1, 7:1
2026-08-18 15:57:43 [INFO]: ❌ WebSocket disconnected: I--hQpplFtujXQf4AABD, reason: client namespace disconnect
2026-08-18 15:57:43 [INFO]: 🔴 User 10 went offline
2026-08-18 15:57:43 [INFO]: 📊 Online users after disconnect: 7:1
2026-08-18 15:57:43 [INFO]: 🔌 New WebSocket connection: knZWPRIgvpMFz8T4AABH
2026-08-18 15:57:43 [INFO]: 👤 User 10 registered on socket knZWPRIgvpMFz8T4AABH
2026-08-18 15:57:43 [INFO]: 📊 Online users: 7:1, 10:1
2026-08-18 15:58:03 [INFO]: 🔌 New WebSocket connection: U6ru_7uxy9dB8go8AABJ
2026-08-18 15:58:03 [INFO]: 👤 User 6 registered on socket U6ru_7uxy9dB8go8AABJ
2026-08-18 15:58:03 [INFO]: 📊 Online users: 7:1, 10:1, 6:1
2026-08-18 15:58:05 [INFO]: ❌ WebSocket disconnected: U6ru_7uxy9dB8go8AABJ, reason: transport close
2026-08-18 15:58:05 [INFO]: 🔴 User 6 went offline
2026-08-18 15:58:05 [INFO]: 📊 Online users after disconnect: 7:1, 10:1
2026-08-18 15:58:07 [INFO]: 🔌 New WebSocket connection: ctTcP6C15uoXAjCfAABL
2026-08-18 15:58:07 [INFO]: 👤 User 6 registered on socket ctTcP6C15uoXAjCfAABL
2026-08-18 15:58:07 [INFO]: 📊 Online users: 7:1, 10:1, 6:1
2026-08-18 15:58:13 [INFO]: ❌ WebSocket disconnected: 7QqSvFJEt4jPSTSYAABF, reason: client namespace disconnect
2026-08-18 15:58:13 [INFO]: 🔴 User 7 went offline
2026-08-18 15:58:13 [INFO]: 📊 Online users after disconnect: 10:1, 6:1
2026-08-18 15:58:13 [INFO]: 🔌 New WebSocket connection: ncFKeOu9AlXlH9rYAABN
2026-08-18 15:58:13 [INFO]: 👤 User 7 registered on socket ncFKeOu9AlXlH9rYAABN
2026-08-18 15:58:13 [INFO]: 📊 Online users: 10:1, 6:1, 7:1
2026-08-18 15:58:14 [INFO]: ❌ WebSocket disconnected: knZWPRIgvpMFz8T4AABH, reason: client namespace disconnect
2026-08-18 15:58:14 [INFO]: 🔴 User 10 went offline
2026-08-18 15:58:14 [INFO]: 📊 Online users after disconnect: 6:1, 7:1
2026-08-18 15:58:14 [INFO]: 🔌 New WebSocket connection: 4BU2ul5uqxGZNafsAABP
2026-08-18 15:58:14 [INFO]: 👤 User 10 registered on socket 4BU2ul5uqxGZNafsAABP
2026-08-18 15:58:14 [INFO]: 📊 Online users: 6:1, 7:1, 10:1
2026-08-18 15:58:23 [INFO]: ❌ WebSocket disconnected: ctTcP6C15uoXAjCfAABL, reason: client namespace disconnect
2026-08-18 15:58:23 [INFO]: 🔴 User 6 went offline
2026-08-18 15:58:23 [INFO]: 📊 Online users after disconnect: 7:1, 10:1
2026-08-18 15:58:36 [INFO]: 🔌 New WebSocket connection: QtXiPleKMG8F0H_8AABR
2026-08-18 15:58:36 [INFO]: 👤 User 6 registered on socket QtXiPleKMG8F0H_8AABR
2026-08-18 15:58:36 [INFO]: 📊 Online users: 7:1, 10:1, 6:1
2026-08-18 15:58:43 [INFO]: ❌ WebSocket disconnected: QtXiPleKMG8F0H_8AABR, reason: client namespace disconnect
2026-08-18 15:58:43 [INFO]: 🔴 User 6 went offline
2026-08-18 15:58:43 [INFO]: 📊 Online users after disconnect: 7:1, 10:1
2026-08-18 15:58:43 [INFO]: 🔌 New WebSocket connection: NC5wDcPf7N05xJpiAABT
2026-08-18 15:58:43 [INFO]: 👤 User 6 registered on socket NC5wDcPf7N05xJpiAABT
2026-08-18 15:58:43 [INFO]: 📊 Online users: 7:1, 10:1, 6:1
2026-08-18 15:58:44 [INFO]: ❌ WebSocket disconnected: ncFKeOu9AlXlH9rYAABN, reason: client namespace disconnect
2026-08-18 15:58:44 [INFO]: 🔴 User 7 went offline
2026-08-18 15:58:44 [INFO]: 📊 Online users after disconnect: 10:1, 6:1
2026-08-18 15:58:44 [INFO]: 🔌 New WebSocket connection: d0T2mTr6ZzCCBMiWAABV
2026-08-18 15:58:44 [INFO]: 👤 User 7 registered on socket d0T2mTr6ZzCCBMiWAABV
2026-08-18 15:58:44 [INFO]: 📊 Online users: 10:1, 6:1, 7:1
2026-08-18 15:58:45 [INFO]: ❌ WebSocket disconnected: 4BU2ul5uqxGZNafsAABP, reason: client namespace disconnect
2026-08-18 15:58:45 [INFO]: 🔴 User 10 went offline
2026-08-18 15:58:45 [INFO]: 📊 Online users after disconnect: 6:1, 7:1
2026-08-18 15:58:45 [INFO]: 🔌 New WebSocket connection: 8pzrLgvkrEC6SLCzAABX
2026-08-18 15:58:45 [INFO]: 👤 User 10 registered on socket 8pzrLgvkrEC6SLCzAABX
2026-08-18 15:58:45 [INFO]: 📊 Online users: 6:1, 7:1, 10:1
2026-08-18 15:58:45 [INFO]: ❌ WebSocket disconnected: NC5wDcPf7N05xJpiAABT, reason: client namespace disconnect
2026-08-18 15:58:45 [INFO]: 🔴 User 6 went offline
2026-08-18 15:58:45 [INFO]: 📊 Online users after disconnect: 7:1, 10:1
2026-08-18 15:58:45 [INFO]: 🔌 New WebSocket connection: zyIFzvl5f0SJm_TDAABZ
2026-08-18 15:58:45 [INFO]: 👤 User 6 registered on socket zyIFzvl5f0SJm_TDAABZ
2026-08-18 15:58:45 [INFO]: 📊 Online users: 7:1, 10:1, 6:1
2026-08-18 15:58:49 [INFO]: ❌ WebSocket disconnected: zyIFzvl5f0SJm_TDAABZ, reason: transport close
2026-08-18 15:58:49 [INFO]: 🔴 User 6 went offline
2026-08-18 15:58:49 [INFO]: 📊 Online users after disconnect: 7:1, 10:1
2026-08-18 15:58:49 [INFO]: 🔌 New WebSocket connection: ZOrZdbinNFJsQydKAABb
2026-08-18 15:58:49 [INFO]: 👤 User 6 registered on socket ZOrZdbinNFJsQydKAABb
2026-08-18 15:58:49 [INFO]: 📊 Online users: 7:1, 10:1, 6:1
2026-08-18 15:58:52 [INFO]: 💬 Socket ZOrZdbinNFJsQydKAABb joined chat 3
2026-08-18 15:59:15 [INFO]: ❌ WebSocket disconnected: d0T2mTr6ZzCCBMiWAABV, reason: client namespace disconnect
2026-08-18 15:59:15 [INFO]: 🔴 User 7 went offline
2026-08-18 15:59:15 [INFO]: 📊 Online users after disconnect: 10:1, 6:1
2026-08-18 15:59:15 [INFO]: 🔌 New WebSocket connection: gjnBMx1qrtQqK6cOAABd
2026-08-18 15:59:15 [INFO]: 👤 User 7 registered on socket gjnBMx1qrtQqK6cOAABd
2026-08-18 15:59:15 [INFO]: 📊 Online users: 10:1, 6:1, 7:1
2026-08-18 15:59:16 [INFO]: ❌ WebSocket disconnected: 8pzrLgvkrEC6SLCzAABX, reason: client namespace disconnect
2026-08-18 15:59:16 [INFO]: 🔴 User 10 went offline
2026-08-18 15:59:16 [INFO]: 📊 Online users after disconnect: 6:1, 7:1
2026-08-18 15:59:16 [INFO]: 🔌 New WebSocket connection: iehhkXhIW1zjIC3vAABf
2026-08-18 15:59:16 [INFO]: 👤 User 10 registered on socket iehhkXhIW1zjIC3vAABf
2026-08-18 15:59:16 [INFO]: 📊 Online users: 6:1, 7:1, 10:1
2026-08-18 15:59:20 [INFO]: ❌ WebSocket disconnected: ZOrZdbinNFJsQydKAABb, reason: client namespace disconnect
2026-08-18 15:59:20 [INFO]: 🔴 User 6 went offline
2026-08-18 15:59:20 [INFO]: 📊 Online users after disconnect: 7:1, 10:1
2026-08-18 15:59:20 [INFO]: 🔌 New WebSocket connection: dkBaOr6CEC6nXrpFAABh
2026-08-18 15:59:20 [INFO]: 👤 User 6 registered on socket dkBaOr6CEC6nXrpFAABh
2026-08-18 15:59:20 [INFO]: 📊 Online users: 7:1, 10:1, 6:1
2026-08-18 15:59:46 [INFO]: ❌ WebSocket disconnected: gjnBMx1qrtQqK6cOAABd, reason: client namespace disconnect
2026-08-18 15:59:46 [INFO]: 🔴 User 7 went offline
2026-08-18 15:59:46 [INFO]: 📊 Online users after disconnect: 10:1, 6:1
2026-08-18 15:59:46 [INFO]: 🔌 New WebSocket connection: UhNM8mTt9FyypmAWAABj
2026-08-18 15:59:46 [INFO]: 👤 User 7 registered on socket UhNM8mTt9FyypmAWAABj
2026-08-18 15:59:46 [INFO]: 📊 Online users: 10:1, 6:1, 7:1
2026-08-18 15:59:47 [INFO]: ❌ WebSocket disconnected: iehhkXhIW1zjIC3vAABf, reason: client namespace disconnect
2026-08-18 15:59:47 [INFO]: 🔴 User 10 went offline
2026-08-18 15:59:47 [INFO]: 📊 Online users after disconnect: 6:1, 7:1
2026-08-18 15:59:47 [INFO]: 🔌 New WebSocket connection: QvBWShJWY-2jYjlcAABl
2026-08-18 15:59:47 [INFO]: 👤 User 10 registered on socket QvBWShJWY-2jYjlcAABl
2026-08-18 15:59:47 [INFO]: 📊 Online users: 6:1, 7:1, 10:1
2026-08-18 15:59:48 [INFO]: ❌ WebSocket disconnected: dkBaOr6CEC6nXrpFAABh, reason: transport close
2026-08-18 15:59:48 [INFO]: 🔴 User 6 went offline
2026-08-18 15:59:48 [INFO]: 📊 Online users after disconnect: 7:1, 10:1
2026-08-18 15:59:48 [INFO]: 🔌 New WebSocket connection: HIpbHD4Bolw5Jra1AABn
2026-08-18 15:59:48 [INFO]: 👤 User 6 registered on socket HIpbHD4Bolw5Jra1AABn
2026-08-18 15:59:48 [INFO]: 📊 Online users: 7:1, 10:1, 6:1
2026-08-18 15:59:52 [INFO]: 💬 Socket HIpbHD4Bolw5Jra1AABn joined chat 1
2026-08-18 16:00:17 [INFO]: ❌ WebSocket disconnected: UhNM8mTt9FyypmAWAABj, reason: client namespace disconnect
2026-08-18 16:00:17 [INFO]: 🔴 User 7 went offline
2026-08-18 16:00:17 [INFO]: 📊 Online users after disconnect: 10:1, 6:1
2026-08-18 16:00:17 [INFO]: 🔌 New WebSocket connection: HiYBVqCZ8nE2Kd67AABp
2026-08-18 16:00:17 [INFO]: 👤 User 7 registered on socket HiYBVqCZ8nE2Kd67AABp
2026-08-18 16:00:17 [INFO]: 📊 Online users: 10:1, 6:1, 7:1
2026-08-18 16:00:18 [INFO]: ❌ WebSocket disconnected: QvBWShJWY-2jYjlcAABl, reason: client namespace disconnect
2026-08-18 16:00:18 [INFO]: 🔴 User 10 went offline
2026-08-18 16:00:18 [INFO]: 📊 Online users after disconnect: 6:1, 7:1
2026-08-18 16:00:18 [INFO]: 🔌 New WebSocket connection: zOoLKfPe4uuvtPjEAABr
2026-08-18 16:00:18 [INFO]: 👤 User 10 registered on socket zOoLKfPe4uuvtPjEAABr
2026-08-18 16:00:18 [INFO]: 📊 Online users: 6:1, 7:1, 10:1
2026-08-18 16:00:19 [INFO]: ❌ WebSocket disconnected: HIpbHD4Bolw5Jra1AABn, reason: client namespace disconnect
2026-08-18 16:00:19 [INFO]: 🔴 User 6 went offline
2026-08-18 16:00:19 [INFO]: 📊 Online users after disconnect: 7:1, 10:1
2026-08-18 16:00:19 [INFO]: 🔌 New WebSocket connection: AcBNNUr9Lv3JjFeZAABt
2026-08-18 16:00:19 [INFO]: 👤 User 6 registered on socket AcBNNUr9Lv3JjFeZAABt
2026-08-18 16:00:19 [INFO]: 📊 Online users: 7:1, 10:1, 6:1
2026-08-18 16:00:48 [INFO]: ❌ WebSocket disconnected: HiYBVqCZ8nE2Kd67AABp, reason: client namespace disconnect
2026-08-18 16:00:48 [INFO]: 🔴 User 7 went offline
2026-08-18 16:00:48 [INFO]: 📊 Online users after disconnect: 10:1, 6:1
2026-08-18 16:00:48 [INFO]: 🔌 New WebSocket connection: a0hU82FbOltEocKSAABv
2026-08-18 16:00:48 [INFO]: 👤 User 7 registered on socket a0hU82FbOltEocKSAABv
2026-08-18 16:00:48 [INFO]: 📊 Online users: 10:1, 6:1, 7:1
2026-08-18 16:00:49 [INFO]: ❌ WebSocket disconnected: zOoLKfPe4uuvtPjEAABr, reason: client namespace disconnect
2026-08-18 16:00:49 [INFO]: 🔴 User 10 went offline
2026-08-18 16:00:49 [INFO]: 📊 Online users after disconnect: 6:1, 7:1
2026-08-18 16:00:49 [INFO]: 🔌 New WebSocket connection: JpMuyzis4Wlx8muHAABx
2026-08-18 16:00:49 [INFO]: 👤 User 10 registered on socket JpMuyzis4Wlx8muHAABx
2026-08-18 16:00:49 [INFO]: 📊 Online users: 6:1, 7:1, 10:1
2026-08-18 16:01:19 [INFO]: ❌ WebSocket disconnected: a0hU82FbOltEocKSAABv, reason: client namespace disconnect
2026-08-18 16:01:19 [INFO]: 🔴 User 7 went offline
2026-08-18 16:01:19 [INFO]: 📊 Online users after disconnect: 6:1, 10:1
2026-08-18 16:01:19 [INFO]: 🔌 New WebSocket connection: Fc9chKeYn4ASoxcrAABz
2026-08-18 16:01:19 [INFO]: 👤 User 7 registered on socket Fc9chKeYn4ASoxcrAABz
2026-08-18 16:01:19 [INFO]: 📊 Online users: 6:1, 10:1, 7:1
2026-08-18 16:01:20 [INFO]: ❌ WebSocket disconnected: JpMuyzis4Wlx8muHAABx, reason: client namespace disconnect
2026-08-18 16:01:20 [INFO]: 🔴 User 10 went offline
2026-08-18 16:01:20 [INFO]: 📊 Online users after disconnect: 6:1, 7:1
2026-08-18 16:01:20 [INFO]: 🔌 New WebSocket connection: ctPc6zrbBrErGHR_AAB1
2026-08-18 16:01:20 [INFO]: 👤 User 10 registered on socket ctPc6zrbBrErGHR_AAB1
2026-08-18 16:01:20 [INFO]: 📊 Online users: 6:1, 7:1, 10:1
2026-08-18 16:01:24 [INFO]: ❌ WebSocket disconnected: AcBNNUr9Lv3JjFeZAABt, reason: client namespace disconnect
2026-08-18 16:01:24 [INFO]: 🔴 User 6 went offline
2026-08-18 16:01:24 [INFO]: 📊 Online users after disconnect: 7:1, 10:1
2026-08-18 16:01:24 [INFO]: 🔌 New WebSocket connection: l9ngDhzVcpal_fEGAAB3
2026-08-18 16:01:24 [INFO]: 👤 User 6 registered on socket l9ngDhzVcpal_fEGAAB3
2026-08-18 16:01:24 [INFO]: 📊 Online users: 7:1, 10:1, 6:1
2026-08-18 16:01:29 [INFO]: 💬 Socket l9ngDhzVcpal_fEGAAB3 joined chat 3
2026-08-18 16:01:38 [INFO]: 💬 Socket l9ngDhzVcpal_fEGAAB3 joined chat 1
2026-08-18 16:01:51 [INFO]: ❌ WebSocket disconnected: ctPc6zrbBrErGHR_AAB1, reason: client namespace disconnect
2026-08-18 16:01:51 [INFO]: 🔴 User 10 went offline
2026-08-18 16:01:51 [INFO]: 📊 Online users after disconnect: 7:1, 6:1
2026-08-18 16:01:51 [INFO]: 🔌 New WebSocket connection: ipUALwBTgkKpx1hXAAB5
2026-08-18 16:01:51 [INFO]: 👤 User 10 registered on socket ipUALwBTgkKpx1hXAAB5
2026-08-18 16:01:51 [INFO]: 📊 Online users: 7:1, 6:1, 10:1
2026-08-18 16:02:20 [INFO]: ❌ WebSocket disconnected: Fc9chKeYn4ASoxcrAABz, reason: client namespace disconnect
2026-08-18 16:02:20 [INFO]: 🔴 User 7 went offline
2026-08-18 16:02:20 [INFO]: 📊 Online users after disconnect: 6:1, 10:1
2026-08-18 16:02:20 [INFO]: 🔌 New WebSocket connection: trTW6W8_EH591oH6AAB7
2026-08-18 16:02:20 [INFO]: 👤 User 7 registered on socket trTW6W8_EH591oH6AAB7
2026-08-18 16:02:20 [INFO]: 📊 Online users: 6:1, 10:1, 7:1
2026-08-18 16:02:22 [INFO]: ❌ WebSocket disconnected: ipUALwBTgkKpx1hXAAB5, reason: client namespace disconnect
2026-08-18 16:02:22 [INFO]: 🔴 User 10 went offline
2026-08-18 16:02:22 [INFO]: 📊 Online users after disconnect: 6:1, 7:1
2026-08-18 16:02:22 [INFO]: 🔌 New WebSocket connection: IU6-f-c1d1pEuzPAAAB9
2026-08-18 16:02:22 [INFO]: 👤 User 10 registered on socket IU6-f-c1d1pEuzPAAAB9
2026-08-18 16:02:22 [INFO]: 📊 Online users: 6:1, 7:1, 10:1
2026-08-18 16:02:30 [INFO]: ❌ WebSocket disconnected: l9ngDhzVcpal_fEGAAB3, reason: client namespace disconnect
2026-08-18 16:02:30 [INFO]: 🔴 User 6 went offline
2026-08-18 16:02:30 [INFO]: 📊 Online users after disconnect: 7:1, 10:1
2026-08-18 16:02:31 [INFO]: 🔌 New WebSocket connection: 4KDA35UrW2rSlBM_AAB_
2026-08-18 16:02:31 [INFO]: 👤 User 6 registered on socket 4KDA35UrW2rSlBM_AAB_
2026-08-18 16:02:31 [INFO]: 📊 Online users: 7:1, 10:1, 6:1
2026-08-18 16:02:51 [INFO]: ❌ WebSocket disconnected: trTW6W8_EH591oH6AAB7, reason: client namespace disconnect
2026-08-18 16:02:51 [INFO]: 🔴 User 7 went offline
2026-08-18 16:02:51 [INFO]: 📊 Online users after disconnect: 10:1, 6:1
2026-08-18 16:02:51 [INFO]: 🔌 New WebSocket connection: wut3dWC1vnIuxAneAACB
2026-08-18 16:02:51 [INFO]: 👤 User 7 registered on socket wut3dWC1vnIuxAneAACB
2026-08-18 16:02:51 [INFO]: 📊 Online users: 10:1, 6:1, 7:1
2026-08-18 16:02:53 [INFO]: ❌ WebSocket disconnected: IU6-f-c1d1pEuzPAAAB9, reason: client namespace disconnect
2026-08-18 16:02:53 [INFO]: 🔴 User 10 went offline
2026-08-18 16:02:53 [INFO]: 📊 Online users after disconnect: 6:1, 7:1
2026-08-18 16:02:53 [INFO]: 🔌 New WebSocket connection: MA8K4-5knNoWCoIaAACD
2026-08-18 16:02:53 [INFO]: 👤 User 10 registered on socket MA8K4-5knNoWCoIaAACD
2026-08-18 16:02:53 [INFO]: 📊 Online users: 6:1, 7:1, 10:1
2026-08-18 16:03:22 [INFO]: ❌ WebSocket disconnected: wut3dWC1vnIuxAneAACB, reason: client namespace disconnect
2026-08-18 16:03:22 [INFO]: 🔴 User 7 went offline
2026-08-18 16:03:22 [INFO]: 📊 Online users after disconnect: 6:1, 10:1
2026-08-18 16:03:22 [INFO]: 🔌 New WebSocket connection: t_zj5dY2CmugQsP5AACF
2026-08-18 16:03:22 [INFO]: 👤 User 7 registered on socket t_zj5dY2CmugQsP5AACF
2026-08-18 16:03:22 [INFO]: 📊 Online users: 6:1, 10:1, 7:1
2026-08-18 16:03:24 [INFO]: ❌ WebSocket disconnected: MA8K4-5knNoWCoIaAACD, reason: client namespace disconnect
2026-08-18 16:03:24 [INFO]: 🔴 User 10 went offline
2026-08-18 16:03:24 [INFO]: 📊 Online users after disconnect: 6:1, 7:1
2026-08-18 16:03:24 [INFO]: 🔌 New WebSocket connection: J-2uFU2ryDBayOC5AACH
2026-08-18 16:03:24 [INFO]: 👤 User 10 registered on socket J-2uFU2ryDBayOC5AACH
2026-08-18 16:03:24 [INFO]: 📊 Online users: 6:1, 7:1, 10:1
2026-08-18 16:03:53 [INFO]: ❌ WebSocket disconnected: t_zj5dY2CmugQsP5AACF, reason: client namespace disconnect
2026-08-18 16:03:53 [INFO]: 🔴 User 7 went offline
2026-08-18 16:03:53 [INFO]: 📊 Online users after disconnect: 6:1, 10:1
2026-08-18 16:03:53 [INFO]: 🔌 New WebSocket connection: Gvzh57PRZeGUOEM8AACJ
2026-08-18 16:03:53 [INFO]: 👤 User 7 registered on socket Gvzh57PRZeGUOEM8AACJ
2026-08-18 16:03:53 [INFO]: 📊 Online users: 6:1, 10:1, 7:1
2026-08-18 16:03:55 [INFO]: ❌ WebSocket disconnected: J-2uFU2ryDBayOC5AACH, reason: client namespace disconnect
2026-08-18 16:03:55 [INFO]: 🔴 User 10 went offline
2026-08-18 16:03:55 [INFO]: 📊 Online users after disconnect: 6:1, 7:1
2026-08-18 16:03:55 [INFO]: 🔌 New WebSocket connection: zAtM70I1XpdrxhmWAACL
2026-08-18 16:03:55 [INFO]: 👤 User 10 registered on socket zAtM70I1XpdrxhmWAACL
2026-08-18 16:03:55 [INFO]: 📊 Online users: 6:1, 7:1, 10:1
2026-08-18 16:04:14 [INFO]: ❌ WebSocket disconnected: 4KDA35UrW2rSlBM_AAB_, reason: transport close
2026-08-18 16:04:14 [INFO]: 🔴 User 6 went offline
2026-08-18 16:04:14 [INFO]: 📊 Online users after disconnect: 7:1, 10:1
2026-08-18 16:04:24 [INFO]: ❌ WebSocket disconnected: Gvzh57PRZeGUOEM8AACJ, reason: client namespace disconnect
2026-08-18 16:04:24 [INFO]: 🔴 User 7 went offline
2026-08-18 16:04:24 [INFO]: 📊 Online users after disconnect: 10:1
2026-08-18 16:04:24 [INFO]: 🔌 New WebSocket connection: KqZi_UnzCk6VY2IjAACN
2026-08-18 16:04:24 [INFO]: 👤 User 7 registered on socket KqZi_UnzCk6VY2IjAACN
2026-08-18 16:04:24 [INFO]: 📊 Online users: 10:1, 7:1
2026-08-18 16:04:26 [INFO]: ❌ WebSocket disconnected: zAtM70I1XpdrxhmWAACL, reason: client namespace disconnect
2026-08-18 16:04:26 [INFO]: 🔴 User 10 went offline
2026-08-18 16:04:26 [INFO]: 📊 Online users after disconnect: 7:1
2026-08-18 16:04:26 [INFO]: 🔌 New WebSocket connection: Ka6hMBtCyPqcRp5sAACP
2026-08-18 16:04:26 [INFO]: 👤 User 10 registered on socket Ka6hMBtCyPqcRp5sAACP
2026-08-18 16:04:26 [INFO]: 📊 Online users: 7:1, 10:1
2026-08-18 16:04:55 [INFO]: ❌ WebSocket disconnected: KqZi_UnzCk6VY2IjAACN, reason: client namespace disconnect
2026-08-18 16:04:55 [INFO]: 🔴 User 7 went offline
2026-08-18 16:04:55 [INFO]: 📊 Online users after disconnect: 10:1
2026-08-18 16:04:55 [INFO]: 🔌 New WebSocket connection: Rh2ktb6vSjfU5a3oAACR
2026-08-18 16:04:55 [INFO]: 👤 User 7 registered on socket Rh2ktb6vSjfU5a3oAACR
2026-08-18 16:04:55 [INFO]: 📊 Online users: 10:1, 7:1
2026-08-18 16:04:57 [INFO]: ❌ WebSocket disconnected: Ka6hMBtCyPqcRp5sAACP, reason: client namespace disconnect
2026-08-18 16:04:57 [INFO]: 🔴 User 10 went offline
2026-08-18 16:04:57 [INFO]: 📊 Online users after disconnect: 7:1
2026-08-18 16:04:57 [INFO]: 🔌 New WebSocket connection: fwCDotx89S5DLvzuAACT
2026-08-18 16:04:57 [INFO]: 👤 User 10 registered on socket fwCDotx89S5DLvzuAACT
2026-08-18 16:04:57 [INFO]: 📊 Online users: 7:1, 10:1
2026-08-18 16:05:26 [INFO]: ❌ WebSocket disconnected: Rh2ktb6vSjfU5a3oAACR, reason: client namespace disconnect
2026-08-18 16:05:26 [INFO]: 🔴 User 7 went offline
2026-08-18 16:05:26 [INFO]: 📊 Online users after disconnect: 10:1
2026-08-18 16:05:26 [INFO]: 🔌 New WebSocket connection: Q82kUzvsjEovqXalAACV
2026-08-18 16:05:26 [INFO]: 👤 User 7 registered on socket Q82kUzvsjEovqXalAACV
2026-08-18 16:05:26 [INFO]: 📊 Online users: 10:1, 7:1
2026-08-18 16:05:28 [INFO]: ❌ WebSocket disconnected: fwCDotx89S5DLvzuAACT, reason: client namespace disconnect
2026-08-18 16:05:28 [INFO]: 🔴 User 10 went offline
2026-08-18 16:05:28 [INFO]: 📊 Online users after disconnect: 7:1
2026-08-18 16:05:28 [INFO]: 🔌 New WebSocket connection: V1bkQbaJV19eJ1hBAACX
2026-08-18 16:05:28 [INFO]: 👤 User 10 registered on socket V1bkQbaJV19eJ1hBAACX
2026-08-18 16:05:28 [INFO]: 📊 Online users: 7:1, 10:1
2026-08-18 16:05:57 [INFO]: ❌ WebSocket disconnected: Q82kUzvsjEovqXalAACV, reason: client namespace disconnect
2026-08-18 16:05:57 [INFO]: 🔴 User 7 went offline
2026-08-18 16:05:57 [INFO]: 📊 Online users after disconnect: 10:1
2026-08-18 16:05:57 [INFO]: 🔌 New WebSocket connection: JlBwCglJ9xiC638XAACZ
2026-08-18 16:05:57 [INFO]: 👤 User 7 registered on socket JlBwCglJ9xiC638XAACZ
2026-08-18 16:05:57 [INFO]: 📊 Online users: 10:1, 7:1
2026-08-18 16:05:59 [INFO]: ❌ WebSocket disconnected: V1bkQbaJV19eJ1hBAACX, reason: client namespace disconnect
2026-08-18 16:05:59 [INFO]: 🔴 User 10 went offline
2026-08-18 16:05:59 [INFO]: 📊 Online users after disconnect: 7:1
2026-08-18 16:05:59 [INFO]: 🔌 New WebSocket connection: rx4O2qQXg8r2IqDGAACb
2026-08-18 16:05:59 [INFO]: 👤 User 10 registered on socket rx4O2qQXg8r2IqDGAACb
2026-08-18 16:05:59 [INFO]: 📊 Online users: 7:1, 10:1
2026-08-18 16:06:28 [INFO]: ❌ WebSocket disconnected: JlBwCglJ9xiC638XAACZ, reason: client namespace disconnect
2026-08-18 16:06:28 [INFO]: 🔴 User 7 went offline
2026-08-18 16:06:28 [INFO]: 📊 Online users after disconnect: 10:1
2026-08-18 16:06:28 [INFO]: 🔌 New WebSocket connection: BhpThC3V_Vl6DSZPAACd
2026-08-18 16:06:28 [INFO]: 👤 User 7 registered on socket BhpThC3V_Vl6DSZPAACd
2026-08-18 16:06:28 [INFO]: 📊 Online users: 10:1, 7:1
2026-08-18 16:06:30 [INFO]: ❌ WebSocket disconnected: rx4O2qQXg8r2IqDGAACb, reason: client namespace disconnect
2026-08-18 16:06:30 [INFO]: 🔴 User 10 went offline
2026-08-18 16:06:30 [INFO]: 📊 Online users after disconnect: 7:1
2026-08-18 16:06:30 [INFO]: 🔌 New WebSocket connection: 9iPVPTuXaBC0ZL0HAACf
2026-08-18 16:06:30 [INFO]: 👤 User 10 registered on socket 9iPVPTuXaBC0ZL0HAACf
2026-08-18 16:06:30 [INFO]: 📊 Online users: 7:1, 10:1
2026-08-18 16:06:59 [INFO]: ❌ WebSocket disconnected: BhpThC3V_Vl6DSZPAACd, reason: client namespace disconnect
2026-08-18 16:06:59 [INFO]: 🔴 User 7 went offline
2026-08-18 16:06:59 [INFO]: 📊 Online users after disconnect: 10:1
2026-08-18 16:06:59 [INFO]: 🔌 New WebSocket connection: QsiHpZOJnb0rzpPvAACh
2026-08-18 16:06:59 [INFO]: 👤 User 7 registered on socket QsiHpZOJnb0rzpPvAACh
2026-08-18 16:06:59 [INFO]: 📊 Online users: 10:1, 7:1
2026-08-18 16:07:01 [INFO]: ❌ WebSocket disconnected: 9iPVPTuXaBC0ZL0HAACf, reason: client namespace disconnect
2026-08-18 16:07:01 [INFO]: 🔴 User 10 went offline
2026-08-18 16:07:01 [INFO]: 📊 Online users after disconnect: 7:1
2026-08-18 16:07:01 [INFO]: 🔌 New WebSocket connection: yEJ3FKAocSTRzlNRAACj
2026-08-18 16:07:01 [INFO]: 👤 User 10 registered on socket yEJ3FKAocSTRzlNRAACj
2026-08-18 16:07:01 [INFO]: 📊 Online users: 7:1, 10:1
2026-08-18 16:07:30 [INFO]: ❌ WebSocket disconnected: QsiHpZOJnb0rzpPvAACh, reason: client namespace disconnect
2026-08-18 16:07:30 [INFO]: 🔴 User 7 went offline
2026-08-18 16:07:30 [INFO]: 📊 Online users after disconnect: 10:1
2026-08-18 16:07:30 [INFO]: 🔌 New WebSocket connection: ViIFC8sv8dGu9r9kAACl
2026-08-18 16:07:30 [INFO]: 👤 User 7 registered on socket ViIFC8sv8dGu9r9kAACl
2026-08-18 16:07:30 [INFO]: 📊 Online users: 10:1, 7:1
2026-08-18 16:07:32 [INFO]: ❌ WebSocket disconnected: yEJ3FKAocSTRzlNRAACj, reason: client namespace disconnect
2026-08-18 16:07:32 [INFO]: 🔴 User 10 went offline
2026-08-18 16:07:32 [INFO]: 📊 Online users after disconnect: 7:1
2026-08-18 16:07:32 [INFO]: 🔌 New WebSocket connection: g7aGgKGVYXhMhQzPAACn
2026-08-18 16:07:32 [INFO]: 👤 User 10 registered on socket g7aGgKGVYXhMhQzPAACn
2026-08-18 16:07:32 [INFO]: 📊 Online users: 7:1, 10:1
2026-08-18 16:08:01 [INFO]: ❌ WebSocket disconnected: ViIFC8sv8dGu9r9kAACl, reason: client namespace disconnect
2026-08-18 16:08:01 [INFO]: 🔴 User 7 went offline
2026-08-18 16:08:01 [INFO]: 📊 Online users after disconnect: 10:1
2026-08-18 16:08:01 [INFO]: 🔌 New WebSocket connection: s3kwEIrZpS_KPNF7AACp
2026-08-18 16:08:01 [INFO]: 👤 User 7 registered on socket s3kwEIrZpS_KPNF7AACp
2026-08-18 16:08:01 [INFO]: 📊 Online users: 10:1, 7:1
2026-08-18 16:08:03 [INFO]: ❌ WebSocket disconnected: g7aGgKGVYXhMhQzPAACn, reason: client namespace disconnect
2026-08-18 16:08:03 [INFO]: 🔴 User 10 went offline
2026-08-18 16:08:03 [INFO]: 📊 Online users after disconnect: 7:1
2026-08-18 16:08:03 [INFO]: 🔌 New WebSocket connection: ONPGC6qOIlfSVj-kAACr
2026-08-18 16:08:03 [INFO]: 👤 User 10 registered on socket ONPGC6qOIlfSVj-kAACr
2026-08-18 16:08:03 [INFO]: 📊 Online users: 7:1, 10:1
2026-08-18 16:08:32 [INFO]: ❌ WebSocket disconnected: s3kwEIrZpS_KPNF7AACp, reason: client namespace disconnect
2026-08-18 16:08:32 [INFO]: 🔴 User 7 went offline
2026-08-18 16:08:32 [INFO]: 📊 Online users after disconnect: 10:1
2026-08-18 16:08:32 [INFO]: 🔌 New WebSocket connection: StslWOUg_8s9EZV6AACt
2026-08-18 16:08:32 [INFO]: 👤 User 7 registered on socket StslWOUg_8s9EZV6AACt
2026-08-18 16:08:32 [INFO]: 📊 Online users: 10:1, 7:1
2026-08-18 16:08:34 [INFO]: ❌ WebSocket disconnected: ONPGC6qOIlfSVj-kAACr, reason: client namespace disconnect
2026-08-18 16:08:34 [INFO]: 🔴 User 10 went offline
2026-08-18 16:08:34 [INFO]: 📊 Online users after disconnect: 7:1
2026-08-18 16:08:34 [INFO]: 🔌 New WebSocket connection: lbQuE7N5tkG1-Tx-AACv
2026-08-18 16:08:34 [INFO]: 👤 User 10 registered on socket lbQuE7N5tkG1-Tx-AACv
2026-08-18 16:08:34 [INFO]: 📊 Online users: 7:1, 10:1
2026-08-18 16:09:03 [INFO]: ❌ WebSocket disconnected: StslWOUg_8s9EZV6AACt, reason: client namespace disconnect
2026-08-18 16:09:03 [INFO]: 🔴 User 7 went offline
2026-08-18 16:09:03 [INFO]: 📊 Online users after disconnect: 10:1
2026-08-18 16:09:03 [INFO]: 🔌 New WebSocket connection: OHZ8UWmNt-0lPCwtAACx
2026-08-18 16:09:03 [INFO]: 👤 User 7 registered on socket OHZ8UWmNt-0lPCwtAACx
2026-08-18 16:09:03 [INFO]: 📊 Online users: 10:1, 7:1
2026-08-18 16:09:05 [INFO]: ❌ WebSocket disconnected: lbQuE7N5tkG1-Tx-AACv, reason: client namespace disconnect
2026-08-18 16:09:05 [INFO]: 🔴 User 10 went offline
2026-08-18 16:09:05 [INFO]: 📊 Online users after disconnect: 7:1
2026-08-18 16:09:06 [INFO]: 🔌 New WebSocket connection: 1bODAsRMW2ffDAIdAACz
2026-08-18 16:09:06 [INFO]: 👤 User 10 registered on socket 1bODAsRMW2ffDAIdAACz
2026-08-18 16:09:06 [INFO]: 📊 Online users: 7:1, 10:1
2026-08-18 16:09:34 [INFO]: ❌ WebSocket disconnected: OHZ8UWmNt-0lPCwtAACx, reason: client namespace disconnect
2026-08-18 16:09:34 [INFO]: 🔴 User 7 went offline
2026-08-18 16:09:34 [INFO]: 📊 Online users after disconnect: 10:1
2026-08-18 16:09:34 [INFO]: 🔌 New WebSocket connection: Cx1Z8NGbpPOa7CN_AAC1
2026-08-18 16:09:34 [INFO]: 👤 User 7 registered on socket Cx1Z8NGbpPOa7CN_AAC1
2026-08-18 16:09:34 [INFO]: 📊 Online users: 10:1, 7:1
2026-08-18 16:09:37 [INFO]: ❌ WebSocket disconnected: 1bODAsRMW2ffDAIdAACz, reason: client namespace disconnect
2026-08-18 16:09:37 [INFO]: 🔴 User 10 went offline
2026-08-18 16:09:37 [INFO]: 📊 Online users after disconnect: 7:1
2026-08-18 16:09:37 [INFO]: 🔌 New WebSocket connection: 1AqRUkcWYOFrg_fmAAC3
2026-08-18 16:09:37 [INFO]: 👤 User 10 registered on socket 1AqRUkcWYOFrg_fmAAC3
2026-08-18 16:09:37 [INFO]: 📊 Online users: 7:1, 10:1
2026-08-18 16:10:05 [INFO]: ❌ WebSocket disconnected: Cx1Z8NGbpPOa7CN_AAC1, reason: client namespace disconnect
2026-08-18 16:10:05 [INFO]: 🔴 User 7 went offline
2026-08-18 16:10:05 [INFO]: 📊 Online users after disconnect: 10:1
2026-08-18 16:10:05 [INFO]: 🔌 New WebSocket connection: mkmdiuWem3bsiEHsAAC5
2026-08-18 16:10:05 [INFO]: 👤 User 7 registered on socket mkmdiuWem3bsiEHsAAC5
2026-08-18 16:10:05 [INFO]: 📊 Online users: 10:1, 7:1
2026-08-18 16:10:22 [INFO]: ❌ WebSocket disconnected: 1AqRUkcWYOFrg_fmAAC3, reason: ping timeout
2026-08-18 16:10:22 [INFO]: 🔴 User 10 went offline
2026-08-18 16:10:22 [INFO]: 📊 Online users after disconnect: 7:1
2026-08-18 16:10:36 [INFO]: ❌ WebSocket disconnected: mkmdiuWem3bsiEHsAAC5, reason: client namespace disconnect
2026-08-18 16:10:36 [INFO]: 🔴 User 7 went offline
2026-08-18 16:10:36 [INFO]: 📊 Online users after disconnect: 
2026-08-18 16:10:36 [INFO]: 🔌 New WebSocket connection: x4uNEpuqyZGDWQLaAAC7
2026-08-18 16:10:36 [INFO]: 👤 User 7 registered on socket x4uNEpuqyZGDWQLaAAC7
2026-08-18 16:10:36 [INFO]: 📊 Online users: 7:1
2026-08-18 16:11:07 [INFO]: ❌ WebSocket disconnected: x4uNEpuqyZGDWQLaAAC7, reason: client namespace disconnect
2026-08-18 16:11:07 [INFO]: 🔴 User 7 went offline
2026-08-18 16:11:07 [INFO]: 📊 Online users after disconnect: 
2026-08-18 16:11:07 [INFO]: 🔌 New WebSocket connection: eUxsGXp5kgScMru7AAC9
2026-08-18 16:11:07 [INFO]: 👤 User 7 registered on socket eUxsGXp5kgScMru7AAC9
2026-08-18 16:11:07 [INFO]: 📊 Online users: 7:1
2026-08-18 16:11:38 [INFO]: ❌ WebSocket disconnected: eUxsGXp5kgScMru7AAC9, reason: client namespace disconnect
2026-08-18 16:11:38 [INFO]: 🔴 User 7 went offline
2026-08-18 16:11:38 [INFO]: 📊 Online users after disconnect: 
2026-08-18 16:11:38 [INFO]: 🔌 New WebSocket connection: eVV4gCK8Jho-7wzjAAC_
2026-08-18 16:11:38 [INFO]: 👤 User 7 registered on socket eVV4gCK8Jho-7wzjAAC_
2026-08-18 16:11:38 [INFO]: 📊 Online users: 7:1
2026-08-18 16:12:09 [INFO]: ❌ WebSocket disconnected: eVV4gCK8Jho-7wzjAAC_, reason: client namespace disconnect
2026-08-18 16:12:09 [INFO]: 🔴 User 7 went offline
2026-08-18 16:12:09 [INFO]: 📊 Online users after disconnect: 
2026-08-18 16:12:09 [INFO]: 🔌 New WebSocket connection: SkMKsmy86BDbtzqFAADB
2026-08-18 16:12:09 [INFO]: 👤 User 7 registered on socket SkMKsmy86BDbtzqFAADB
2026-08-18 16:12:09 [INFO]: 📊 Online users: 7:1
2026-08-18 16:12:40 [INFO]: ❌ WebSocket disconnected: SkMKsmy86BDbtzqFAADB, reason: client namespace disconnect
2026-08-18 16:12:40 [INFO]: 🔴 User 7 went offline
2026-08-18 16:12:40 [INFO]: 📊 Online users after disconnect: 
2026-08-18 16:12:40 [INFO]: 🔌 New WebSocket connection: _Hq87QqgQGbgg5KvAADD
2026-08-18 16:12:40 [INFO]: 👤 User 7 registered on socket _Hq87QqgQGbgg5KvAADD
2026-08-18 16:12:40 [INFO]: 📊 Online users: 7:1
2026-08-18 16:13:11 [INFO]: ❌ WebSocket disconnected: _Hq87QqgQGbgg5KvAADD, reason: client namespace disconnect
2026-08-18 16:13:11 [INFO]: 🔴 User 7 went offline
2026-08-18 16:13:11 [INFO]: 📊 Online users after disconnect: 
2026-08-18 16:13:11 [INFO]: 🔌 New WebSocket connection: xwRaVBBIufwsfiwrAADF
2026-08-18 16:13:11 [INFO]: 👤 User 7 registered on socket xwRaVBBIufwsfiwrAADF
2026-08-18 16:13:11 [INFO]: 📊 Online users: 7:1
2026-08-18 16:13:42 [INFO]: ❌ WebSocket disconnected: xwRaVBBIufwsfiwrAADF, reason: client namespace disconnect
2026-08-18 16:13:42 [INFO]: 🔴 User 7 went offline
2026-08-18 16:13:42 [INFO]: 📊 Online users after disconnect: 
2026-08-18 16:13:42 [INFO]: 🔌 New WebSocket connection: ms-idlgLqFyTOs4jAADH
2026-08-18 16:13:42 [INFO]: 👤 User 7 registered on socket ms-idlgLqFyTOs4jAADH
2026-08-18 16:13:42 [INFO]: 📊 Online users: 7:1
2026-08-18 16:14:13 [INFO]: ❌ WebSocket disconnected: ms-idlgLqFyTOs4jAADH, reason: client namespace disconnect
2026-08-18 16:14:13 [INFO]: 🔴 User 7 went offline
2026-08-18 16:14:13 [INFO]: 📊 Online users after disconnect: 
2026-08-18 16:14:13 [INFO]: 🔌 New WebSocket connection: 2p9Kkd42EJqYiY0BAADJ
2026-08-18 16:14:13 [INFO]: 👤 User 7 registered on socket 2p9Kkd42EJqYiY0BAADJ
2026-08-18 16:14:13 [INFO]: 📊 Online users: 7:1
2026-08-18 16:14:44 [INFO]: ❌ WebSocket disconnected: 2p9Kkd42EJqYiY0BAADJ, reason: client namespace disconnect
2026-08-18 16:14:44 [INFO]: 🔴 User 7 went offline
2026-08-18 16:14:44 [INFO]: 📊 Online users after disconnect: 
2026-08-18 16:14:44 [INFO]: 🔌 New WebSocket connection: ONnCVbK9zRbhRgocAADL
2026-08-18 16:14:44 [INFO]: 👤 User 7 registered on socket ONnCVbK9zRbhRgocAADL
2026-08-18 16:14:44 [INFO]: 📊 Online users: 7:1
2026-08-18 16:15:15 [INFO]: ❌ WebSocket disconnected: ONnCVbK9zRbhRgocAADL, reason: client namespace disconnect
2026-08-18 16:15:15 [INFO]: 🔴 User 7 went offline
2026-08-18 16:15:15 [INFO]: 📊 Online users after disconnect: 
2026-08-18 16:15:15 [INFO]: 🔌 New WebSocket connection: wooRw9xnq5UGpasUAADN
2026-08-18 16:15:15 [INFO]: 👤 User 7 registered on socket wooRw9xnq5UGpasUAADN
2026-08-18 16:15:15 [INFO]: 📊 Online users: 7:1
2026-08-18 16:15:46 [INFO]: ❌ WebSocket disconnected: wooRw9xnq5UGpasUAADN, reason: client namespace disconnect
2026-08-18 16:15:46 [INFO]: 🔴 User 7 went offline
2026-08-18 16:15:46 [INFO]: 📊 Online users after disconnect: 
2026-08-18 16:15:46 [INFO]: 🔌 New WebSocket connection: RYt3qQiVdVWpTAKOAADP
2026-08-18 16:15:46 [INFO]: 👤 User 7 registered on socket RYt3qQiVdVWpTAKOAADP
2026-08-18 16:15:46 [INFO]: 📊 Online users: 7:1
2026-08-18 16:16:17 [INFO]: ❌ WebSocket disconnected: RYt3qQiVdVWpTAKOAADP, reason: client namespace disconnect
2026-08-18 16:16:17 [INFO]: 🔴 User 7 went offline
2026-08-18 16:16:17 [INFO]: 📊 Online users after disconnect: 
2026-08-18 16:16:17 [INFO]: 🔌 New WebSocket connection: mDnlosp1hn3VSNUAAADR
2026-08-18 16:16:17 [INFO]: 👤 User 7 registered on socket mDnlosp1hn3VSNUAAADR
2026-08-18 16:16:17 [INFO]: 📊 Online users: 7:1
2026-08-18 16:16:28 [INFO]: ❌ WebSocket disconnected: mDnlosp1hn3VSNUAAADR, reason: transport close
2026-08-18 16:16:28 [INFO]: 🔴 User 7 went offline
2026-08-18 16:16:28 [INFO]: 📊 Online users after disconnect: 
2026-08-18 16:16:28 [INFO]: 🔌 New WebSocket connection: aBbAmq-C9md9XdbcAADT
2026-08-18 16:16:28 [INFO]: 👤 User 7 registered on socket aBbAmq-C9md9XdbcAADT
2026-08-18 16:16:28 [INFO]: 📊 Online users: 7:1
2026-08-18 16:16:30 [INFO]: 💬 Socket aBbAmq-C9md9XdbcAADT joined chat 3
2026-08-18 16:17:19 [INFO]: ❌ WebSocket disconnected: aBbAmq-C9md9XdbcAADT, reason: client namespace disconnect
2026-08-18 16:17:19 [INFO]: 🔴 User 7 went offline
2026-08-18 16:17:19 [INFO]: 📊 Online users after disconnect: 
2026-08-18 16:17:19 [INFO]: 🔌 New WebSocket connection: m9JoOODYc-Q4H_bYAADV
2026-08-18 16:17:19 [INFO]: 👤 User 7 registered on socket m9JoOODYc-Q4H_bYAADV
2026-08-18 16:17:19 [INFO]: 📊 Online users: 7:1
2026-08-18 16:17:50 [INFO]: ❌ WebSocket disconnected: m9JoOODYc-Q4H_bYAADV, reason: client namespace disconnect
2026-08-18 16:17:50 [INFO]: 🔴 User 7 went offline
2026-08-18 16:17:50 [INFO]: 📊 Online users after disconnect: 
2026-08-18 16:17:50 [INFO]: 🔌 New WebSocket connection: 2o49i3OYvXCnqLbdAADX
2026-08-18 16:17:50 [INFO]: 👤 User 7 registered on socket 2o49i3OYvXCnqLbdAADX
2026-08-18 16:17:50 [INFO]: 📊 Online users: 7:1
2026-08-18 16:18:21 [INFO]: ❌ WebSocket disconnected: 2o49i3OYvXCnqLbdAADX, reason: client namespace disconnect
2026-08-18 16:18:21 [INFO]: 🔴 User 7 went offline
2026-08-18 16:18:21 [INFO]: 📊 Online users after disconnect: 
2026-08-18 16:18:21 [INFO]: 🔌 New WebSocket connection: y24A1C0Q1EuS1qVwAADZ
2026-08-18 16:18:21 [INFO]: 👤 User 7 registered on socket y24A1C0Q1EuS1qVwAADZ
2026-08-18 16:18:21 [INFO]: 📊 Online users: 7:1
2026-08-18 16:18:52 [INFO]: ❌ WebSocket disconnected: y24A1C0Q1EuS1qVwAADZ, reason: client namespace disconnect
2026-08-18 16:18:52 [INFO]: 🔴 User 7 went offline
2026-08-18 16:18:52 [INFO]: 📊 Online users after disconnect: 
2026-08-18 16:18:52 [INFO]: 🔌 New WebSocket connection: lRChZKHVVO5Cqo1oAADb
2026-08-18 16:18:52 [INFO]: 👤 User 7 registered on socket lRChZKHVVO5Cqo1oAADb
2026-08-18 16:18:52 [INFO]: 📊 Online users: 7:1
2026-08-18 16:19:23 [INFO]: ❌ WebSocket disconnected: lRChZKHVVO5Cqo1oAADb, reason: client namespace disconnect
2026-08-18 16:19:23 [INFO]: 🔴 User 7 went offline
2026-08-18 16:19:23 [INFO]: 📊 Online users after disconnect: 
2026-08-18 16:19:23 [INFO]: 🔌 New WebSocket connection: 4l0kNFzAkyoChtIRAADd
2026-08-18 16:19:23 [INFO]: 👤 User 7 registered on socket 4l0kNFzAkyoChtIRAADd
2026-08-18 16:19:23 [INFO]: 📊 Online users: 7:1
2026-08-18 16:19:40 [INFO]: ❌ WebSocket disconnected: 4l0kNFzAkyoChtIRAADd, reason: transport close
2026-08-18 16:19:40 [INFO]: 🔴 User 7 went offline
2026-08-18 16:19:40 [INFO]: 📊 Online users after disconnect: 
2026-08-18 16:19:41 [INFO]: 🔌 New WebSocket connection: i0pxrtTJW8oSzofOAADf
2026-08-18 16:19:41 [INFO]: 👤 User 7 registered on socket i0pxrtTJW8oSzofOAADf
2026-08-18 16:19:41 [INFO]: 📊 Online users: 7:1
2026-08-18 16:19:41 [INFO]: 💬 Socket i0pxrtTJW8oSzofOAADf joined chat 3
2026-08-18 16:19:58 [INFO]: ❌ WebSocket disconnected: i0pxrtTJW8oSzofOAADf, reason: client namespace disconnect
2026-08-18 16:19:58 [INFO]: 🔴 User 7 went offline
2026-08-18 16:19:58 [INFO]: 📊 Online users after disconnect: 
2026-08-18 16:20:17 [INFO]: 🔌 New WebSocket connection: rIyYvrrzH2qTsY-dAADh
2026-08-18 16:20:17 [INFO]: 👤 User 7 registered on socket rIyYvrrzH2qTsY-dAADh
2026-08-18 16:20:17 [INFO]: 📊 Online users: 7:1
2026-08-18 16:20:24 [INFO]: ❌ WebSocket disconnected: rIyYvrrzH2qTsY-dAADh, reason: client namespace disconnect
2026-08-18 16:20:24 [INFO]: 🔴 User 7 went offline
2026-08-18 16:20:24 [INFO]: 📊 Online users after disconnect: 
2026-08-18 16:20:25 [INFO]: 🔌 New WebSocket connection: suk4ORStDJXzvFKVAADj
2026-08-18 16:20:25 [INFO]: 👤 User 7 registered on socket suk4ORStDJXzvFKVAADj
2026-08-18 16:20:25 [INFO]: 📊 Online users: 7:1
2026-08-18 16:20:26 [INFO]: ❌ WebSocket disconnected: suk4ORStDJXzvFKVAADj, reason: client namespace disconnect
2026-08-18 16:20:26 [INFO]: 🔴 User 7 went offline
2026-08-18 16:20:26 [INFO]: 📊 Online users after disconnect: 
2026-08-18 16:20:26 [INFO]: 🔌 New WebSocket connection: 2PW5Ysriwdc48CfKAADl
2026-08-18 16:20:26 [INFO]: 👤 User 7 registered on socket 2PW5Ysriwdc48CfKAADl
2026-08-18 16:20:26 [INFO]: 📊 Online users: 7:1
2026-08-18 16:20:28 [INFO]: 💬 Socket 2PW5Ysriwdc48CfKAADl joined chat 3
2026-08-18 16:20:32 [INFO]: 💬 Socket 2PW5Ysriwdc48CfKAADl joined chat 1
2026-08-18 16:20:34 [INFO]: 💬 Socket 2PW5Ysriwdc48CfKAADl joined chat 3
2026-08-18 16:20:57 [INFO]: ❌ WebSocket disconnected: 2PW5Ysriwdc48CfKAADl, reason: client namespace disconnect
2026-08-18 16:20:57 [INFO]: 🔴 User 7 went offline
2026-08-18 16:20:57 [INFO]: 📊 Online users after disconnect: 
2026-08-18 16:20:57 [INFO]: 🔌 New WebSocket connection: IuOhLdT2As4-yC1IAADn
2026-08-18 16:20:57 [INFO]: 👤 User 7 registered on socket IuOhLdT2As4-yC1IAADn
2026-08-18 16:20:57 [INFO]: 📊 Online users: 7:1
2026-08-18 16:21:28 [INFO]: ❌ WebSocket disconnected: IuOhLdT2As4-yC1IAADn, reason: client namespace disconnect
2026-08-18 16:21:28 [INFO]: 🔴 User 7 went offline
2026-08-18 16:21:28 [INFO]: 📊 Online users after disconnect: 
2026-08-18 16:21:29 [INFO]: 🔌 New WebSocket connection: GArDRgE0uZMMHlMvAADp
2026-08-18 16:21:29 [INFO]: 👤 User 7 registered on socket GArDRgE0uZMMHlMvAADp
2026-08-18 16:21:29 [INFO]: 📊 Online users: 7:1
2026-08-18 16:22:00 [INFO]: ❌ WebSocket disconnected: GArDRgE0uZMMHlMvAADp, reason: client namespace disconnect
2026-08-18 16:22:00 [INFO]: 🔴 User 7 went offline
2026-08-18 16:22:00 [INFO]: 📊 Online users after disconnect: 
2026-08-18 16:22:00 [INFO]: 🔌 New WebSocket connection: zyz0TXZ5QwRQBZIeAADr
2026-08-18 16:22:00 [INFO]: 👤 User 7 registered on socket zyz0TXZ5QwRQBZIeAADr
2026-08-18 16:22:00 [INFO]: 📊 Online users: 7:1
2026-08-18 16:22:03 [INFO]: 🔌 New WebSocket connection: P_-019sC41PVhmZSAADt
2026-08-18 16:22:03 [INFO]: 👤 User 6 registered on socket P_-019sC41PVhmZSAADt
2026-08-18 16:22:03 [INFO]: 📊 Online users: 7:1, 6:1
2026-08-18 16:22:31 [INFO]: ❌ WebSocket disconnected: zyz0TXZ5QwRQBZIeAADr, reason: client namespace disconnect
2026-08-18 16:22:31 [INFO]: 🔴 User 7 went offline
2026-08-18 16:22:31 [INFO]: 📊 Online users after disconnect: 6:1
2026-08-18 16:22:31 [INFO]: 🔌 New WebSocket connection: D3bu8lNVTXSsexkLAADv
2026-08-18 16:22:31 [INFO]: 👤 User 7 registered on socket D3bu8lNVTXSsexkLAADv
2026-08-18 16:22:31 [INFO]: 📊 Online users: 6:1, 7:1
2026-08-18 16:22:33 [INFO]: ❌ WebSocket disconnected: P_-019sC41PVhmZSAADt, reason: client namespace disconnect
2026-08-18 16:22:33 [INFO]: 🔴 User 6 went offline
2026-08-18 16:22:33 [INFO]: 📊 Online users after disconnect: 7:1
2026-08-18 16:22:33 [INFO]: 🔌 New WebSocket connection: FjyTOTmr_eOg1BM3AADx
2026-08-18 16:22:33 [INFO]: 👤 User 6 registered on socket FjyTOTmr_eOg1BM3AADx
2026-08-18 16:22:33 [INFO]: 📊 Online users: 7:1, 6:1
2026-08-18 16:23:02 [INFO]: ❌ WebSocket disconnected: D3bu8lNVTXSsexkLAADv, reason: client namespace disconnect
2026-08-18 16:23:02 [INFO]: 🔴 User 7 went offline
2026-08-18 16:23:02 [INFO]: 📊 Online users after disconnect: 6:1
2026-08-18 16:23:02 [INFO]: 🔌 New WebSocket connection: aD31OS6TPeJ7rEKVAADz
2026-08-18 16:23:02 [INFO]: 👤 User 7 registered on socket aD31OS6TPeJ7rEKVAADz
2026-08-18 16:23:02 [INFO]: 📊 Online users: 6:1, 7:1
2026-08-18 16:23:04 [INFO]: ❌ WebSocket disconnected: FjyTOTmr_eOg1BM3AADx, reason: client namespace disconnect
2026-08-18 16:23:04 [INFO]: 🔴 User 6 went offline
2026-08-18 16:23:04 [INFO]: 📊 Online users after disconnect: 7:1
2026-08-18 16:23:04 [INFO]: 🔌 New WebSocket connection: TbwJ4iuj5O1baRLLAAD1
2026-08-18 16:23:04 [INFO]: 👤 User 6 registered on socket TbwJ4iuj5O1baRLLAAD1
2026-08-18 16:23:04 [INFO]: 📊 Online users: 7:1, 6:1
2026-08-18 16:23:33 [INFO]: ❌ WebSocket disconnected: aD31OS6TPeJ7rEKVAADz, reason: client namespace disconnect
2026-08-18 16:23:33 [INFO]: 🔴 User 7 went offline
2026-08-18 16:23:33 [INFO]: 📊 Online users after disconnect: 6:1
2026-08-18 16:23:34 [INFO]: 🔌 New WebSocket connection: hUbdW82ir9D4KC69AAD3
2026-08-18 16:23:34 [INFO]: 👤 User 7 registered on socket hUbdW82ir9D4KC69AAD3
2026-08-18 16:23:34 [INFO]: 📊 Online users: 6:1, 7:1
2026-08-18 16:23:49 [INFO]: ❌ WebSocket disconnected: TbwJ4iuj5O1baRLLAAD1, reason: ping timeout
2026-08-18 16:23:49 [INFO]: 🔴 User 6 went offline
2026-08-18 16:23:49 [INFO]: 📊 Online users after disconnect: 7:1
2026-08-18 16:24:05 [INFO]: ❌ WebSocket disconnected: hUbdW82ir9D4KC69AAD3, reason: client namespace disconnect
2026-08-18 16:24:05 [INFO]: 🔴 User 7 went offline
2026-08-18 16:24:05 [INFO]: 📊 Online users after disconnect: 
2026-08-18 16:24:05 [INFO]: 🔌 New WebSocket connection: x0YSCMBNKIdY3UQNAAD5
2026-08-18 16:24:05 [INFO]: 👤 User 7 registered on socket x0YSCMBNKIdY3UQNAAD5
2026-08-18 16:24:05 [INFO]: 📊 Online users: 7:1
2026-08-18 16:24:36 [INFO]: ❌ WebSocket disconnected: x0YSCMBNKIdY3UQNAAD5, reason: client namespace disconnect
2026-08-18 16:24:36 [INFO]: 🔴 User 7 went offline
2026-08-18 16:24:36 [INFO]: 📊 Online users after disconnect: 
2026-08-18 16:24:36 [INFO]: 🔌 New WebSocket connection: TbnwJOBM4Jm0jT5VAAD7
2026-08-18 16:24:36 [INFO]: 👤 User 7 registered on socket TbnwJOBM4Jm0jT5VAAD7
2026-08-18 16:24:36 [INFO]: 📊 Online users: 7:1
2026-08-18 16:25:07 [INFO]: ❌ WebSocket disconnected: TbnwJOBM4Jm0jT5VAAD7, reason: client namespace disconnect
2026-08-18 16:25:07 [INFO]: 🔴 User 7 went offline
2026-08-18 16:25:07 [INFO]: 📊 Online users after disconnect: 
2026-08-18 16:25:07 [INFO]: 🔌 New WebSocket connection: e-2le4LYZXGz6nSxAAD9
2026-08-18 16:25:07 [INFO]: 👤 User 7 registered on socket e-2le4LYZXGz6nSxAAD9
2026-08-18 16:25:07 [INFO]: 📊 Online users: 7:1
2026-08-18 16:25:38 [INFO]: ❌ WebSocket disconnected: e-2le4LYZXGz6nSxAAD9, reason: client namespace disconnect
2026-08-18 16:25:38 [INFO]: 🔴 User 7 went offline
2026-08-18 16:25:38 [INFO]: 📊 Online users after disconnect: 
2026-08-18 16:25:38 [INFO]: 🔌 New WebSocket connection: Gt4C-yVrK4BnQOFLAAD_
2026-08-18 16:25:38 [INFO]: 👤 User 7 registered on socket Gt4C-yVrK4BnQOFLAAD_
2026-08-18 16:25:38 [INFO]: 📊 Online users: 7:1
2026-08-18 16:25:53 [INFO]: ❌ WebSocket disconnected: Gt4C-yVrK4BnQOFLAAD_, reason: transport close
2026-08-18 16:25:53 [INFO]: 🔴 User 7 went offline
2026-08-18 16:25:53 [INFO]: 📊 Online users after disconnect: 
2026-08-18 16:25:53 [INFO]: 🔌 New WebSocket connection: nJH4DELlY_qAYBtbAAEB
2026-08-18 16:25:53 [INFO]: 👤 User 7 registered on socket nJH4DELlY_qAYBtbAAEB
2026-08-18 16:25:53 [INFO]: 📊 Online users: 7:1
2026-08-18 16:26:24 [INFO]: ❌ WebSocket disconnected: nJH4DELlY_qAYBtbAAEB, reason: client namespace disconnect
2026-08-18 16:26:24 [INFO]: 🔴 User 7 went offline
2026-08-18 16:26:24 [INFO]: 📊 Online users after disconnect: 
2026-08-18 16:26:24 [INFO]: 🔌 New WebSocket connection: 6WrVPCAOsQWMz-VgAAED
2026-08-18 16:26:24 [INFO]: 👤 User 7 registered on socket 6WrVPCAOsQWMz-VgAAED
2026-08-18 16:26:24 [INFO]: 📊 Online users: 7:1
2026-08-18 16:26:55 [INFO]: ❌ WebSocket disconnected: 6WrVPCAOsQWMz-VgAAED, reason: client namespace disconnect
2026-08-18 16:26:55 [INFO]: 🔴 User 7 went offline
2026-08-18 16:26:55 [INFO]: 📊 Online users after disconnect: 
2026-08-18 16:26:55 [INFO]: 🔌 New WebSocket connection: fUtwkMpQ026_LYPKAAEF
2026-08-18 16:26:55 [INFO]: 👤 User 7 registered on socket fUtwkMpQ026_LYPKAAEF
2026-08-18 16:26:55 [INFO]: 📊 Online users: 7:1
2026-08-18 16:27:26 [INFO]: ❌ WebSocket disconnected: fUtwkMpQ026_LYPKAAEF, reason: client namespace disconnect
2026-08-18 16:27:26 [INFO]: 🔴 User 7 went offline
2026-08-18 16:27:26 [INFO]: 📊 Online users after disconnect: 
2026-08-18 16:27:26 [INFO]: 🔌 New WebSocket connection: cphaK_QV-vksFjqhAAEH
2026-08-18 16:27:26 [INFO]: 👤 User 7 registered on socket cphaK_QV-vksFjqhAAEH
2026-08-18 16:27:26 [INFO]: 📊 Online users: 7:1
2026-08-18 16:27:26 [INFO]: ❌ WebSocket disconnected: cphaK_QV-vksFjqhAAEH, reason: transport close
2026-08-18 16:27:26 [INFO]: 🔴 User 7 went offline
2026-08-18 16:27:26 [INFO]: 📊 Online users after disconnect: 
2026-08-18 16:27:27 [INFO]: 🔌 New WebSocket connection: TwUyxOJpyuGl9d85AAEJ
2026-08-18 16:27:27 [INFO]: 👤 User 7 registered on socket TwUyxOJpyuGl9d85AAEJ
2026-08-18 16:27:27 [INFO]: 📊 Online users: 7:1
2026-08-18 16:27:45 [INFO]: ❌ WebSocket disconnected: TwUyxOJpyuGl9d85AAEJ, reason: transport close
2026-08-18 16:27:45 [INFO]: 🔴 User 7 went offline
2026-08-18 16:27:45 [INFO]: 📊 Online users after disconnect: 
2026-08-18 16:27:46 [INFO]: 🔌 New WebSocket connection: LAiRI3DCD0Maj2ERAAEL
2026-08-18 16:27:46 [INFO]: 👤 User 7 registered on socket LAiRI3DCD0Maj2ERAAEL
2026-08-18 16:27:46 [INFO]: 📊 Online users: 7:1
2026-08-18 16:28:01 [INFO]: 💬 Socket LAiRI3DCD0Maj2ERAAEL joined chat 3
2026-08-18 16:28:06 [INFO]: 💬 Socket LAiRI3DCD0Maj2ERAAEL joined chat 1
2026-08-18 16:28:38 [INFO]: 💬 Socket LAiRI3DCD0Maj2ERAAEL joined chat 3
2026-08-18 16:28:47 [INFO]: ❌ WebSocket disconnected: LAiRI3DCD0Maj2ERAAEL, reason: client namespace disconnect
2026-08-18 16:28:47 [INFO]: 🔴 User 7 went offline
2026-08-18 16:28:47 [INFO]: 📊 Online users after disconnect: 
2026-08-18 16:28:47 [INFO]: 🔌 New WebSocket connection: arxRt4eO40dUzSucAAEN
2026-08-18 16:28:47 [INFO]: 👤 User 7 registered on socket arxRt4eO40dUzSucAAEN
2026-08-18 16:28:47 [INFO]: 📊 Online users: 7:1
2026-08-18 16:29:18 [INFO]: ❌ WebSocket disconnected: arxRt4eO40dUzSucAAEN, reason: client namespace disconnect
2026-08-18 16:29:18 [INFO]: 🔴 User 7 went offline
2026-08-18 16:29:18 [INFO]: 📊 Online users after disconnect: 
2026-08-18 16:29:18 [INFO]: 🔌 New WebSocket connection: mFToc7hPHB5GkQ1lAAEP
2026-08-18 16:29:18 [INFO]: 👤 User 7 registered on socket mFToc7hPHB5GkQ1lAAEP
2026-08-18 16:29:18 [INFO]: 📊 Online users: 7:1
2026-08-18 16:29:48 [INFO]: ❌ WebSocket disconnected: mFToc7hPHB5GkQ1lAAEP, reason: client namespace disconnect
2026-08-18 16:29:48 [INFO]: 🔴 User 7 went offline
2026-08-18 16:29:48 [INFO]: 📊 Online users after disconnect: 
2026-08-18 16:29:48 [INFO]: 🔌 New WebSocket connection: 2Ov83PQuuBZBSP2NAAER
2026-08-18 16:29:48 [INFO]: 👤 User 7 registered on socket 2Ov83PQuuBZBSP2NAAER
2026-08-18 16:29:48 [INFO]: 📊 Online users: 7:1
2026-08-18 16:30:18 [INFO]: ❌ WebSocket disconnected: 2Ov83PQuuBZBSP2NAAER, reason: client namespace disconnect
2026-08-18 16:30:18 [INFO]: 🔴 User 7 went offline
2026-08-18 16:30:18 [INFO]: 📊 Online users after disconnect: 
2026-08-18 16:30:18 [INFO]: 🔌 New WebSocket connection: -oEBwMq1nQ-fBD3yAAET
2026-08-18 16:30:18 [INFO]: 👤 User 7 registered on socket -oEBwMq1nQ-fBD3yAAET
2026-08-18 16:30:18 [INFO]: 📊 Online users: 7:1
2026-08-18 16:30:49 [INFO]: ❌ WebSocket disconnected: -oEBwMq1nQ-fBD3yAAET, reason: client namespace disconnect
2026-08-18 16:30:49 [INFO]: 🔴 User 7 went offline
2026-08-18 16:30:49 [INFO]: 📊 Online users after disconnect: 
2026-08-18 16:30:49 [INFO]: 🔌 New WebSocket connection: bUy3A4sfAksU-lU7AAEV
2026-08-18 16:30:49 [INFO]: 👤 User 7 registered on socket bUy3A4sfAksU-lU7AAEV
2026-08-18 16:30:49 [INFO]: 📊 Online users: 7:1
2026-08-18 16:30:53 [INFO]: ❌ WebSocket disconnected: bUy3A4sfAksU-lU7AAEV, reason: transport close
2026-08-18 16:30:53 [INFO]: 🔴 User 7 went offline
2026-08-18 16:30:53 [INFO]: 📊 Online users after disconnect: 
2026-08-18 16:30:54 [INFO]: 🔌 New WebSocket connection: uLLlVbRBdcfxrNlgAAEX
2026-08-18 16:30:54 [INFO]: 👤 User 7 registered on socket uLLlVbRBdcfxrNlgAAEX
2026-08-18 16:30:54 [INFO]: 📊 Online users: 7:1
2026-08-18 16:31:10 [INFO]: ❌ WebSocket disconnected: uLLlVbRBdcfxrNlgAAEX, reason: transport close
2026-08-18 16:31:10 [INFO]: 🔴 User 7 went offline
2026-08-18 16:31:10 [INFO]: 📊 Online users after disconnect: 
2026-08-18 16:31:11 [INFO]: 🔌 New WebSocket connection: 1CUbBET-180zOJC2AAEZ
2026-08-18 16:31:11 [INFO]: 👤 User 7 registered on socket 1CUbBET-180zOJC2AAEZ
2026-08-18 16:31:11 [INFO]: 📊 Online users: 7:1
2026-08-18 16:31:12 [INFO]: 💬 Socket 1CUbBET-180zOJC2AAEZ joined chat 3
2026-08-18 16:31:16 [INFO]: 🔌 New WebSocket connection: lKMD3sjeO2YgZGg2AAEb
2026-08-18 16:31:16 [INFO]: 👤 User 10 registered on socket lKMD3sjeO2YgZGg2AAEb
2026-08-18 16:31:16 [INFO]: 📊 Online users: 7:1, 10:1
2026-08-18 16:31:23 [INFO]: 💬 Socket lKMD3sjeO2YgZGg2AAEb joined chat 2
2026-08-18 16:31:41 [INFO]: ❌ WebSocket disconnected: 1CUbBET-180zOJC2AAEZ, reason: client namespace disconnect
2026-08-18 16:31:41 [INFO]: 🔴 User 7 went offline
2026-08-18 16:31:41 [INFO]: 📊 Online users after disconnect: 10:1
2026-08-18 16:31:41 [INFO]: 🔌 New WebSocket connection: AMje2kCmp5jVfQWpAAEd
2026-08-18 16:31:41 [INFO]: 👤 User 7 registered on socket AMje2kCmp5jVfQWpAAEd
2026-08-18 16:31:41 [INFO]: 📊 Online users: 10:1, 7:1
2026-08-18 16:31:46 [INFO]: ❌ WebSocket disconnected: lKMD3sjeO2YgZGg2AAEb, reason: client namespace disconnect
2026-08-18 16:31:46 [INFO]: 🔴 User 10 went offline
2026-08-18 16:31:46 [INFO]: 📊 Online users after disconnect: 7:1
2026-08-18 16:31:46 [INFO]: 🔌 New WebSocket connection: 5dxbEmk2XJjp1S6RAAEf
2026-08-18 16:31:46 [INFO]: 👤 User 10 registered on socket 5dxbEmk2XJjp1S6RAAEf
2026-08-18 16:31:46 [INFO]: 📊 Online users: 7:1, 10:1
2026-08-18 16:31:48 [INFO]: ❌ WebSocket disconnected: 5dxbEmk2XJjp1S6RAAEf, reason: transport close
2026-08-18 16:31:48 [INFO]: 🔴 User 10 went offline
2026-08-18 16:31:48 [INFO]: 📊 Online users after disconnect: 7:1
2026-08-18 16:31:48 [INFO]: 🔌 New WebSocket connection: YGjviHciYTGZxqdXAAEh
2026-08-18 16:31:48 [INFO]: 👤 User 10 registered on socket YGjviHciYTGZxqdXAAEh
2026-08-18 16:31:48 [INFO]: 📊 Online users: 7:1, 10:1
2026-08-18 16:31:53 [INFO]: 💬 Socket YGjviHciYTGZxqdXAAEh joined chat 2
2026-08-18 16:32:11 [INFO]: ❌ WebSocket disconnected: AMje2kCmp5jVfQWpAAEd, reason: client namespace disconnect
2026-08-18 16:32:11 [INFO]: 🔴 User 7 went offline
2026-08-18 16:32:11 [INFO]: 📊 Online users after disconnect: 10:1
2026-08-18 16:32:11 [INFO]: 🔌 New WebSocket connection: V3mXh6vQWZwwGvH1AAEj
2026-08-18 16:32:11 [INFO]: 👤 User 7 registered on socket V3mXh6vQWZwwGvH1AAEj
2026-08-18 16:32:11 [INFO]: 📊 Online users: 10:1, 7:1
2026-08-18 16:32:11 [INFO]: 💬 Socket V3mXh6vQWZwwGvH1AAEj joined chat 3
2026-08-18 16:32:13 [INFO]: 💬 Socket V3mXh6vQWZwwGvH1AAEj joined chat 2
2026-08-18 16:32:18 [INFO]: 💬 Socket V3mXh6vQWZwwGvH1AAEj joined chat 1
2026-08-18 16:32:18 [INFO]: ❌ WebSocket disconnected: YGjviHciYTGZxqdXAAEh, reason: client namespace disconnect
2026-08-18 16:32:18 [INFO]: 🔴 User 10 went offline
2026-08-18 16:32:18 [INFO]: 📊 Online users after disconnect: 7:1
2026-08-18 16:32:18 [INFO]: 🔌 New WebSocket connection: yWudylHqsxnsXhNAAAEl
2026-08-18 16:32:18 [INFO]: 👤 User 10 registered on socket yWudylHqsxnsXhNAAAEl
2026-08-18 16:32:18 [INFO]: 📊 Online users: 7:1, 10:1
2026-08-18 16:32:20 [INFO]: 💬 Socket yWudylHqsxnsXhNAAAEl joined chat 2
2026-08-18 16:32:21 [INFO]: 💬 Socket V3mXh6vQWZwwGvH1AAEj joined chat 3
2026-08-18 16:32:41 [INFO]: ❌ WebSocket disconnected: V3mXh6vQWZwwGvH1AAEj, reason: client namespace disconnect
2026-08-18 16:32:41 [INFO]: 🔴 User 7 went offline
2026-08-18 16:32:41 [INFO]: 📊 Online users after disconnect: 10:1
2026-08-18 16:32:41 [INFO]: 🔌 New WebSocket connection: EDWOO5fko3YixHtIAAEn
2026-08-18 16:32:41 [INFO]: 👤 User 7 registered on socket EDWOO5fko3YixHtIAAEn
2026-08-18 16:32:41 [INFO]: 📊 Online users: 10:1, 7:1
2026-08-18 16:32:48 [INFO]: ❌ WebSocket disconnected: yWudylHqsxnsXhNAAAEl, reason: client namespace disconnect
2026-08-18 16:32:48 [INFO]: 🔴 User 10 went offline
2026-08-18 16:32:48 [INFO]: 📊 Online users after disconnect: 7:1
2026-08-18 16:32:48 [INFO]: 🔌 New WebSocket connection: Y6lRHRqVVQE1g_p9AAEp
2026-08-18 16:32:49 [INFO]: 👤 User 10 registered on socket Y6lRHRqVVQE1g_p9AAEp
2026-08-18 16:32:49 [INFO]: 📊 Online users: 7:1, 10:1
2026-08-18 16:33:11 [INFO]: ❌ WebSocket disconnected: EDWOO5fko3YixHtIAAEn, reason: client namespace disconnect
2026-08-18 16:33:11 [INFO]: 🔴 User 7 went offline
2026-08-18 16:33:11 [INFO]: 📊 Online users after disconnect: 10:1
2026-08-18 16:33:11 [INFO]: 🔌 New WebSocket connection: mVd606fqJBX6nVNNAAEr
2026-08-18 16:33:11 [INFO]: 👤 User 7 registered on socket mVd606fqJBX6nVNNAAEr
2026-08-18 16:33:11 [INFO]: 📊 Online users: 10:1, 7:1
2026-08-18 16:33:19 [INFO]: ❌ WebSocket disconnected: Y6lRHRqVVQE1g_p9AAEp, reason: client namespace disconnect
2026-08-18 16:33:19 [INFO]: 🔴 User 10 went offline
2026-08-18 16:33:19 [INFO]: 📊 Online users after disconnect: 7:1
2026-08-18 16:33:19 [INFO]: 🔌 New WebSocket connection: d9wy-IXsZoS8NgvdAAEt
2026-08-18 16:33:19 [INFO]: 👤 User 10 registered on socket d9wy-IXsZoS8NgvdAAEt
2026-08-18 16:33:19 [INFO]: 📊 Online users: 7:1, 10:1
