2026-06-17 11:41:23 [ERROR]: SequelizeConnectionError: password authentication failed for user "icq_user"
    at Client._connectionCallback (/root/icq_full/backend/node_modules/sequelize/src/dialects/postgres/connection-manager.js:196:24)
    at Client._handleErrorWhileConnecting (/root/icq_full/backend/node_modules/pg/lib/client.js:397:19)
    at Client._handleErrorMessage (/root/icq_full/backend/node_modules/pg/lib/client.js:417:19)
    at Connection.emit (node:events:524:28)
    at Connection.emit (node:domain:489:12)
    at /root/icq_full/backend/node_modules/pg/lib/connection.js:115:12
    at Parser.parse (/root/icq_full/backend/node_modules/pg-protocol/src/parser.ts:106:9)
    at Socket.<anonymous> (/root/icq_full/backend/node_modules/pg-protocol/src/index.ts:7:48)
    at Socket.emit (node:events:524:28)
    at Socket.emit (node:domain:489:12)
2026-06-17 11:51:56 [ERROR]: Error: Validation failed: body: Required
    at /root/icq_full/backend/src/utils/validators.ts:47:13
    at Layer.handle [as handle_request] (/root/icq_full/backend/node_modules/express/lib/router/layer.js:95:5)
    at next (/root/icq_full/backend/node_modules/express/lib/router/route.js:149:13)
    at Route.dispatch (/root/icq_full/backend/node_modules/express/lib/router/route.js:119:3)
    at Layer.handle [as handle_request] (/root/icq_full/backend/node_modules/express/lib/router/layer.js:95:5)
    at /root/icq_full/backend/node_modules/express/lib/router/index.js:284:15
    at Function.process_params (/root/icq_full/backend/node_modules/express/lib/router/index.js:346:12)
    at next (/root/icq_full/backend/node_modules/express/lib/router/index.js:280:10)
    at Function.handle (/root/icq_full/backend/node_modules/express/lib/router/index.js:175:3)
    at router (/root/icq_full/backend/node_modules/express/lib/router/index.js:47:12)
2026-06-17 11:53:05 [ERROR]: Error: Validation failed: body: Required
    at /root/icq_full/backend/src/utils/validators.ts:47:13
    at Layer.handle [as handle_request] (/root/icq_full/backend/node_modules/express/lib/router/layer.js:95:5)
    at next (/root/icq_full/backend/node_modules/express/lib/router/route.js:149:13)
    at Route.dispatch (/root/icq_full/backend/node_modules/express/lib/router/route.js:119:3)
    at Layer.handle [as handle_request] (/root/icq_full/backend/node_modules/express/lib/router/layer.js:95:5)
    at /root/icq_full/backend/node_modules/express/lib/router/index.js:284:15
    at Function.process_params (/root/icq_full/backend/node_modules/express/lib/router/index.js:346:12)
    at next (/root/icq_full/backend/node_modules/express/lib/router/index.js:280:10)
    at Function.handle (/root/icq_full/backend/node_modules/express/lib/router/index.js:175:3)
    at router (/root/icq_full/backend/node_modules/express/lib/router/index.js:47:12)
2026-06-17 11:54:54 [ERROR]: Error: Validation failed: body: Required
    at /root/icq_full/backend/src/utils/validators.ts:47:13
    at Layer.handle [as handle_request] (/root/icq_full/backend/node_modules/express/lib/router/layer.js:95:5)
    at next (/root/icq_full/backend/node_modules/express/lib/router/route.js:149:13)
    at Route.dispatch (/root/icq_full/backend/node_modules/express/lib/router/route.js:119:3)
    at Layer.handle [as handle_request] (/root/icq_full/backend/node_modules/express/lib/router/layer.js:95:5)
    at /root/icq_full/backend/node_modules/express/lib/router/index.js:284:15
    at Function.process_params (/root/icq_full/backend/node_modules/express/lib/router/index.js:346:12)
    at next (/root/icq_full/backend/node_modules/express/lib/router/index.js:280:10)
    at Function.handle (/root/icq_full/backend/node_modules/express/lib/router/index.js:175:3)
    at router (/root/icq_full/backend/node_modules/express/lib/router/index.js:47:12)
2026-06-17 11:56:01 [ERROR]: Error: Validation failed: body: Required
    at /root/icq_full/backend/src/utils/validators.ts:47:13
    at Layer.handle [as handle_request] (/root/icq_full/backend/node_modules/express/lib/router/layer.js:95:5)
    at next (/root/icq_full/backend/node_modules/express/lib/router/route.js:149:13)
    at Route.dispatch (/root/icq_full/backend/node_modules/express/lib/router/route.js:119:3)
    at Layer.handle [as handle_request] (/root/icq_full/backend/node_modules/express/lib/router/layer.js:95:5)
    at /root/icq_full/backend/node_modules/express/lib/router/index.js:284:15
    at Function.process_params (/root/icq_full/backend/node_modules/express/lib/router/index.js:346:12)
    at next (/root/icq_full/backend/node_modules/express/lib/router/index.js:280:10)
    at Function.handle (/root/icq_full/backend/node_modules/express/lib/router/index.js:175:3)
    at router (/root/icq_full/backend/node_modules/express/lib/router/index.js:47:12)
2026-06-17 13:55:06 [ERROR]: Error
    at Query.run (/root/icq_full/backend/node_modules/sequelize/src/dialects/postgres/query.js:76:25)
    at /root/icq_full/backend/node_modules/sequelize/src/sequelize.js:650:28
    at processTicksAndRejections (node:internal/process/task_queues:95:5)
    at async PostgresQueryInterface.select (/root/icq_full/backend/node_modules/sequelize/src/dialects/abstract/query-interface.js:1001:12)
    at async Function.findAll (/root/icq_full/backend/node_modules/sequelize/src/model.js:1824:21)
    at async Function.findOne (/root/icq_full/backend/node_modules/sequelize/src/model.js:1998:12)
    at async /root/icq_full/backend/src/routes/auth.ts:43:26
2026-06-17 14:02:22 [ERROR]: Error
    at Query.run (/root/icq_full/backend/node_modules/sequelize/src/dialects/postgres/query.js:76:25)
    at /root/icq_full/backend/node_modules/sequelize/src/sequelize.js:650:28
    at processTicksAndRejections (node:internal/process/task_queues:95:5)
    at async PostgresQueryInterface.select (/root/icq_full/backend/node_modules/sequelize/src/dialects/abstract/query-interface.js:1001:12)
    at async Function.findAll (/root/icq_full/backend/node_modules/sequelize/src/model.js:1824:21)
    at async Function.findOne (/root/icq_full/backend/node_modules/sequelize/src/model.js:1998:12)
    at async /root/icq_full/backend/src/routes/auth.ts:43:26
2026-06-17 14:03:48 [ERROR]: Error: secretOrPrivateKey must have a value
    at Object.module.exports [as sign] (/root/icq_full/backend/node_modules/jsonwebtoken/sign.js:111:20)
    at /root/icq_full/backend/src/routes/auth.ts:72:30
    at processTicksAndRejections (node:internal/process/task_queues:95:5)
2026-06-17 14:22:42 [ERROR]: Error: Illegal arguments: string, undefined
    at _async (/root/icq_full/backend/node_modules/bcryptjs/dist/bcrypt.js:286:46)
    at /root/icq_full/backend/node_modules/bcryptjs/dist/bcrypt.js:307:17
    at new Promise (<anonymous>)
    at Object.bcrypt.compare (/root/icq_full/backend/node_modules/bcryptjs/dist/bcrypt.js:306:20)
    at /root/icq_full/backend/src/routes/auth.ts:52:34
    at processTicksAndRejections (node:internal/process/task_queues:95:5)
2026-06-17 14:27:23 [ERROR]: Error: Invalid email or password
    at /root/icq_full/backend/src/routes/auth.ts:48:13
    at processTicksAndRejections (node:internal/process/task_queues:95:5)
2026-06-17 14:33:08 [ERROR]: Error: Invalid email or password
    at /root/icq_full/backend/src/routes/auth.ts:48:13
    at processTicksAndRejections (node:internal/process/task_queues:95:5)
2026-06-17 14:41:29 [ERROR]: Error: Invalid email or password
    at /root/icq_full/backend/src/routes/auth.ts:48:13
    at processTicksAndRejections (node:internal/process/task_queues:95:5)
2026-06-17 15:06:53 [ERROR]: Error: Illegal arguments: string, undefined
    at _async (/root/icq_full/backend/node_modules/bcryptjs/dist/bcrypt.js:286:46)
    at /root/icq_full/backend/node_modules/bcryptjs/dist/bcrypt.js:307:17
    at new Promise (<anonymous>)
    at Object.bcrypt.compare (/root/icq_full/backend/node_modules/bcryptjs/dist/bcrypt.js:306:20)
    at /root/icq_full/backend/src/routes/auth.ts:94:34
    at processTicksAndRejections (node:internal/process/task_queues:95:5)
2026-06-17 15:08:58 [ERROR]: Error: listen EADDRINUSE: address already in use :::3000
    at Server.setupListenHandle [as _listen2] (node:net:1908:16)
    at listenInCluster (node:net:1965:12)
    at Server.listen (node:net:2067:7)
    at main (/root/icq_full/backend/src/server.ts:18:16)
    at processTicksAndRejections (node:internal/process/task_queues:95:5)
2026-06-17 15:09:22 [ERROR]: Error: Illegal arguments: string, undefined
    at _async (/root/icq_full/backend/node_modules/bcryptjs/dist/bcrypt.js:286:46)
    at /root/icq_full/backend/node_modules/bcryptjs/dist/bcrypt.js:307:17
    at new Promise (<anonymous>)
    at Object.bcrypt.compare (/root/icq_full/backend/node_modules/bcryptjs/dist/bcrypt.js:306:20)
    at /root/icq_full/backend/src/routes/auth.ts:94:34
    at processTicksAndRejections (node:internal/process/task_queues:95:5)
2026-06-17 15:47:27 [ERROR]: Error: listen EADDRINUSE: address already in use :::3000
    at Server.setupListenHandle [as _listen2] (node:net:1908:16)
    at listenInCluster (node:net:1965:12)
    at Server.listen (node:net:2067:7)
    at main (/root/icq_full/backend/src/server.ts:18:16)
    at process.processTicksAndRejections (node:internal/process/task_queues:95:5)
2026-06-17 15:47:28 [ERROR]: Error: listen EADDRINUSE: address already in use :::3000
    at Server.setupListenHandle [as _listen2] (node:net:1908:16)
    at listenInCluster (node:net:1965:12)
    at Server.listen (node:net:2067:7)
    at main (/root/icq_full/backend/src/server.ts:18:16)
    at process.processTicksAndRejections (node:internal/process/task_queues:95:5)
2026-06-17 15:47:29 [ERROR]: Error: listen EADDRINUSE: address already in use :::3000
    at Server.setupListenHandle [as _listen2] (node:net:1908:16)
    at listenInCluster (node:net:1965:12)
    at Server.listen (node:net:2067:7)
    at main (/root/icq_full/backend/src/server.ts:18:16)
    at process.processTicksAndRejections (node:internal/process/task_queues:95:5)
2026-06-17 15:47:29 [ERROR]: Error: listen EADDRINUSE: address already in use :::3000
    at Server.setupListenHandle [as _listen2] (node:net:1908:16)
    at listenInCluster (node:net:1965:12)
    at Server.listen (node:net:2067:7)
    at main (/root/icq_full/backend/src/server.ts:18:16)
    at process.processTicksAndRejections (node:internal/process/task_queues:95:5)
2026-06-17 15:47:30 [ERROR]: Error: listen EADDRINUSE: address already in use :::3000
    at Server.setupListenHandle [as _listen2] (node:net:1908:16)
    at listenInCluster (node:net:1965:12)
    at Server.listen (node:net:2067:7)
    at main (/root/icq_full/backend/src/server.ts:18:16)
    at process.processTicksAndRejections (node:internal/process/task_queues:95:5)
2026-06-17 15:47:30 [ERROR]: Error: listen EADDRINUSE: address already in use :::3000
    at Server.setupListenHandle [as _listen2] (node:net:1908:16)
    at listenInCluster (node:net:1965:12)
    at Server.listen (node:net:2067:7)
    at main (/root/icq_full/backend/src/server.ts:18:16)
    at process.processTicksAndRejections (node:internal/process/task_queues:95:5)
2026-06-17 15:47:31 [ERROR]: Error: listen EADDRINUSE: address already in use :::3000
    at Server.setupListenHandle [as _listen2] (node:net:1908:16)
    at listenInCluster (node:net:1965:12)
    at Server.listen (node:net:2067:7)
    at main (/root/icq_full/backend/src/server.ts:18:16)
    at process.processTicksAndRejections (node:internal/process/task_queues:95:5)
2026-06-17 15:47:32 [ERROR]: Error: listen EADDRINUSE: address already in use :::3000
    at Server.setupListenHandle [as _listen2] (node:net:1908:16)
    at listenInCluster (node:net:1965:12)
    at Server.listen (node:net:2067:7)
    at main (/root/icq_full/backend/src/server.ts:18:16)
    at process.processTicksAndRejections (node:internal/process/task_queues:95:5)
2026-06-17 15:47:32 [ERROR]: Error: listen EADDRINUSE: address already in use :::3000
    at Server.setupListenHandle [as _listen2] (node:net:1908:16)
    at listenInCluster (node:net:1965:12)
    at Server.listen (node:net:2067:7)
    at main (/root/icq_full/backend/src/server.ts:18:16)
    at process.processTicksAndRejections (node:internal/process/task_queues:95:5)
2026-06-17 15:47:33 [ERROR]: Error: listen EADDRINUSE: address already in use :::3000
    at Server.setupListenHandle [as _listen2] (node:net:1908:16)
    at listenInCluster (node:net:1965:12)
    at Server.listen (node:net:2067:7)
    at main (/root/icq_full/backend/src/server.ts:18:16)
    at process.processTicksAndRejections (node:internal/process/task_queues:95:5)
2026-06-17 15:47:34 [ERROR]: Error: listen EADDRINUSE: address already in use :::3000
    at Server.setupListenHandle [as _listen2] (node:net:1908:16)
    at listenInCluster (node:net:1965:12)
    at Server.listen (node:net:2067:7)
    at main (/root/icq_full/backend/src/server.ts:18:16)
    at process.processTicksAndRejections (node:internal/process/task_queues:95:5)
2026-06-17 15:47:34 [ERROR]: Error: listen EADDRINUSE: address already in use :::3000
    at Server.setupListenHandle [as _listen2] (node:net:1908:16)
    at listenInCluster (node:net:1965:12)
    at Server.listen (node:net:2067:7)
    at main (/root/icq_full/backend/src/server.ts:18:16)
    at process.processTicksAndRejections (node:internal/process/task_queues:95:5)
2026-06-17 15:47:35 [ERROR]: Error: listen EADDRINUSE: address already in use :::3000
    at Server.setupListenHandle [as _listen2] (node:net:1908:16)
    at listenInCluster (node:net:1965:12)
    at Server.listen (node:net:2067:7)
    at main (/root/icq_full/backend/src/server.ts:18:16)
    at process.processTicksAndRejections (node:internal/process/task_queues:95:5)
2026-06-17 15:47:36 [ERROR]: Error: listen EADDRINUSE: address already in use :::3000
    at Server.setupListenHandle [as _listen2] (node:net:1908:16)
    at listenInCluster (node:net:1965:12)
    at Server.listen (node:net:2067:7)
    at main (/root/icq_full/backend/src/server.ts:18:16)
    at process.processTicksAndRejections (node:internal/process/task_queues:95:5)
2026-06-17 15:47:36 [ERROR]: Error: listen EADDRINUSE: address already in use :::3000
    at Server.setupListenHandle [as _listen2] (node:net:1908:16)
    at listenInCluster (node:net:1965:12)
    at Server.listen (node:net:2067:7)
    at main (/root/icq_full/backend/src/server.ts:18:16)
    at process.processTicksAndRejections (node:internal/process/task_queues:95:5)
2026-06-17 15:47:37 [ERROR]: Error: listen EADDRINUSE: address already in use :::3000
    at Server.setupListenHandle [as _listen2] (node:net:1908:16)
    at listenInCluster (node:net:1965:12)
    at Server.listen (node:net:2067:7)
    at main (/root/icq_full/backend/src/server.ts:18:16)
    at process.processTicksAndRejections (node:internal/process/task_queues:95:5)
2026-06-17 15:50:11 [ERROR]: Error: listen EADDRINUSE: address already in use :::3000
    at Server.setupListenHandle [as _listen2] (node:net:1908:16)
    at listenInCluster (node:net:1965:12)
    at Server.listen (node:net:2067:7)
    at main (/root/icq_full/backend/src/server.ts:18:16)
    at processTicksAndRejections (node:internal/process/task_queues:95:5)
2026-06-18 09:52:08 [ERROR]: Error: listen EADDRINUSE: address already in use :::3000
    at Server.setupListenHandle [as _listen2] (node:net:1908:16)
    at listenInCluster (node:net:1965:12)
    at Server.listen (node:net:2067:7)
    at main (/root/icq_full/backend/src/server.ts:18:16)
    at processTicksAndRejections (node:internal/process/task_queues:95:5)
2026-06-24 16:16:20 [ERROR]: Error: listen EADDRINUSE: address already in use :::3000
    at Server.setupListenHandle [as _listen2] (node:net:1908:16)
    at listenInCluster (node:net:1965:12)
    at Server.listen (node:net:2067:7)
    at main (/root/icq_full/backend/src/server.ts:18:16)
    at processTicksAndRejections (node:internal/process/task_queues:95:5)
2026-06-24 16:26:27 [ERROR]: Error
    at Query.run (/root/icq_full/backend/node_modules/sequelize/src/dialects/postgres/query.js:76:25)
    at /root/icq_full/backend/node_modules/sequelize/src/sequelize.js:650:28
    at processTicksAndRejections (node:internal/process/task_queues:95:5)
    at async PostgresQueryInterface.addIndex (/root/icq_full/backend/node_modules/sequelize/src/dialects/abstract/query-interface.js:586:12)
    at async Function.sync (/root/icq_full/backend/node_modules/sequelize/src/model.js:1427:7)
    at async Sequelize.sync (/root/icq_full/backend/node_modules/sequelize/src/sequelize.js:825:9)
    at async initializeApp (/root/icq_full/backend/src/app.ts:94:5)
    at async main (/root/icq_full/backend/src/server.ts:15:28)
2026-06-24 16:27:11 [ERROR]: Error
    at Query.run (/root/icq_full/backend/node_modules/sequelize/src/dialects/postgres/query.js:76:25)
    at /root/icq_full/backend/node_modules/sequelize/src/sequelize.js:650:28
    at processTicksAndRejections (node:internal/process/task_queues:95:5)
    at async PostgresQueryInterface.addIndex (/root/icq_full/backend/node_modules/sequelize/src/dialects/abstract/query-interface.js:586:12)
    at async Function.sync (/root/icq_full/backend/node_modules/sequelize/src/model.js:1427:7)
    at async Sequelize.sync (/root/icq_full/backend/node_modules/sequelize/src/sequelize.js:825:9)
    at async initializeApp (/root/icq_full/backend/src/app.ts:118:5)
    at async main (/root/icq_full/backend/src/server.ts:15:28)
2026-06-24 16:37:56 [ERROR]: Error: Validation failed: password: Password must be at least 6 characters
    at /root/icq_full/backend/src/utils/validators.ts:47:13
    at Layer.handle [as handle_request] (/root/icq_full/backend/node_modules/express/lib/router/layer.js:95:5)
    at next (/root/icq_full/backend/node_modules/express/lib/router/route.js:149:13)
    at Route.dispatch (/root/icq_full/backend/node_modules/express/lib/router/route.js:119:3)
    at Layer.handle [as handle_request] (/root/icq_full/backend/node_modules/express/lib/router/layer.js:95:5)
    at /root/icq_full/backend/node_modules/express/lib/router/index.js:284:15
    at Function.process_params (/root/icq_full/backend/node_modules/express/lib/router/index.js:346:12)
    at next (/root/icq_full/backend/node_modules/express/lib/router/index.js:280:10)
    at Function.handle (/root/icq_full/backend/node_modules/express/lib/router/index.js:175:3)
    at router (/root/icq_full/backend/node_modules/express/lib/router/index.js:47:12)
2026-06-24 16:39:15 [ERROR]: Error: Validation failed: password: Password must be at least 6 characters
    at /root/icq_full/backend/src/utils/validators.ts:47:13
    at Layer.handle [as handle_request] (/root/icq_full/backend/node_modules/express/lib/router/layer.js:95:5)
    at next (/root/icq_full/backend/node_modules/express/lib/router/route.js:149:13)
    at Route.dispatch (/root/icq_full/backend/node_modules/express/lib/router/route.js:119:3)
    at Layer.handle [as handle_request] (/root/icq_full/backend/node_modules/express/lib/router/layer.js:95:5)
    at /root/icq_full/backend/node_modules/express/lib/router/index.js:284:15
    at Function.process_params (/root/icq_full/backend/node_modules/express/lib/router/index.js:346:12)
    at next (/root/icq_full/backend/node_modules/express/lib/router/index.js:280:10)
    at Function.handle (/root/icq_full/backend/node_modules/express/lib/router/index.js:175:3)
    at router (/root/icq_full/backend/node_modules/express/lib/router/index.js:47:12)
2026-06-24 16:40:37 [ERROR]: Error: Validation failed: password: Password must be at least 6 characters
    at /root/icq_full/backend/src/utils/validators.ts:47:13
    at Layer.handle [as handle_request] (/root/icq_full/backend/node_modules/express/lib/router/layer.js:95:5)
    at next (/root/icq_full/backend/node_modules/express/lib/router/route.js:149:13)
    at Route.dispatch (/root/icq_full/backend/node_modules/express/lib/router/route.js:119:3)
    at Layer.handle [as handle_request] (/root/icq_full/backend/node_modules/express/lib/router/layer.js:95:5)
    at /root/icq_full/backend/node_modules/express/lib/router/index.js:284:15
    at Function.process_params (/root/icq_full/backend/node_modules/express/lib/router/index.js:346:12)
    at next (/root/icq_full/backend/node_modules/express/lib/router/index.js:280:10)
    at Function.handle (/root/icq_full/backend/node_modules/express/lib/router/index.js:175:3)
    at router (/root/icq_full/backend/node_modules/express/lib/router/index.js:47:12)
2026-06-24 16:41:50 [ERROR]: Error: Validation failed: password: Password must be at least 6 characters
    at /root/icq_full/backend/src/utils/validators.ts:47:13
    at Layer.handle [as handle_request] (/root/icq_full/backend/node_modules/express/lib/router/layer.js:95:5)
    at next (/root/icq_full/backend/node_modules/express/lib/router/route.js:149:13)
    at Route.dispatch (/root/icq_full/backend/node_modules/express/lib/router/route.js:119:3)
    at Layer.handle [as handle_request] (/root/icq_full/backend/node_modules/express/lib/router/layer.js:95:5)
    at /root/icq_full/backend/node_modules/express/lib/router/index.js:284:15
    at Function.process_params (/root/icq_full/backend/node_modules/express/lib/router/index.js:346:12)
    at next (/root/icq_full/backend/node_modules/express/lib/router/index.js:280:10)
    at Function.handle (/root/icq_full/backend/node_modules/express/lib/router/index.js:175:3)
    at router (/root/icq_full/backend/node_modules/express/lib/router/index.js:47:12)
2026-06-24 16:44:00 [ERROR]: Error: Validation failed: password: Password must be at least 6 characters
    at /root/icq_full/backend/src/utils/validators.ts:47:13
    at Layer.handle [as handle_request] (/root/icq_full/backend/node_modules/express/lib/router/layer.js:95:5)
    at next (/root/icq_full/backend/node_modules/express/lib/router/route.js:149:13)
    at Route.dispatch (/root/icq_full/backend/node_modules/express/lib/router/route.js:119:3)
    at Layer.handle [as handle_request] (/root/icq_full/backend/node_modules/express/lib/router/layer.js:95:5)
    at /root/icq_full/backend/node_modules/express/lib/router/index.js:284:15
    at Function.process_params (/root/icq_full/backend/node_modules/express/lib/router/index.js:346:12)
    at next (/root/icq_full/backend/node_modules/express/lib/router/index.js:280:10)
    at Function.handle (/root/icq_full/backend/node_modules/express/lib/router/index.js:175:3)
    at router (/root/icq_full/backend/node_modules/express/lib/router/index.js:47:12)
2026-06-24 16:45:24 [ERROR]: Error: Validation failed: password: Password must be at least 6 characters
    at /root/icq_full/backend/src/utils/validators.ts:47:13
    at Layer.handle [as handle_request] (/root/icq_full/backend/node_modules/express/lib/router/layer.js:95:5)
    at next (/root/icq_full/backend/node_modules/express/lib/router/route.js:149:13)
    at Route.dispatch (/root/icq_full/backend/node_modules/express/lib/router/route.js:119:3)
    at Layer.handle [as handle_request] (/root/icq_full/backend/node_modules/express/lib/router/layer.js:95:5)
    at /root/icq_full/backend/node_modules/express/lib/router/index.js:284:15
    at Function.process_params (/root/icq_full/backend/node_modules/express/lib/router/index.js:346:12)
    at next (/root/icq_full/backend/node_modules/express/lib/router/index.js:280:10)
    at Function.handle (/root/icq_full/backend/node_modules/express/lib/router/index.js:175:3)
    at router (/root/icq_full/backend/node_modules/express/lib/router/index.js:47:12)
2026-06-24 16:45:25 [ERROR]: Error: Validation failed: password: Password must be at least 6 characters
    at /root/icq_full/backend/src/utils/validators.ts:47:13
    at Layer.handle [as handle_request] (/root/icq_full/backend/node_modules/express/lib/router/layer.js:95:5)
    at next (/root/icq_full/backend/node_modules/express/lib/router/route.js:149:13)
    at Route.dispatch (/root/icq_full/backend/node_modules/express/lib/router/route.js:119:3)
    at Layer.handle [as handle_request] (/root/icq_full/backend/node_modules/express/lib/router/layer.js:95:5)
    at /root/icq_full/backend/node_modules/express/lib/router/index.js:284:15
    at Function.process_params (/root/icq_full/backend/node_modules/express/lib/router/index.js:346:12)
    at next (/root/icq_full/backend/node_modules/express/lib/router/index.js:280:10)
    at Function.handle (/root/icq_full/backend/node_modules/express/lib/router/index.js:175:3)
    at router (/root/icq_full/backend/node_modules/express/lib/router/index.js:47:12)
2026-06-24 16:45:28 [ERROR]: Error: Validation failed: password: Password must be at least 6 characters
    at /root/icq_full/backend/src/utils/validators.ts:47:13
    at Layer.handle [as handle_request] (/root/icq_full/backend/node_modules/express/lib/router/layer.js:95:5)
    at next (/root/icq_full/backend/node_modules/express/lib/router/route.js:149:13)
    at Route.dispatch (/root/icq_full/backend/node_modules/express/lib/router/route.js:119:3)
    at Layer.handle [as handle_request] (/root/icq_full/backend/node_modules/express/lib/router/layer.js:95:5)
    at /root/icq_full/backend/node_modules/express/lib/router/index.js:284:15
    at Function.process_params (/root/icq_full/backend/node_modules/express/lib/router/index.js:346:12)
    at next (/root/icq_full/backend/node_modules/express/lib/router/index.js:280:10)
    at Function.handle (/root/icq_full/backend/node_modules/express/lib/router/index.js:175:3)
    at router (/root/icq_full/backend/node_modules/express/lib/router/index.js:47:12)
2026-06-24 16:45:30 [ERROR]: Error: Invalid email or password
    at /root/icq_full/backend/src/routes/auth.ts:90:13
    at processTicksAndRejections (node:internal/process/task_queues:95:5)
2026-06-24 16:46:10 [ERROR]: Error: Invalid email or password
    at /root/icq_full/backend/src/routes/auth.ts:90:13
    at processTicksAndRejections (node:internal/process/task_queues:95:5)
2026-06-24 16:46:20 [ERROR]: Error: Validation failed: password: Password must be at least 6 characters
    at /root/icq_full/backend/src/utils/validators.ts:47:13
    at Layer.handle [as handle_request] (/root/icq_full/backend/node_modules/express/lib/router/layer.js:95:5)
    at next (/root/icq_full/backend/node_modules/express/lib/router/route.js:149:13)
    at Route.dispatch (/root/icq_full/backend/node_modules/express/lib/router/route.js:119:3)
    at Layer.handle [as handle_request] (/root/icq_full/backend/node_modules/express/lib/router/layer.js:95:5)
    at /root/icq_full/backend/node_modules/express/lib/router/index.js:284:15
    at Function.process_params (/root/icq_full/backend/node_modules/express/lib/router/index.js:346:12)
    at next (/root/icq_full/backend/node_modules/express/lib/router/index.js:280:10)
    at Function.handle (/root/icq_full/backend/node_modules/express/lib/router/index.js:175:3)
    at router (/root/icq_full/backend/node_modules/express/lib/router/index.js:47:12)
2026-06-24 16:46:21 [ERROR]: Error: Invalid email or password
    at /root/icq_full/backend/src/routes/auth.ts:90:13
    at processTicksAndRejections (node:internal/process/task_queues:95:5)
2026-06-24 16:49:36 [ERROR]: Error: Validation failed: password: Password must be at least 6 characters
    at /root/icq_full/backend/src/utils/validators.ts:47:13
    at Layer.handle [as handle_request] (/root/icq_full/backend/node_modules/express/lib/router/layer.js:95:5)
    at next (/root/icq_full/backend/node_modules/express/lib/router/route.js:149:13)
    at Route.dispatch (/root/icq_full/backend/node_modules/express/lib/router/route.js:119:3)
    at Layer.handle [as handle_request] (/root/icq_full/backend/node_modules/express/lib/router/layer.js:95:5)
    at /root/icq_full/backend/node_modules/express/lib/router/index.js:284:15
    at Function.process_params (/root/icq_full/backend/node_modules/express/lib/router/index.js:346:12)
    at next (/root/icq_full/backend/node_modules/express/lib/router/index.js:280:10)
    at Function.handle (/root/icq_full/backend/node_modules/express/lib/router/index.js:175:3)
    at router (/root/icq_full/backend/node_modules/express/lib/router/index.js:47:12)
2026-06-24 16:49:37 [ERROR]: Error: Invalid email or password
    at /root/icq_full/backend/src/routes/auth.ts:96:13
2026-06-24 16:49:46 [ERROR]: Error: Invalid email or password
    at /root/icq_full/backend/src/routes/auth.ts:96:13
2026-06-24 16:50:35 [ERROR]: Error: Validation failed: password: Password must be at least 6 characters
    at /root/icq_full/backend/src/utils/validators.ts:47:13
    at Layer.handle [as handle_request] (/root/icq_full/backend/node_modules/express/lib/router/layer.js:95:5)
    at next (/root/icq_full/backend/node_modules/express/lib/router/route.js:149:13)
    at Route.dispatch (/root/icq_full/backend/node_modules/express/lib/router/route.js:119:3)
    at Layer.handle [as handle_request] (/root/icq_full/backend/node_modules/express/lib/router/layer.js:95:5)
    at /root/icq_full/backend/node_modules/express/lib/router/index.js:284:15
    at Function.process_params (/root/icq_full/backend/node_modules/express/lib/router/index.js:346:12)
    at next (/root/icq_full/backend/node_modules/express/lib/router/index.js:280:10)
    at Function.handle (/root/icq_full/backend/node_modules/express/lib/router/index.js:175:3)
    at router (/root/icq_full/backend/node_modules/express/lib/router/index.js:47:12)
2026-06-24 16:50:44 [ERROR]: Error: Invalid email or password
    at /root/icq_full/backend/src/routes/auth.ts:90:13
    at processTicksAndRejections (node:internal/process/task_queues:95:5)
2026-06-24 16:52:11 [ERROR]: Error: Validation failed: password: Password must be at least 6 characters
    at /root/icq_full/backend/src/utils/validators.ts:47:13
    at Layer.handle [as handle_request] (/root/icq_full/backend/node_modules/express/lib/router/layer.js:95:5)
    at next (/root/icq_full/backend/node_modules/express/lib/router/route.js:149:13)
    at Route.dispatch (/root/icq_full/backend/node_modules/express/lib/router/route.js:119:3)
    at Layer.handle [as handle_request] (/root/icq_full/backend/node_modules/express/lib/router/layer.js:95:5)
    at /root/icq_full/backend/node_modules/express/lib/router/index.js:284:15
    at Function.process_params (/root/icq_full/backend/node_modules/express/lib/router/index.js:346:12)
    at next (/root/icq_full/backend/node_modules/express/lib/router/index.js:280:10)
    at Function.handle (/root/icq_full/backend/node_modules/express/lib/router/index.js:175:3)
    at router (/root/icq_full/backend/node_modules/express/lib/router/index.js:47:12)
2026-06-24 16:53:48 [ERROR]: Error: Validation failed: password: Password must be at least 6 characters
    at /root/icq_full/backend/src/utils/validators.ts:47:13
    at Layer.handle [as handle_request] (/root/icq_full/backend/node_modules/express/lib/router/layer.js:95:5)
    at next (/root/icq_full/backend/node_modules/express/lib/router/route.js:149:13)
    at Route.dispatch (/root/icq_full/backend/node_modules/express/lib/router/route.js:119:3)
    at Layer.handle [as handle_request] (/root/icq_full/backend/node_modules/express/lib/router/layer.js:95:5)
    at /root/icq_full/backend/node_modules/express/lib/router/index.js:284:15
    at Function.process_params (/root/icq_full/backend/node_modules/express/lib/router/index.js:346:12)
    at next (/root/icq_full/backend/node_modules/express/lib/router/index.js:280:10)
    at Function.handle (/root/icq_full/backend/node_modules/express/lib/router/index.js:175:3)
    at router (/root/icq_full/backend/node_modules/express/lib/router/index.js:47:12)
2026-06-24 16:56:18 [ERROR]: Error: Validation failed: username: String must contain at least 3 character(s), password: Password must be at least 6 characters
    at /root/icq_full/backend/src/utils/validators.ts:47:13
    at Layer.handle [as handle_request] (/root/icq_full/backend/node_modules/express/lib/router/layer.js:95:5)
    at next (/root/icq_full/backend/node_modules/express/lib/router/route.js:149:13)
    at Route.dispatch (/root/icq_full/backend/node_modules/express/lib/router/route.js:119:3)
    at Layer.handle [as handle_request] (/root/icq_full/backend/node_modules/express/lib/router/layer.js:95:5)
    at /root/icq_full/backend/node_modules/express/lib/router/index.js:284:15
    at Function.process_params (/root/icq_full/backend/node_modules/express/lib/router/index.js:346:12)
    at next (/root/icq_full/backend/node_modules/express/lib/router/index.js:280:10)
    at Function.handle (/root/icq_full/backend/node_modules/express/lib/router/index.js:175:3)
    at router (/root/icq_full/backend/node_modules/express/lib/router/index.js:47:12)
2026-06-24 16:58:01 [ERROR]: Error: Validation failed: username: String must contain at least 3 character(s), password: Password must be at least 6 characters
    at /root/icq_full/backend/src/utils/validators.ts:47:13
    at Layer.handle [as handle_request] (/root/icq_full/backend/node_modules/express/lib/router/layer.js:95:5)
    at next (/root/icq_full/backend/node_modules/express/lib/router/route.js:149:13)
    at Route.dispatch (/root/icq_full/backend/node_modules/express/lib/router/route.js:119:3)
    at Layer.handle [as handle_request] (/root/icq_full/backend/node_modules/express/lib/router/layer.js:95:5)
    at /root/icq_full/backend/node_modules/express/lib/router/index.js:284:15
    at Function.process_params (/root/icq_full/backend/node_modules/express/lib/router/index.js:346:12)
    at next (/root/icq_full/backend/node_modules/express/lib/router/index.js:280:10)
    at Function.handle (/root/icq_full/backend/node_modules/express/lib/router/index.js:175:3)
    at router (/root/icq_full/backend/node_modules/express/lib/router/index.js:47:12)
2026-06-24 17:06:20 [ERROR]: Error: Validation failed: username: String must contain at least 3 character(s), password: Password must be at least 6 characters
    at /root/icq_full/backend/src/utils/validators.ts:47:13
    at Layer.handle [as handle_request] (/root/icq_full/backend/node_modules/express/lib/router/layer.js:95:5)
    at next (/root/icq_full/backend/node_modules/express/lib/router/route.js:149:13)
    at Route.dispatch (/root/icq_full/backend/node_modules/express/lib/router/route.js:119:3)
    at Layer.handle [as handle_request] (/root/icq_full/backend/node_modules/express/lib/router/layer.js:95:5)
    at /root/icq_full/backend/node_modules/express/lib/router/index.js:284:15
    at Function.process_params (/root/icq_full/backend/node_modules/express/lib/router/index.js:346:12)
    at next (/root/icq_full/backend/node_modules/express/lib/router/index.js:280:10)
    at Function.handle (/root/icq_full/backend/node_modules/express/lib/router/index.js:175:3)
    at router (/root/icq_full/backend/node_modules/express/lib/router/index.js:47:12)
2026-06-24 17:07:21 [ERROR]: Error: Validation failed: username: String must contain at least 3 character(s), password: Password must be at least 6 characters
    at /root/icq_full/backend/src/utils/validators.ts:47:13
    at Layer.handle [as handle_request] (/root/icq_full/backend/node_modules/express/lib/router/layer.js:95:5)
    at next (/root/icq_full/backend/node_modules/express/lib/router/route.js:149:13)
    at Route.dispatch (/root/icq_full/backend/node_modules/express/lib/router/route.js:119:3)
    at Layer.handle [as handle_request] (/root/icq_full/backend/node_modules/express/lib/router/layer.js:95:5)
    at /root/icq_full/backend/node_modules/express/lib/router/index.js:284:15
    at Function.process_params (/root/icq_full/backend/node_modules/express/lib/router/index.js:346:12)
    at next (/root/icq_full/backend/node_modules/express/lib/router/index.js:280:10)
    at Function.handle (/root/icq_full/backend/node_modules/express/lib/router/index.js:175:3)
    at router (/root/icq_full/backend/node_modules/express/lib/router/index.js:47:12)
2026-06-24 17:07:23 [ERROR]: Error: Validation failed: username: String must contain at least 3 character(s), password: Password must be at least 6 characters
    at /root/icq_full/backend/src/utils/validators.ts:47:13
    at Layer.handle [as handle_request] (/root/icq_full/backend/node_modules/express/lib/router/layer.js:95:5)
    at next (/root/icq_full/backend/node_modules/express/lib/router/route.js:149:13)
    at Route.dispatch (/root/icq_full/backend/node_modules/express/lib/router/route.js:119:3)
    at Layer.handle [as handle_request] (/root/icq_full/backend/node_modules/express/lib/router/layer.js:95:5)
    at /root/icq_full/backend/node_modules/express/lib/router/index.js:284:15
    at Function.process_params (/root/icq_full/backend/node_modules/express/lib/router/index.js:346:12)
    at next (/root/icq_full/backend/node_modules/express/lib/router/index.js:280:10)
    at Function.handle (/root/icq_full/backend/node_modules/express/lib/router/index.js:175:3)
    at router (/root/icq_full/backend/node_modules/express/lib/router/index.js:47:12)
2026-06-24 17:07:25 [ERROR]: Error: Validation failed: username: String must contain at least 3 character(s), password: Password must be at least 6 characters
    at /root/icq_full/backend/src/utils/validators.ts:47:13
    at Layer.handle [as handle_request] (/root/icq_full/backend/node_modules/express/lib/router/layer.js:95:5)
    at next (/root/icq_full/backend/node_modules/express/lib/router/route.js:149:13)
    at Route.dispatch (/root/icq_full/backend/node_modules/express/lib/router/route.js:119:3)
    at Layer.handle [as handle_request] (/root/icq_full/backend/node_modules/express/lib/router/layer.js:95:5)
    at /root/icq_full/backend/node_modules/express/lib/router/index.js:284:15
    at Function.process_params (/root/icq_full/backend/node_modules/express/lib/router/index.js:346:12)
    at next (/root/icq_full/backend/node_modules/express/lib/router/index.js:280:10)
    at Function.handle (/root/icq_full/backend/node_modules/express/lib/router/index.js:175:3)
    at router (/root/icq_full/backend/node_modules/express/lib/router/index.js:47:12)
2026-06-25 07:26:23 [ERROR]: Error: Validation failed: password: Password must be at least 6 characters
    at /root/icq_full/backend/src/utils/validators.ts:47:13
    at Layer.handle [as handle_request] (/root/icq_full/backend/node_modules/express/lib/router/layer.js:95:5)
    at next (/root/icq_full/backend/node_modules/express/lib/router/route.js:149:13)
    at Route.dispatch (/root/icq_full/backend/node_modules/express/lib/router/route.js:119:3)
    at Layer.handle [as handle_request] (/root/icq_full/backend/node_modules/express/lib/router/layer.js:95:5)
    at /root/icq_full/backend/node_modules/express/lib/router/index.js:284:15
    at Function.process_params (/root/icq_full/backend/node_modules/express/lib/router/index.js:346:12)
    at next (/root/icq_full/backend/node_modules/express/lib/router/index.js:280:10)
    at Function.handle (/root/icq_full/backend/node_modules/express/lib/router/index.js:175:3)
    at router (/root/icq_full/backend/node_modules/express/lib/router/index.js:47:12)
2026-08-17 14:56:04 [ERROR]: Error: Validation failed: body: Required
    at /root/icq_full/backend/src/utils/validators.ts:47:13
    at Layer.handle [as handle_request] (/root/icq_full/backend/node_modules/express/lib/router/layer.js:95:5)
    at next (/root/icq_full/backend/node_modules/express/lib/router/route.js:149:13)
    at Route.dispatch (/root/icq_full/backend/node_modules/express/lib/router/route.js:119:3)
    at Layer.handle [as handle_request] (/root/icq_full/backend/node_modules/express/lib/router/layer.js:95:5)
    at /root/icq_full/backend/node_modules/express/lib/router/index.js:284:15
    at Function.process_params (/root/icq_full/backend/node_modules/express/lib/router/index.js:346:12)
    at next (/root/icq_full/backend/node_modules/express/lib/router/index.js:280:10)
    at Function.handle (/root/icq_full/backend/node_modules/express/lib/router/index.js:175:3)
    at router (/root/icq_full/backend/node_modules/express/lib/router/index.js:47:12)
2026-08-17 14:56:06 [ERROR]: Error: Validation failed: body: Required
    at /root/icq_full/backend/src/utils/validators.ts:47:13
    at Layer.handle [as handle_request] (/root/icq_full/backend/node_modules/express/lib/router/layer.js:95:5)
    at next (/root/icq_full/backend/node_modules/express/lib/router/route.js:149:13)
    at Route.dispatch (/root/icq_full/backend/node_modules/express/lib/router/route.js:119:3)
    at Layer.handle [as handle_request] (/root/icq_full/backend/node_modules/express/lib/router/layer.js:95:5)
    at /root/icq_full/backend/node_modules/express/lib/router/index.js:284:15
    at Function.process_params (/root/icq_full/backend/node_modules/express/lib/router/index.js:346:12)
    at next (/root/icq_full/backend/node_modules/express/lib/router/index.js:280:10)
    at Function.handle (/root/icq_full/backend/node_modules/express/lib/router/index.js:175:3)
    at router (/root/icq_full/backend/node_modules/express/lib/router/index.js:47:12)
2026-08-17 14:56:06 [ERROR]: Error: Validation failed: body: Required
    at /root/icq_full/backend/src/utils/validators.ts:47:13
    at Layer.handle [as handle_request] (/root/icq_full/backend/node_modules/express/lib/router/layer.js:95:5)
    at next (/root/icq_full/backend/node_modules/express/lib/router/route.js:149:13)
    at Route.dispatch (/root/icq_full/backend/node_modules/express/lib/router/route.js:119:3)
    at Layer.handle [as handle_request] (/root/icq_full/backend/node_modules/express/lib/router/layer.js:95:5)
    at /root/icq_full/backend/node_modules/express/lib/router/index.js:284:15
    at Function.process_params (/root/icq_full/backend/node_modules/express/lib/router/index.js:346:12)
    at next (/root/icq_full/backend/node_modules/express/lib/router/index.js:280:10)
    at Function.handle (/root/icq_full/backend/node_modules/express/lib/router/index.js:175:3)
    at router (/root/icq_full/backend/node_modules/express/lib/router/index.js:47:12)
2026-08-17 14:56:07 [ERROR]: Error: Validation failed: body: Required
    at /root/icq_full/backend/src/utils/validators.ts:47:13
    at Layer.handle [as handle_request] (/root/icq_full/backend/node_modules/express/lib/router/layer.js:95:5)
    at next (/root/icq_full/backend/node_modules/express/lib/router/route.js:149:13)
    at Route.dispatch (/root/icq_full/backend/node_modules/express/lib/router/route.js:119:3)
    at Layer.handle [as handle_request] (/root/icq_full/backend/node_modules/express/lib/router/layer.js:95:5)
    at /root/icq_full/backend/node_modules/express/lib/router/index.js:284:15
    at Function.process_params (/root/icq_full/backend/node_modules/express/lib/router/index.js:346:12)
    at next (/root/icq_full/backend/node_modules/express/lib/router/index.js:280:10)
    at Function.handle (/root/icq_full/backend/node_modules/express/lib/router/index.js:175:3)
    at router (/root/icq_full/backend/node_modules/express/lib/router/index.js:47:12)
2026-08-17 14:56:07 [ERROR]: Error: Validation failed: body: Required
    at /root/icq_full/backend/src/utils/validators.ts:47:13
    at Layer.handle [as handle_request] (/root/icq_full/backend/node_modules/express/lib/router/layer.js:95:5)
    at next (/root/icq_full/backend/node_modules/express/lib/router/route.js:149:13)
    at Route.dispatch (/root/icq_full/backend/node_modules/express/lib/router/route.js:119:3)
    at Layer.handle [as handle_request] (/root/icq_full/backend/node_modules/express/lib/router/layer.js:95:5)
    at /root/icq_full/backend/node_modules/express/lib/router/index.js:284:15
    at Function.process_params (/root/icq_full/backend/node_modules/express/lib/router/index.js:346:12)
    at next (/root/icq_full/backend/node_modules/express/lib/router/index.js:280:10)
    at Function.handle (/root/icq_full/backend/node_modules/express/lib/router/index.js:175:3)
    at router (/root/icq_full/backend/node_modules/express/lib/router/index.js:47:12)
2026-08-17 14:56:07 [ERROR]: Error: Validation failed: body: Required
    at /root/icq_full/backend/src/utils/validators.ts:47:13
    at Layer.handle [as handle_request] (/root/icq_full/backend/node_modules/express/lib/router/layer.js:95:5)
    at next (/root/icq_full/backend/node_modules/express/lib/router/route.js:149:13)
    at Route.dispatch (/root/icq_full/backend/node_modules/express/lib/router/route.js:119:3)
    at Layer.handle [as handle_request] (/root/icq_full/backend/node_modules/express/lib/router/layer.js:95:5)
    at /root/icq_full/backend/node_modules/express/lib/router/index.js:284:15
    at Function.process_params (/root/icq_full/backend/node_modules/express/lib/router/index.js:346:12)
    at next (/root/icq_full/backend/node_modules/express/lib/router/index.js:280:10)
    at Function.handle (/root/icq_full/backend/node_modules/express/lib/router/index.js:175:3)
    at router (/root/icq_full/backend/node_modules/express/lib/router/index.js:47:12)
2026-08-17 14:56:07 [ERROR]: Error: Validation failed: body: Required
    at /root/icq_full/backend/src/utils/validators.ts:47:13
    at Layer.handle [as handle_request] (/root/icq_full/backend/node_modules/express/lib/router/layer.js:95:5)
    at next (/root/icq_full/backend/node_modules/express/lib/router/route.js:149:13)
    at Route.dispatch (/root/icq_full/backend/node_modules/express/lib/router/route.js:119:3)
    at Layer.handle [as handle_request] (/root/icq_full/backend/node_modules/express/lib/router/layer.js:95:5)
    at /root/icq_full/backend/node_modules/express/lib/router/index.js:284:15
    at Function.process_params (/root/icq_full/backend/node_modules/express/lib/router/index.js:346:12)
    at next (/root/icq_full/backend/node_modules/express/lib/router/index.js:280:10)
    at Function.handle (/root/icq_full/backend/node_modules/express/lib/router/index.js:175:3)
    at router (/root/icq_full/backend/node_modules/express/lib/router/index.js:47:12)
2026-08-17 14:56:07 [ERROR]: Error: Validation failed: body: Required
    at /root/icq_full/backend/src/utils/validators.ts:47:13
    at Layer.handle [as handle_request] (/root/icq_full/backend/node_modules/express/lib/router/layer.js:95:5)
    at next (/root/icq_full/backend/node_modules/express/lib/router/route.js:149:13)
    at Route.dispatch (/root/icq_full/backend/node_modules/express/lib/router/route.js:119:3)
    at Layer.handle [as handle_request] (/root/icq_full/backend/node_modules/express/lib/router/layer.js:95:5)
    at /root/icq_full/backend/node_modules/express/lib/router/index.js:284:15
    at Function.process_params (/root/icq_full/backend/node_modules/express/lib/router/index.js:346:12)
    at next (/root/icq_full/backend/node_modules/express/lib/router/index.js:280:10)
    at Function.handle (/root/icq_full/backend/node_modules/express/lib/router/index.js:175:3)
    at router (/root/icq_full/backend/node_modules/express/lib/router/index.js:47:12)
2026-08-17 14:56:07 [ERROR]: Error: Validation failed: body: Required
    at /root/icq_full/backend/src/utils/validators.ts:47:13
    at Layer.handle [as handle_request] (/root/icq_full/backend/node_modules/express/lib/router/layer.js:95:5)
    at next (/root/icq_full/backend/node_modules/express/lib/router/route.js:149:13)
    at Route.dispatch (/root/icq_full/backend/node_modules/express/lib/router/route.js:119:3)
    at Layer.handle [as handle_request] (/root/icq_full/backend/node_modules/express/lib/router/layer.js:95:5)
    at /root/icq_full/backend/node_modules/express/lib/router/index.js:284:15
    at Function.process_params (/root/icq_full/backend/node_modules/express/lib/router/index.js:346:12)
    at next (/root/icq_full/backend/node_modules/express/lib/router/index.js:280:10)
    at Function.handle (/root/icq_full/backend/node_modules/express/lib/router/index.js:175:3)
    at router (/root/icq_full/backend/node_modules/express/lib/router/index.js:47:12)
2026-08-17 14:56:16 [ERROR]: Error: Validation failed: body: Required
    at /root/icq_full/backend/src/utils/validators.ts:47:13
    at Layer.handle [as handle_request] (/root/icq_full/backend/node_modules/express/lib/router/layer.js:95:5)
    at next (/root/icq_full/backend/node_modules/express/lib/router/route.js:149:13)
    at Route.dispatch (/root/icq_full/backend/node_modules/express/lib/router/route.js:119:3)
    at Layer.handle [as handle_request] (/root/icq_full/backend/node_modules/express/lib/router/layer.js:95:5)
    at /root/icq_full/backend/node_modules/express/lib/router/index.js:284:15
    at Function.process_params (/root/icq_full/backend/node_modules/express/lib/router/index.js:346:12)
    at next (/root/icq_full/backend/node_modules/express/lib/router/index.js:280:10)
    at Function.handle (/root/icq_full/backend/node_modules/express/lib/router/index.js:175:3)
    at router (/root/icq_full/backend/node_modules/express/lib/router/index.js:47:12)
2026-08-17 14:56:16 [ERROR]: Error: Validation failed: body: Required
    at /root/icq_full/backend/src/utils/validators.ts:47:13
    at Layer.handle [as handle_request] (/root/icq_full/backend/node_modules/express/lib/router/layer.js:95:5)
    at next (/root/icq_full/backend/node_modules/express/lib/router/route.js:149:13)
    at Route.dispatch (/root/icq_full/backend/node_modules/express/lib/router/route.js:119:3)
    at Layer.handle [as handle_request] (/root/icq_full/backend/node_modules/express/lib/router/layer.js:95:5)
    at /root/icq_full/backend/node_modules/express/lib/router/index.js:284:15
    at Function.process_params (/root/icq_full/backend/node_modules/express/lib/router/index.js:346:12)
    at next (/root/icq_full/backend/node_modules/express/lib/router/index.js:280:10)
    at Function.handle (/root/icq_full/backend/node_modules/express/lib/router/index.js:175:3)
    at router (/root/icq_full/backend/node_modules/express/lib/router/index.js:47:12)
2026-08-17 14:56:16 [ERROR]: Error: Validation failed: body: Required
    at /root/icq_full/backend/src/utils/validators.ts:47:13
    at Layer.handle [as handle_request] (/root/icq_full/backend/node_modules/express/lib/router/layer.js:95:5)
    at next (/root/icq_full/backend/node_modules/express/lib/router/route.js:149:13)
    at Route.dispatch (/root/icq_full/backend/node_modules/express/lib/router/route.js:119:3)
    at Layer.handle [as handle_request] (/root/icq_full/backend/node_modules/express/lib/router/layer.js:95:5)
    at /root/icq_full/backend/node_modules/express/lib/router/index.js:284:15
    at Function.process_params (/root/icq_full/backend/node_modules/express/lib/router/index.js:346:12)
    at next (/root/icq_full/backend/node_modules/express/lib/router/index.js:280:10)
    at Function.handle (/root/icq_full/backend/node_modules/express/lib/router/index.js:175:3)
    at router (/root/icq_full/backend/node_modules/express/lib/router/index.js:47:12)
2026-08-17 14:56:16 [ERROR]: Error: Validation failed: body: Required
    at /root/icq_full/backend/src/utils/validators.ts:47:13
    at Layer.handle [as handle_request] (/root/icq_full/backend/node_modules/express/lib/router/layer.js:95:5)
    at next (/root/icq_full/backend/node_modules/express/lib/router/route.js:149:13)
    at Route.dispatch (/root/icq_full/backend/node_modules/express/lib/router/route.js:119:3)
    at Layer.handle [as handle_request] (/root/icq_full/backend/node_modules/express/lib/router/layer.js:95:5)
    at /root/icq_full/backend/node_modules/express/lib/router/index.js:284:15
    at Function.process_params (/root/icq_full/backend/node_modules/express/lib/router/index.js:346:12)
    at next (/root/icq_full/backend/node_modules/express/lib/router/index.js:280:10)
    at Function.handle (/root/icq_full/backend/node_modules/express/lib/router/index.js:175:3)
    at router (/root/icq_full/backend/node_modules/express/lib/router/index.js:47:12)
2026-08-17 14:56:16 [ERROR]: Error: Validation failed: body: Required
    at /root/icq_full/backend/src/utils/validators.ts:47:13
    at Layer.handle [as handle_request] (/root/icq_full/backend/node_modules/express/lib/router/layer.js:95:5)
    at next (/root/icq_full/backend/node_modules/express/lib/router/route.js:149:13)
    at Route.dispatch (/root/icq_full/backend/node_modules/express/lib/router/route.js:119:3)
    at Layer.handle [as handle_request] (/root/icq_full/backend/node_modules/express/lib/router/layer.js:95:5)
    at /root/icq_full/backend/node_modules/express/lib/router/index.js:284:15
    at Function.process_params (/root/icq_full/backend/node_modules/express/lib/router/index.js:346:12)
    at next (/root/icq_full/backend/node_modules/express/lib/router/index.js:280:10)
    at Function.handle (/root/icq_full/backend/node_modules/express/lib/router/index.js:175:3)
    at router (/root/icq_full/backend/node_modules/express/lib/router/index.js:47:12)
2026-08-17 14:56:16 [ERROR]: Error: Validation failed: body: Required
    at /root/icq_full/backend/src/utils/validators.ts:47:13
    at Layer.handle [as handle_request] (/root/icq_full/backend/node_modules/express/lib/router/layer.js:95:5)
    at next (/root/icq_full/backend/node_modules/express/lib/router/route.js:149:13)
    at Route.dispatch (/root/icq_full/backend/node_modules/express/lib/router/route.js:119:3)
    at Layer.handle [as handle_request] (/root/icq_full/backend/node_modules/express/lib/router/layer.js:95:5)
    at /root/icq_full/backend/node_modules/express/lib/router/index.js:284:15
    at Function.process_params (/root/icq_full/backend/node_modules/express/lib/router/index.js:346:12)
    at next (/root/icq_full/backend/node_modules/express/lib/router/index.js:280:10)
    at Function.handle (/root/icq_full/backend/node_modules/express/lib/router/index.js:175:3)
    at router (/root/icq_full/backend/node_modules/express/lib/router/index.js:47:12)
2026-08-17 14:56:17 [ERROR]: Error: Validation failed: body: Required
    at /root/icq_full/backend/src/utils/validators.ts:47:13
    at Layer.handle [as handle_request] (/root/icq_full/backend/node_modules/express/lib/router/layer.js:95:5)
    at next (/root/icq_full/backend/node_modules/express/lib/router/route.js:149:13)
    at Route.dispatch (/root/icq_full/backend/node_modules/express/lib/router/route.js:119:3)
    at Layer.handle [as handle_request] (/root/icq_full/backend/node_modules/express/lib/router/layer.js:95:5)
    at /root/icq_full/backend/node_modules/express/lib/router/index.js:284:15
    at Function.process_params (/root/icq_full/backend/node_modules/express/lib/router/index.js:346:12)
    at next (/root/icq_full/backend/node_modules/express/lib/router/index.js:280:10)
    at Function.handle (/root/icq_full/backend/node_modules/express/lib/router/index.js:175:3)
    at router (/root/icq_full/backend/node_modules/express/lib/router/index.js:47:12)
2026-08-17 14:56:17 [ERROR]: Error: Validation failed: body: Required
    at /root/icq_full/backend/src/utils/validators.ts:47:13
    at Layer.handle [as handle_request] (/root/icq_full/backend/node_modules/express/lib/router/layer.js:95:5)
    at next (/root/icq_full/backend/node_modules/express/lib/router/route.js:149:13)
    at Route.dispatch (/root/icq_full/backend/node_modules/express/lib/router/route.js:119:3)
    at Layer.handle [as handle_request] (/root/icq_full/backend/node_modules/express/lib/router/layer.js:95:5)
    at /root/icq_full/backend/node_modules/express/lib/router/index.js:284:15
    at Function.process_params (/root/icq_full/backend/node_modules/express/lib/router/index.js:346:12)
    at next (/root/icq_full/backend/node_modules/express/lib/router/index.js:280:10)
    at Function.handle (/root/icq_full/backend/node_modules/express/lib/router/index.js:175:3)
    at router (/root/icq_full/backend/node_modules/express/lib/router/index.js:47:12)
2026-08-17 14:56:17 [ERROR]: Error: Validation failed: body: Required
    at /root/icq_full/backend/src/utils/validators.ts:47:13
    at Layer.handle [as handle_request] (/root/icq_full/backend/node_modules/express/lib/router/layer.js:95:5)
    at next (/root/icq_full/backend/node_modules/express/lib/router/route.js:149:13)
    at Route.dispatch (/root/icq_full/backend/node_modules/express/lib/router/route.js:119:3)
    at Layer.handle [as handle_request] (/root/icq_full/backend/node_modules/express/lib/router/layer.js:95:5)
    at /root/icq_full/backend/node_modules/express/lib/router/index.js:284:15
    at Function.process_params (/root/icq_full/backend/node_modules/express/lib/router/index.js:346:12)
    at next (/root/icq_full/backend/node_modules/express/lib/router/index.js:280:10)
    at Function.handle (/root/icq_full/backend/node_modules/express/lib/router/index.js:175:3)
    at router (/root/icq_full/backend/node_modules/express/lib/router/index.js:47:12)
2026-08-17 14:56:17 [ERROR]: Error: Validation failed: body: Required
    at /root/icq_full/backend/src/utils/validators.ts:47:13
    at Layer.handle [as handle_request] (/root/icq_full/backend/node_modules/express/lib/router/layer.js:95:5)
    at next (/root/icq_full/backend/node_modules/express/lib/router/route.js:149:13)
    at Route.dispatch (/root/icq_full/backend/node_modules/express/lib/router/route.js:119:3)
    at Layer.handle [as handle_request] (/root/icq_full/backend/node_modules/express/lib/router/layer.js:95:5)
    at /root/icq_full/backend/node_modules/express/lib/router/index.js:284:15
    at Function.process_params (/root/icq_full/backend/node_modules/express/lib/router/index.js:346:12)
    at next (/root/icq_full/backend/node_modules/express/lib/router/index.js:280:10)
    at Function.handle (/root/icq_full/backend/node_modules/express/lib/router/index.js:175:3)
    at router (/root/icq_full/backend/node_modules/express/lib/router/index.js:47:12)
2026-08-17 14:56:44 [ERROR]: Error: Validation failed: body: Required
    at /root/icq_full/backend/src/utils/validators.ts:47:13
    at Layer.handle [as handle_request] (/root/icq_full/backend/node_modules/express/lib/router/layer.js:95:5)
    at next (/root/icq_full/backend/node_modules/express/lib/router/route.js:149:13)
    at Route.dispatch (/root/icq_full/backend/node_modules/express/lib/router/route.js:119:3)
    at Layer.handle [as handle_request] (/root/icq_full/backend/node_modules/express/lib/router/layer.js:95:5)
    at /root/icq_full/backend/node_modules/express/lib/router/index.js:284:15
    at Function.process_params (/root/icq_full/backend/node_modules/express/lib/router/index.js:346:12)
    at next (/root/icq_full/backend/node_modules/express/lib/router/index.js:280:10)
    at Function.handle (/root/icq_full/backend/node_modules/express/lib/router/index.js:175:3)
    at router (/root/icq_full/backend/node_modules/express/lib/router/index.js:47:12)
2026-08-17 14:56:44 [ERROR]: Error: Validation failed: body: Required
    at /root/icq_full/backend/src/utils/validators.ts:47:13
    at Layer.handle [as handle_request] (/root/icq_full/backend/node_modules/express/lib/router/layer.js:95:5)
    at next (/root/icq_full/backend/node_modules/express/lib/router/route.js:149:13)
    at Route.dispatch (/root/icq_full/backend/node_modules/express/lib/router/route.js:119:3)
    at Layer.handle [as handle_request] (/root/icq_full/backend/node_modules/express/lib/router/layer.js:95:5)
    at /root/icq_full/backend/node_modules/express/lib/router/index.js:284:15
    at Function.process_params (/root/icq_full/backend/node_modules/express/lib/router/index.js:346:12)
    at next (/root/icq_full/backend/node_modules/express/lib/router/index.js:280:10)
    at Function.handle (/root/icq_full/backend/node_modules/express/lib/router/index.js:175:3)
    at router (/root/icq_full/backend/node_modules/express/lib/router/index.js:47:12)
2026-08-17 14:56:44 [ERROR]: Error: Validation failed: body: Required
    at /root/icq_full/backend/src/utils/validators.ts:47:13
    at Layer.handle [as handle_request] (/root/icq_full/backend/node_modules/express/lib/router/layer.js:95:5)
    at next (/root/icq_full/backend/node_modules/express/lib/router/route.js:149:13)
    at Route.dispatch (/root/icq_full/backend/node_modules/express/lib/router/route.js:119:3)
    at Layer.handle [as handle_request] (/root/icq_full/backend/node_modules/express/lib/router/layer.js:95:5)
    at /root/icq_full/backend/node_modules/express/lib/router/index.js:284:15
    at Function.process_params (/root/icq_full/backend/node_modules/express/lib/router/index.js:346:12)
    at next (/root/icq_full/backend/node_modules/express/lib/router/index.js:280:10)
    at Function.handle (/root/icq_full/backend/node_modules/express/lib/router/index.js:175:3)
    at router (/root/icq_full/backend/node_modules/express/lib/router/index.js:47:12)
2026-08-17 14:56:44 [ERROR]: Error: Validation failed: body: Required
    at /root/icq_full/backend/src/utils/validators.ts:47:13
    at Layer.handle [as handle_request] (/root/icq_full/backend/node_modules/express/lib/router/layer.js:95:5)
    at next (/root/icq_full/backend/node_modules/express/lib/router/route.js:149:13)
    at Route.dispatch (/root/icq_full/backend/node_modules/express/lib/router/route.js:119:3)
    at Layer.handle [as handle_request] (/root/icq_full/backend/node_modules/express/lib/router/layer.js:95:5)
    at /root/icq_full/backend/node_modules/express/lib/router/index.js:284:15
    at Function.process_params (/root/icq_full/backend/node_modules/express/lib/router/index.js:346:12)
    at next (/root/icq_full/backend/node_modules/express/lib/router/index.js:280:10)
    at Function.handle (/root/icq_full/backend/node_modules/express/lib/router/index.js:175:3)
    at router (/root/icq_full/backend/node_modules/express/lib/router/index.js:47:12)
2026-08-17 14:56:45 [ERROR]: Error: Validation failed: body: Required
    at /root/icq_full/backend/src/utils/validators.ts:47:13
    at Layer.handle [as handle_request] (/root/icq_full/backend/node_modules/express/lib/router/layer.js:95:5)
    at next (/root/icq_full/backend/node_modules/express/lib/router/route.js:149:13)
    at Route.dispatch (/root/icq_full/backend/node_modules/express/lib/router/route.js:119:3)
    at Layer.handle [as handle_request] (/root/icq_full/backend/node_modules/express/lib/router/layer.js:95:5)
    at /root/icq_full/backend/node_modules/express/lib/router/index.js:284:15
    at Function.process_params (/root/icq_full/backend/node_modules/express/lib/router/index.js:346:12)
    at next (/root/icq_full/backend/node_modules/express/lib/router/index.js:280:10)
    at Function.handle (/root/icq_full/backend/node_modules/express/lib/router/index.js:175:3)
    at router (/root/icq_full/backend/node_modules/express/lib/router/index.js:47:12)
2026-08-17 14:57:04 [ERROR]: Error: User with this email already exists
    at /root/icq_full/backend/src/routes/auth.ts:38:13
    at processTicksAndRejections (node:internal/process/task_queues:95:5)
2026-08-17 14:57:26 [ERROR]: Error: Validation failed: body: Required
    at /root/icq_full/backend/src/utils/validators.ts:47:13
    at Layer.handle [as handle_request] (/root/icq_full/backend/node_modules/express/lib/router/layer.js:95:5)
    at next (/root/icq_full/backend/node_modules/express/lib/router/route.js:149:13)
    at Route.dispatch (/root/icq_full/backend/node_modules/express/lib/router/route.js:119:3)
    at Layer.handle [as handle_request] (/root/icq_full/backend/node_modules/express/lib/router/layer.js:95:5)
    at /root/icq_full/backend/node_modules/express/lib/router/index.js:284:15
    at Function.process_params (/root/icq_full/backend/node_modules/express/lib/router/index.js:346:12)
    at next (/root/icq_full/backend/node_modules/express/lib/router/index.js:280:10)
    at Function.handle (/root/icq_full/backend/node_modules/express/lib/router/index.js:175:3)
    at router (/root/icq_full/backend/node_modules/express/lib/router/index.js:47:12)
2026-08-17 14:57:26 [ERROR]: Error: Validation failed: body: Required
    at /root/icq_full/backend/src/utils/validators.ts:47:13
    at Layer.handle [as handle_request] (/root/icq_full/backend/node_modules/express/lib/router/layer.js:95:5)
    at next (/root/icq_full/backend/node_modules/express/lib/router/route.js:149:13)
    at Route.dispatch (/root/icq_full/backend/node_modules/express/lib/router/route.js:119:3)
    at Layer.handle [as handle_request] (/root/icq_full/backend/node_modules/express/lib/router/layer.js:95:5)
    at /root/icq_full/backend/node_modules/express/lib/router/index.js:284:15
    at Function.process_params (/root/icq_full/backend/node_modules/express/lib/router/index.js:346:12)
    at next (/root/icq_full/backend/node_modules/express/lib/router/index.js:280:10)
    at Function.handle (/root/icq_full/backend/node_modules/express/lib/router/index.js:175:3)
    at router (/root/icq_full/backend/node_modules/express/lib/router/index.js:47:12)
2026-08-17 14:57:26 [ERROR]: Error: Validation failed: body: Required
    at /root/icq_full/backend/src/utils/validators.ts:47:13
    at Layer.handle [as handle_request] (/root/icq_full/backend/node_modules/express/lib/router/layer.js:95:5)
    at next (/root/icq_full/backend/node_modules/express/lib/router/route.js:149:13)
    at Route.dispatch (/root/icq_full/backend/node_modules/express/lib/router/route.js:119:3)
    at Layer.handle [as handle_request] (/root/icq_full/backend/node_modules/express/lib/router/layer.js:95:5)
    at /root/icq_full/backend/node_modules/express/lib/router/index.js:284:15
    at Function.process_params (/root/icq_full/backend/node_modules/express/lib/router/index.js:346:12)
    at next (/root/icq_full/backend/node_modules/express/lib/router/index.js:280:10)
    at Function.handle (/root/icq_full/backend/node_modules/express/lib/router/index.js:175:3)
    at router (/root/icq_full/backend/node_modules/express/lib/router/index.js:47:12)
2026-08-17 14:57:27 [ERROR]: Error: Validation failed: body: Required
    at /root/icq_full/backend/src/utils/validators.ts:47:13
    at Layer.handle [as handle_request] (/root/icq_full/backend/node_modules/express/lib/router/layer.js:95:5)
    at next (/root/icq_full/backend/node_modules/express/lib/router/route.js:149:13)
    at Route.dispatch (/root/icq_full/backend/node_modules/express/lib/router/route.js:119:3)
    at Layer.handle [as handle_request] (/root/icq_full/backend/node_modules/express/lib/router/layer.js:95:5)
    at /root/icq_full/backend/node_modules/express/lib/router/index.js:284:15
    at Function.process_params (/root/icq_full/backend/node_modules/express/lib/router/index.js:346:12)
    at next (/root/icq_full/backend/node_modules/express/lib/router/index.js:280:10)
    at Function.handle (/root/icq_full/backend/node_modules/express/lib/router/index.js:175:3)
    at router (/root/icq_full/backend/node_modules/express/lib/router/index.js:47:12)
2026-08-17 14:57:27 [ERROR]: Error: Validation failed: body: Required
    at /root/icq_full/backend/src/utils/validators.ts:47:13
    at Layer.handle [as handle_request] (/root/icq_full/backend/node_modules/express/lib/router/layer.js:95:5)
    at next (/root/icq_full/backend/node_modules/express/lib/router/route.js:149:13)
    at Route.dispatch (/root/icq_full/backend/node_modules/express/lib/router/route.js:119:3)
    at Layer.handle [as handle_request] (/root/icq_full/backend/node_modules/express/lib/router/layer.js:95:5)
    at /root/icq_full/backend/node_modules/express/lib/router/index.js:284:15
    at Function.process_params (/root/icq_full/backend/node_modules/express/lib/router/index.js:346:12)
    at next (/root/icq_full/backend/node_modules/express/lib/router/index.js:280:10)
    at Function.handle (/root/icq_full/backend/node_modules/express/lib/router/index.js:175:3)
    at router (/root/icq_full/backend/node_modules/express/lib/router/index.js:47:12)
2026-08-17 14:57:27 [ERROR]: Error: Validation failed: body: Required
    at /root/icq_full/backend/src/utils/validators.ts:47:13
    at Layer.handle [as handle_request] (/root/icq_full/backend/node_modules/express/lib/router/layer.js:95:5)
    at next (/root/icq_full/backend/node_modules/express/lib/router/route.js:149:13)
    at Route.dispatch (/root/icq_full/backend/node_modules/express/lib/router/route.js:119:3)
    at Layer.handle [as handle_request] (/root/icq_full/backend/node_modules/express/lib/router/layer.js:95:5)
    at /root/icq_full/backend/node_modules/express/lib/router/index.js:284:15
    at Function.process_params (/root/icq_full/backend/node_modules/express/lib/router/index.js:346:12)
    at next (/root/icq_full/backend/node_modules/express/lib/router/index.js:280:10)
    at Function.handle (/root/icq_full/backend/node_modules/express/lib/router/index.js:175:3)
    at router (/root/icq_full/backend/node_modules/express/lib/router/index.js:47:12)
2026-08-17 14:57:27 [ERROR]: Error: Validation failed: body: Required
    at /root/icq_full/backend/src/utils/validators.ts:47:13
    at Layer.handle [as handle_request] (/root/icq_full/backend/node_modules/express/lib/router/layer.js:95:5)
    at next (/root/icq_full/backend/node_modules/express/lib/router/route.js:149:13)
    at Route.dispatch (/root/icq_full/backend/node_modules/express/lib/router/route.js:119:3)
    at Layer.handle [as handle_request] (/root/icq_full/backend/node_modules/express/lib/router/layer.js:95:5)
    at /root/icq_full/backend/node_modules/express/lib/router/index.js:284:15
    at Function.process_params (/root/icq_full/backend/node_modules/express/lib/router/index.js:346:12)
    at next (/root/icq_full/backend/node_modules/express/lib/router/index.js:280:10)
    at Function.handle (/root/icq_full/backend/node_modules/express/lib/router/index.js:175:3)
    at router (/root/icq_full/backend/node_modules/express/lib/router/index.js:47:12)
2026-08-17 14:57:27 [ERROR]: Error: Validation failed: body: Required
    at /root/icq_full/backend/src/utils/validators.ts:47:13
    at Layer.handle [as handle_request] (/root/icq_full/backend/node_modules/express/lib/router/layer.js:95:5)
    at next (/root/icq_full/backend/node_modules/express/lib/router/route.js:149:13)
    at Route.dispatch (/root/icq_full/backend/node_modules/express/lib/router/route.js:119:3)
    at Layer.handle [as handle_request] (/root/icq_full/backend/node_modules/express/lib/router/layer.js:95:5)
    at /root/icq_full/backend/node_modules/express/lib/router/index.js:284:15
    at Function.process_params (/root/icq_full/backend/node_modules/express/lib/router/index.js:346:12)
    at next (/root/icq_full/backend/node_modules/express/lib/router/index.js:280:10)
    at Function.handle (/root/icq_full/backend/node_modules/express/lib/router/index.js:175:3)
    at router (/root/icq_full/backend/node_modules/express/lib/router/index.js:47:12)
2026-08-17 14:57:27 [ERROR]: Error: Validation failed: body: Required
    at /root/icq_full/backend/src/utils/validators.ts:47:13
    at Layer.handle [as handle_request] (/root/icq_full/backend/node_modules/express/lib/router/layer.js:95:5)
    at next (/root/icq_full/backend/node_modules/express/lib/router/route.js:149:13)
    at Route.dispatch (/root/icq_full/backend/node_modules/express/lib/router/route.js:119:3)
    at Layer.handle [as handle_request] (/root/icq_full/backend/node_modules/express/lib/router/layer.js:95:5)
    at /root/icq_full/backend/node_modules/express/lib/router/index.js:284:15
    at Function.process_params (/root/icq_full/backend/node_modules/express/lib/router/index.js:346:12)
    at next (/root/icq_full/backend/node_modules/express/lib/router/index.js:280:10)
    at Function.handle (/root/icq_full/backend/node_modules/express/lib/router/index.js:175:3)
    at router (/root/icq_full/backend/node_modules/express/lib/router/index.js:47:12)
2026-08-17 14:57:28 [ERROR]: Error: Validation failed: body: Required
    at /root/icq_full/backend/src/utils/validators.ts:47:13
    at Layer.handle [as handle_request] (/root/icq_full/backend/node_modules/express/lib/router/layer.js:95:5)
    at next (/root/icq_full/backend/node_modules/express/lib/router/route.js:149:13)
    at Route.dispatch (/root/icq_full/backend/node_modules/express/lib/router/route.js:119:3)
    at Layer.handle [as handle_request] (/root/icq_full/backend/node_modules/express/lib/router/layer.js:95:5)
    at /root/icq_full/backend/node_modules/express/lib/router/index.js:284:15
    at Function.process_params (/root/icq_full/backend/node_modules/express/lib/router/index.js:346:12)
    at next (/root/icq_full/backend/node_modules/express/lib/router/index.js:280:10)
    at Function.handle (/root/icq_full/backend/node_modules/express/lib/router/index.js:175:3)
    at router (/root/icq_full/backend/node_modules/express/lib/router/index.js:47:12)
2026-08-17 14:57:28 [ERROR]: Error: Validation failed: body: Required
    at /root/icq_full/backend/src/utils/validators.ts:47:13
    at Layer.handle [as handle_request] (/root/icq_full/backend/node_modules/express/lib/router/layer.js:95:5)
    at next (/root/icq_full/backend/node_modules/express/lib/router/route.js:149:13)
    at Route.dispatch (/root/icq_full/backend/node_modules/express/lib/router/route.js:119:3)
    at Layer.handle [as handle_request] (/root/icq_full/backend/node_modules/express/lib/router/layer.js:95:5)
    at /root/icq_full/backend/node_modules/express/lib/router/index.js:284:15
    at Function.process_params (/root/icq_full/backend/node_modules/express/lib/router/index.js:346:12)
    at next (/root/icq_full/backend/node_modules/express/lib/router/index.js:280:10)
    at Function.handle (/root/icq_full/backend/node_modules/express/lib/router/index.js:175:3)
    at router (/root/icq_full/backend/node_modules/express/lib/router/index.js:47:12)
2026-08-17 14:57:28 [ERROR]: Error: Validation failed: body: Required
    at /root/icq_full/backend/src/utils/validators.ts:47:13
    at Layer.handle [as handle_request] (/root/icq_full/backend/node_modules/express/lib/router/layer.js:95:5)
    at next (/root/icq_full/backend/node_modules/express/lib/router/route.js:149:13)
    at Route.dispatch (/root/icq_full/backend/node_modules/express/lib/router/route.js:119:3)
    at Layer.handle [as handle_request] (/root/icq_full/backend/node_modules/express/lib/router/layer.js:95:5)
    at /root/icq_full/backend/node_modules/express/lib/router/index.js:284:15
    at Function.process_params (/root/icq_full/backend/node_modules/express/lib/router/index.js:346:12)
    at next (/root/icq_full/backend/node_modules/express/lib/router/index.js:280:10)
    at Function.handle (/root/icq_full/backend/node_modules/express/lib/router/index.js:175:3)
    at router (/root/icq_full/backend/node_modules/express/lib/router/index.js:47:12)
2026-08-17 14:57:29 [ERROR]: Error: Validation failed: body: Required
    at /root/icq_full/backend/src/utils/validators.ts:47:13
    at Layer.handle [as handle_request] (/root/icq_full/backend/node_modules/express/lib/router/layer.js:95:5)
    at next (/root/icq_full/backend/node_modules/express/lib/router/route.js:149:13)
    at Route.dispatch (/root/icq_full/backend/node_modules/express/lib/router/route.js:119:3)
    at Layer.handle [as handle_request] (/root/icq_full/backend/node_modules/express/lib/router/layer.js:95:5)
    at /root/icq_full/backend/node_modules/express/lib/router/index.js:284:15
    at Function.process_params (/root/icq_full/backend/node_modules/express/lib/router/index.js:346:12)
    at next (/root/icq_full/backend/node_modules/express/lib/router/index.js:280:10)
    at Function.handle (/root/icq_full/backend/node_modules/express/lib/router/index.js:175:3)
    at router (/root/icq_full/backend/node_modules/express/lib/router/index.js:47:12)
2026-08-17 14:57:29 [ERROR]: Error: Validation failed: body: Required
    at /root/icq_full/backend/src/utils/validators.ts:47:13
    at Layer.handle [as handle_request] (/root/icq_full/backend/node_modules/express/lib/router/layer.js:95:5)
    at next (/root/icq_full/backend/node_modules/express/lib/router/route.js:149:13)
    at Route.dispatch (/root/icq_full/backend/node_modules/express/lib/router/route.js:119:3)
    at Layer.handle [as handle_request] (/root/icq_full/backend/node_modules/express/lib/router/layer.js:95:5)
    at /root/icq_full/backend/node_modules/express/lib/router/index.js:284:15
    at Function.process_params (/root/icq_full/backend/node_modules/express/lib/router/index.js:346:12)
    at next (/root/icq_full/backend/node_modules/express/lib/router/index.js:280:10)
    at Function.handle (/root/icq_full/backend/node_modules/express/lib/router/index.js:175:3)
    at router (/root/icq_full/backend/node_modules/express/lib/router/index.js:47:12)
2026-08-17 14:57:29 [ERROR]: Error: Validation failed: body: Required
    at /root/icq_full/backend/src/utils/validators.ts:47:13
    at Layer.handle [as handle_request] (/root/icq_full/backend/node_modules/express/lib/router/layer.js:95:5)
    at next (/root/icq_full/backend/node_modules/express/lib/router/route.js:149:13)
    at Route.dispatch (/root/icq_full/backend/node_modules/express/lib/router/route.js:119:3)
    at Layer.handle [as handle_request] (/root/icq_full/backend/node_modules/express/lib/router/layer.js:95:5)
    at /root/icq_full/backend/node_modules/express/lib/router/index.js:284:15
    at Function.process_params (/root/icq_full/backend/node_modules/express/lib/router/index.js:346:12)
    at next (/root/icq_full/backend/node_modules/express/lib/router/index.js:280:10)
    at Function.handle (/root/icq_full/backend/node_modules/express/lib/router/index.js:175:3)
    at router (/root/icq_full/backend/node_modules/express/lib/router/index.js:47:12)
2026-08-17 15:03:32 [ERROR]: Error: Validation failed: body: Required
    at /root/icq_full/backend/src/utils/validators.ts:47:13
    at Layer.handle [as handle_request] (/root/icq_full/backend/node_modules/express/lib/router/layer.js:95:5)
    at next (/root/icq_full/backend/node_modules/express/lib/router/route.js:149:13)
    at Route.dispatch (/root/icq_full/backend/node_modules/express/lib/router/route.js:119:3)
    at Layer.handle [as handle_request] (/root/icq_full/backend/node_modules/express/lib/router/layer.js:95:5)
    at /root/icq_full/backend/node_modules/express/lib/router/index.js:284:15
    at Function.process_params (/root/icq_full/backend/node_modules/express/lib/router/index.js:346:12)
    at next (/root/icq_full/backend/node_modules/express/lib/router/index.js:280:10)
    at Function.handle (/root/icq_full/backend/node_modules/express/lib/router/index.js:175:3)
    at router (/root/icq_full/backend/node_modules/express/lib/router/index.js:47:12)
2026-08-17 15:04:35 [ERROR]: Error: Validation failed: body: Required
    at /root/icq_full/backend/src/utils/validators.ts:47:13
    at Layer.handle [as handle_request] (/root/icq_full/backend/node_modules/express/lib/router/layer.js:95:5)
    at next (/root/icq_full/backend/node_modules/express/lib/router/route.js:149:13)
    at Route.dispatch (/root/icq_full/backend/node_modules/express/lib/router/route.js:119:3)
    at Layer.handle [as handle_request] (/root/icq_full/backend/node_modules/express/lib/router/layer.js:95:5)
    at /root/icq_full/backend/node_modules/express/lib/router/index.js:284:15
    at Function.process_params (/root/icq_full/backend/node_modules/express/lib/router/index.js:346:12)
    at next (/root/icq_full/backend/node_modules/express/lib/router/index.js:280:10)
    at Function.handle (/root/icq_full/backend/node_modules/express/lib/router/index.js:175:3)
    at router (/root/icq_full/backend/node_modules/express/lib/router/index.js:47:12)
2026-08-17 15:04:36 [ERROR]: Error: Validation failed: body: Required
    at /root/icq_full/backend/src/utils/validators.ts:47:13
    at Layer.handle [as handle_request] (/root/icq_full/backend/node_modules/express/lib/router/layer.js:95:5)
    at next (/root/icq_full/backend/node_modules/express/lib/router/route.js:149:13)
    at Route.dispatch (/root/icq_full/backend/node_modules/express/lib/router/route.js:119:3)
    at Layer.handle [as handle_request] (/root/icq_full/backend/node_modules/express/lib/router/layer.js:95:5)
    at /root/icq_full/backend/node_modules/express/lib/router/index.js:284:15
    at Function.process_params (/root/icq_full/backend/node_modules/express/lib/router/index.js:346:12)
    at next (/root/icq_full/backend/node_modules/express/lib/router/index.js:280:10)
    at Function.handle (/root/icq_full/backend/node_modules/express/lib/router/index.js:175:3)
    at router (/root/icq_full/backend/node_modules/express/lib/router/index.js:47:12)
2026-08-17 15:04:36 [ERROR]: Error: Validation failed: body: Required
    at /root/icq_full/backend/src/utils/validators.ts:47:13
    at Layer.handle [as handle_request] (/root/icq_full/backend/node_modules/express/lib/router/layer.js:95:5)
    at next (/root/icq_full/backend/node_modules/express/lib/router/route.js:149:13)
    at Route.dispatch (/root/icq_full/backend/node_modules/express/lib/router/route.js:119:3)
    at Layer.handle [as handle_request] (/root/icq_full/backend/node_modules/express/lib/router/layer.js:95:5)
    at /root/icq_full/backend/node_modules/express/lib/router/index.js:284:15
    at Function.process_params (/root/icq_full/backend/node_modules/express/lib/router/index.js:346:12)
    at next (/root/icq_full/backend/node_modules/express/lib/router/index.js:280:10)
    at Function.handle (/root/icq_full/backend/node_modules/express/lib/router/index.js:175:3)
    at router (/root/icq_full/backend/node_modules/express/lib/router/index.js:47:12)
2026-08-17 15:04:36 [ERROR]: Error: Validation failed: body: Required
    at /root/icq_full/backend/src/utils/validators.ts:47:13
    at Layer.handle [as handle_request] (/root/icq_full/backend/node_modules/express/lib/router/layer.js:95:5)
    at next (/root/icq_full/backend/node_modules/express/lib/router/route.js:149:13)
    at Route.dispatch (/root/icq_full/backend/node_modules/express/lib/router/route.js:119:3)
    at Layer.handle [as handle_request] (/root/icq_full/backend/node_modules/express/lib/router/layer.js:95:5)
    at /root/icq_full/backend/node_modules/express/lib/router/index.js:284:15
    at Function.process_params (/root/icq_full/backend/node_modules/express/lib/router/index.js:346:12)
    at next (/root/icq_full/backend/node_modules/express/lib/router/index.js:280:10)
    at Function.handle (/root/icq_full/backend/node_modules/express/lib/router/index.js:175:3)
    at router (/root/icq_full/backend/node_modules/express/lib/router/index.js:47:12)
2026-08-17 15:04:37 [ERROR]: Error: Validation failed: body: Required
    at /root/icq_full/backend/src/utils/validators.ts:47:13
    at Layer.handle [as handle_request] (/root/icq_full/backend/node_modules/express/lib/router/layer.js:95:5)
    at next (/root/icq_full/backend/node_modules/express/lib/router/route.js:149:13)
    at Route.dispatch (/root/icq_full/backend/node_modules/express/lib/router/route.js:119:3)
    at Layer.handle [as handle_request] (/root/icq_full/backend/node_modules/express/lib/router/layer.js:95:5)
    at /root/icq_full/backend/node_modules/express/lib/router/index.js:284:15
    at Function.process_params (/root/icq_full/backend/node_modules/express/lib/router/index.js:346:12)
    at next (/root/icq_full/backend/node_modules/express/lib/router/index.js:280:10)
    at Function.handle (/root/icq_full/backend/node_modules/express/lib/router/index.js:175:3)
    at router (/root/icq_full/backend/node_modules/express/lib/router/index.js:47:12)
2026-08-17 15:05:31 [ERROR]: Error: Validation failed: body: Required
    at /root/icq_full/backend/src/utils/validators.ts:47:13
    at Layer.handle [as handle_request] (/root/icq_full/backend/node_modules/express/lib/router/layer.js:95:5)
    at next (/root/icq_full/backend/node_modules/express/lib/router/route.js:149:13)
    at Route.dispatch (/root/icq_full/backend/node_modules/express/lib/router/route.js:119:3)
    at Layer.handle [as handle_request] (/root/icq_full/backend/node_modules/express/lib/router/layer.js:95:5)
    at /root/icq_full/backend/node_modules/express/lib/router/index.js:284:15
    at Function.process_params (/root/icq_full/backend/node_modules/express/lib/router/index.js:346:12)
    at next (/root/icq_full/backend/node_modules/express/lib/router/index.js:280:10)
    at Function.handle (/root/icq_full/backend/node_modules/express/lib/router/index.js:175:3)
    at router (/root/icq_full/backend/node_modules/express/lib/router/index.js:47:12)
2026-08-17 15:05:31 [ERROR]: Error: Validation failed: body: Required
    at /root/icq_full/backend/src/utils/validators.ts:47:13
    at Layer.handle [as handle_request] (/root/icq_full/backend/node_modules/express/lib/router/layer.js:95:5)
    at next (/root/icq_full/backend/node_modules/express/lib/router/route.js:149:13)
    at Route.dispatch (/root/icq_full/backend/node_modules/express/lib/router/route.js:119:3)
    at Layer.handle [as handle_request] (/root/icq_full/backend/node_modules/express/lib/router/layer.js:95:5)
    at /root/icq_full/backend/node_modules/express/lib/router/index.js:284:15
    at Function.process_params (/root/icq_full/backend/node_modules/express/lib/router/index.js:346:12)
    at next (/root/icq_full/backend/node_modules/express/lib/router/index.js:280:10)
    at Function.handle (/root/icq_full/backend/node_modules/express/lib/router/index.js:175:3)
    at router (/root/icq_full/backend/node_modules/express/lib/router/index.js:47:12)
2026-08-17 15:05:32 [ERROR]: Error: Validation failed: body: Required
    at /root/icq_full/backend/src/utils/validators.ts:47:13
    at Layer.handle [as handle_request] (/root/icq_full/backend/node_modules/express/lib/router/layer.js:95:5)
    at next (/root/icq_full/backend/node_modules/express/lib/router/route.js:149:13)
    at Route.dispatch (/root/icq_full/backend/node_modules/express/lib/router/route.js:119:3)
    at Layer.handle [as handle_request] (/root/icq_full/backend/node_modules/express/lib/router/layer.js:95:5)
    at /root/icq_full/backend/node_modules/express/lib/router/index.js:284:15
    at Function.process_params (/root/icq_full/backend/node_modules/express/lib/router/index.js:346:12)
    at next (/root/icq_full/backend/node_modules/express/lib/router/index.js:280:10)
    at Function.handle (/root/icq_full/backend/node_modules/express/lib/router/index.js:175:3)
    at router (/root/icq_full/backend/node_modules/express/lib/router/index.js:47:12)
2026-08-17 15:05:33 [ERROR]: Error: Validation failed: body: Required
    at /root/icq_full/backend/src/utils/validators.ts:47:13
    at Layer.handle [as handle_request] (/root/icq_full/backend/node_modules/express/lib/router/layer.js:95:5)
    at next (/root/icq_full/backend/node_modules/express/lib/router/route.js:149:13)
    at Route.dispatch (/root/icq_full/backend/node_modules/express/lib/router/route.js:119:3)
    at Layer.handle [as handle_request] (/root/icq_full/backend/node_modules/express/lib/router/layer.js:95:5)
    at /root/icq_full/backend/node_modules/express/lib/router/index.js:284:15
    at Function.process_params (/root/icq_full/backend/node_modules/express/lib/router/index.js:346:12)
    at next (/root/icq_full/backend/node_modules/express/lib/router/index.js:280:10)
    at Function.handle (/root/icq_full/backend/node_modules/express/lib/router/index.js:175:3)
    at router (/root/icq_full/backend/node_modules/express/lib/router/index.js:47:12)
2026-08-17 15:05:33 [ERROR]: Error: Validation failed: body: Required
    at /root/icq_full/backend/src/utils/validators.ts:47:13
    at Layer.handle [as handle_request] (/root/icq_full/backend/node_modules/express/lib/router/layer.js:95:5)
    at next (/root/icq_full/backend/node_modules/express/lib/router/route.js:149:13)
    at Route.dispatch (/root/icq_full/backend/node_modules/express/lib/router/route.js:119:3)
    at Layer.handle [as handle_request] (/root/icq_full/backend/node_modules/express/lib/router/layer.js:95:5)
    at /root/icq_full/backend/node_modules/express/lib/router/index.js:284:15
    at Function.process_params (/root/icq_full/backend/node_modules/express/lib/router/index.js:346:12)
    at next (/root/icq_full/backend/node_modules/express/lib/router/index.js:280:10)
    at Function.handle (/root/icq_full/backend/node_modules/express/lib/router/index.js:175:3)
    at router (/root/icq_full/backend/node_modules/express/lib/router/index.js:47:12)
2026-08-17 15:05:34 [ERROR]: Error: Validation failed: body: Required
    at /root/icq_full/backend/src/utils/validators.ts:47:13
    at Layer.handle [as handle_request] (/root/icq_full/backend/node_modules/express/lib/router/layer.js:95:5)
    at next (/root/icq_full/backend/node_modules/express/lib/router/route.js:149:13)
    at Route.dispatch (/root/icq_full/backend/node_modules/express/lib/router/route.js:119:3)
    at Layer.handle [as handle_request] (/root/icq_full/backend/node_modules/express/lib/router/layer.js:95:5)
    at /root/icq_full/backend/node_modules/express/lib/router/index.js:284:15
    at Function.process_params (/root/icq_full/backend/node_modules/express/lib/router/index.js:346:12)
    at next (/root/icq_full/backend/node_modules/express/lib/router/index.js:280:10)
    at Function.handle (/root/icq_full/backend/node_modules/express/lib/router/index.js:175:3)
    at router (/root/icq_full/backend/node_modules/express/lib/router/index.js:47:12)
2026-08-17 15:05:34 [ERROR]: Error: Validation failed: body: Required
    at /root/icq_full/backend/src/utils/validators.ts:47:13
    at Layer.handle [as handle_request] (/root/icq_full/backend/node_modules/express/lib/router/layer.js:95:5)
    at next (/root/icq_full/backend/node_modules/express/lib/router/route.js:149:13)
    at Route.dispatch (/root/icq_full/backend/node_modules/express/lib/router/route.js:119:3)
    at Layer.handle [as handle_request] (/root/icq_full/backend/node_modules/express/lib/router/layer.js:95:5)
    at /root/icq_full/backend/node_modules/express/lib/router/index.js:284:15
    at Function.process_params (/root/icq_full/backend/node_modules/express/lib/router/index.js:346:12)
    at next (/root/icq_full/backend/node_modules/express/lib/router/index.js:280:10)
    at Function.handle (/root/icq_full/backend/node_modules/express/lib/router/index.js:175:3)
    at router (/root/icq_full/backend/node_modules/express/lib/router/index.js:47:12)
2026-08-17 15:05:35 [ERROR]: Error: Validation failed: body: Required
    at /root/icq_full/backend/src/utils/validators.ts:47:13
    at Layer.handle [as handle_request] (/root/icq_full/backend/node_modules/express/lib/router/layer.js:95:5)
    at next (/root/icq_full/backend/node_modules/express/lib/router/route.js:149:13)
    at Route.dispatch (/root/icq_full/backend/node_modules/express/lib/router/route.js:119:3)
    at Layer.handle [as handle_request] (/root/icq_full/backend/node_modules/express/lib/router/layer.js:95:5)
    at /root/icq_full/backend/node_modules/express/lib/router/index.js:284:15
    at Function.process_params (/root/icq_full/backend/node_modules/express/lib/router/index.js:346:12)
    at next (/root/icq_full/backend/node_modules/express/lib/router/index.js:280:10)
    at Function.handle (/root/icq_full/backend/node_modules/express/lib/router/index.js:175:3)
    at router (/root/icq_full/backend/node_modules/express/lib/router/index.js:47:12)
2026-08-17 15:05:35 [ERROR]: Error: Validation failed: body: Required
    at /root/icq_full/backend/src/utils/validators.ts:47:13
    at Layer.handle [as handle_request] (/root/icq_full/backend/node_modules/express/lib/router/layer.js:95:5)
    at next (/root/icq_full/backend/node_modules/express/lib/router/route.js:149:13)
    at Route.dispatch (/root/icq_full/backend/node_modules/express/lib/router/route.js:119:3)
    at Layer.handle [as handle_request] (/root/icq_full/backend/node_modules/express/lib/router/layer.js:95:5)
    at /root/icq_full/backend/node_modules/express/lib/router/index.js:284:15
    at Function.process_params (/root/icq_full/backend/node_modules/express/lib/router/index.js:346:12)
    at next (/root/icq_full/backend/node_modules/express/lib/router/index.js:280:10)
    at Function.handle (/root/icq_full/backend/node_modules/express/lib/router/index.js:175:3)
    at router (/root/icq_full/backend/node_modules/express/lib/router/index.js:47:12)
2026-08-17 15:05:35 [ERROR]: Error: Validation failed: body: Required
    at /root/icq_full/backend/src/utils/validators.ts:47:13
    at Layer.handle [as handle_request] (/root/icq_full/backend/node_modules/express/lib/router/layer.js:95:5)
    at next (/root/icq_full/backend/node_modules/express/lib/router/route.js:149:13)
    at Route.dispatch (/root/icq_full/backend/node_modules/express/lib/router/route.js:119:3)
    at Layer.handle [as handle_request] (/root/icq_full/backend/node_modules/express/lib/router/layer.js:95:5)
    at /root/icq_full/backend/node_modules/express/lib/router/index.js:284:15
    at Function.process_params (/root/icq_full/backend/node_modules/express/lib/router/index.js:346:12)
    at next (/root/icq_full/backend/node_modules/express/lib/router/index.js:280:10)
    at Function.handle (/root/icq_full/backend/node_modules/express/lib/router/index.js:175:3)
    at router (/root/icq_full/backend/node_modules/express/lib/router/index.js:47:12)
2026-08-17 15:05:35 [ERROR]: Error: Validation failed: body: Required
    at /root/icq_full/backend/src/utils/validators.ts:47:13
    at Layer.handle [as handle_request] (/root/icq_full/backend/node_modules/express/lib/router/layer.js:95:5)
    at next (/root/icq_full/backend/node_modules/express/lib/router/route.js:149:13)
    at Route.dispatch (/root/icq_full/backend/node_modules/express/lib/router/route.js:119:3)
    at Layer.handle [as handle_request] (/root/icq_full/backend/node_modules/express/lib/router/layer.js:95:5)
    at /root/icq_full/backend/node_modules/express/lib/router/index.js:284:15
    at Function.process_params (/root/icq_full/backend/node_modules/express/lib/router/index.js:346:12)
    at next (/root/icq_full/backend/node_modules/express/lib/router/index.js:280:10)
    at Function.handle (/root/icq_full/backend/node_modules/express/lib/router/index.js:175:3)
    at router (/root/icq_full/backend/node_modules/express/lib/router/index.js:47:12)
2026-08-17 15:05:36 [ERROR]: Error: Validation failed: body: Required
    at /root/icq_full/backend/src/utils/validators.ts:47:13
    at Layer.handle [as handle_request] (/root/icq_full/backend/node_modules/express/lib/router/layer.js:95:5)
    at next (/root/icq_full/backend/node_modules/express/lib/router/route.js:149:13)
    at Route.dispatch (/root/icq_full/backend/node_modules/express/lib/router/route.js:119:3)
    at Layer.handle [as handle_request] (/root/icq_full/backend/node_modules/express/lib/router/layer.js:95:5)
    at /root/icq_full/backend/node_modules/express/lib/router/index.js:284:15
    at Function.process_params (/root/icq_full/backend/node_modules/express/lib/router/index.js:346:12)
    at next (/root/icq_full/backend/node_modules/express/lib/router/index.js:280:10)
    at Function.handle (/root/icq_full/backend/node_modules/express/lib/router/index.js:175:3)
    at router (/root/icq_full/backend/node_modules/express/lib/router/index.js:47:12)
2026-08-17 15:05:36 [ERROR]: Error: Validation failed: body: Required
    at /root/icq_full/backend/src/utils/validators.ts:47:13
    at Layer.handle [as handle_request] (/root/icq_full/backend/node_modules/express/lib/router/layer.js:95:5)
    at next (/root/icq_full/backend/node_modules/express/lib/router/route.js:149:13)
    at Route.dispatch (/root/icq_full/backend/node_modules/express/lib/router/route.js:119:3)
    at Layer.handle [as handle_request] (/root/icq_full/backend/node_modules/express/lib/router/layer.js:95:5)
    at /root/icq_full/backend/node_modules/express/lib/router/index.js:284:15
    at Function.process_params (/root/icq_full/backend/node_modules/express/lib/router/index.js:346:12)
    at next (/root/icq_full/backend/node_modules/express/lib/router/index.js:280:10)
    at Function.handle (/root/icq_full/backend/node_modules/express/lib/router/index.js:175:3)
    at router (/root/icq_full/backend/node_modules/express/lib/router/index.js:47:12)
2026-08-17 15:05:36 [ERROR]: Error: Validation failed: body: Required
    at /root/icq_full/backend/src/utils/validators.ts:47:13
    at Layer.handle [as handle_request] (/root/icq_full/backend/node_modules/express/lib/router/layer.js:95:5)
    at next (/root/icq_full/backend/node_modules/express/lib/router/route.js:149:13)
    at Route.dispatch (/root/icq_full/backend/node_modules/express/lib/router/route.js:119:3)
    at Layer.handle [as handle_request] (/root/icq_full/backend/node_modules/express/lib/router/layer.js:95:5)
    at /root/icq_full/backend/node_modules/express/lib/router/index.js:284:15
    at Function.process_params (/root/icq_full/backend/node_modules/express/lib/router/index.js:346:12)
    at next (/root/icq_full/backend/node_modules/express/lib/router/index.js:280:10)
    at Function.handle (/root/icq_full/backend/node_modules/express/lib/router/index.js:175:3)
    at router (/root/icq_full/backend/node_modules/express/lib/router/index.js:47:12)
2026-08-17 15:05:36 [ERROR]: Error: Validation failed: body: Required
    at /root/icq_full/backend/src/utils/validators.ts:47:13
    at Layer.handle [as handle_request] (/root/icq_full/backend/node_modules/express/lib/router/layer.js:95:5)
    at next (/root/icq_full/backend/node_modules/express/lib/router/route.js:149:13)
    at Route.dispatch (/root/icq_full/backend/node_modules/express/lib/router/route.js:119:3)
    at Layer.handle [as handle_request] (/root/icq_full/backend/node_modules/express/lib/router/layer.js:95:5)
    at /root/icq_full/backend/node_modules/express/lib/router/index.js:284:15
    at Function.process_params (/root/icq_full/backend/node_modules/express/lib/router/index.js:346:12)
    at next (/root/icq_full/backend/node_modules/express/lib/router/index.js:280:10)
    at Function.handle (/root/icq_full/backend/node_modules/express/lib/router/index.js:175:3)
    at router (/root/icq_full/backend/node_modules/express/lib/router/index.js:47:12)
2026-08-17 15:05:44 [ERROR]: Error: Validation failed: body: Required
    at /root/icq_full/backend/src/utils/validators.ts:47:13
    at Layer.handle [as handle_request] (/root/icq_full/backend/node_modules/express/lib/router/layer.js:95:5)
    at next (/root/icq_full/backend/node_modules/express/lib/router/route.js:149:13)
    at Route.dispatch (/root/icq_full/backend/node_modules/express/lib/router/route.js:119:3)
    at Layer.handle [as handle_request] (/root/icq_full/backend/node_modules/express/lib/router/layer.js:95:5)
    at /root/icq_full/backend/node_modules/express/lib/router/index.js:284:15
    at Function.process_params (/root/icq_full/backend/node_modules/express/lib/router/index.js:346:12)
    at next (/root/icq_full/backend/node_modules/express/lib/router/index.js:280:10)
    at Function.handle (/root/icq_full/backend/node_modules/express/lib/router/index.js:175:3)
    at router (/root/icq_full/backend/node_modules/express/lib/router/index.js:47:12)
2026-08-17 15:05:44 [ERROR]: Error: Validation failed: body: Required
    at /root/icq_full/backend/src/utils/validators.ts:47:13
    at Layer.handle [as handle_request] (/root/icq_full/backend/node_modules/express/lib/router/layer.js:95:5)
    at next (/root/icq_full/backend/node_modules/express/lib/router/route.js:149:13)
    at Route.dispatch (/root/icq_full/backend/node_modules/express/lib/router/route.js:119:3)
    at Layer.handle [as handle_request] (/root/icq_full/backend/node_modules/express/lib/router/layer.js:95:5)
    at /root/icq_full/backend/node_modules/express/lib/router/index.js:284:15
    at Function.process_params (/root/icq_full/backend/node_modules/express/lib/router/index.js:346:12)
    at next (/root/icq_full/backend/node_modules/express/lib/router/index.js:280:10)
    at Function.handle (/root/icq_full/backend/node_modules/express/lib/router/index.js:175:3)
    at router (/root/icq_full/backend/node_modules/express/lib/router/index.js:47:12)
2026-08-17 15:05:51 [ERROR]: Error: Validation failed: body: Required
    at /root/icq_full/backend/src/utils/validators.ts:47:13
    at Layer.handle [as handle_request] (/root/icq_full/backend/node_modules/express/lib/router/layer.js:95:5)
    at next (/root/icq_full/backend/node_modules/express/lib/router/route.js:149:13)
    at Route.dispatch (/root/icq_full/backend/node_modules/express/lib/router/route.js:119:3)
    at Layer.handle [as handle_request] (/root/icq_full/backend/node_modules/express/lib/router/layer.js:95:5)
    at /root/icq_full/backend/node_modules/express/lib/router/index.js:284:15
    at Function.process_params (/root/icq_full/backend/node_modules/express/lib/router/index.js:346:12)
    at next (/root/icq_full/backend/node_modules/express/lib/router/index.js:280:10)
    at Function.handle (/root/icq_full/backend/node_modules/express/lib/router/index.js:175:3)
    at router (/root/icq_full/backend/node_modules/express/lib/router/index.js:47:12)
2026-08-17 15:05:52 [ERROR]: Error: Validation failed: body: Required
    at /root/icq_full/backend/src/utils/validators.ts:47:13
    at Layer.handle [as handle_request] (/root/icq_full/backend/node_modules/express/lib/router/layer.js:95:5)
    at next (/root/icq_full/backend/node_modules/express/lib/router/route.js:149:13)
    at Route.dispatch (/root/icq_full/backend/node_modules/express/lib/router/route.js:119:3)
    at Layer.handle [as handle_request] (/root/icq_full/backend/node_modules/express/lib/router/layer.js:95:5)
    at /root/icq_full/backend/node_modules/express/lib/router/index.js:284:15
    at Function.process_params (/root/icq_full/backend/node_modules/express/lib/router/index.js:346:12)
    at next (/root/icq_full/backend/node_modules/express/lib/router/index.js:280:10)
    at Function.handle (/root/icq_full/backend/node_modules/express/lib/router/index.js:175:3)
    at router (/root/icq_full/backend/node_modules/express/lib/router/index.js:47:12)
2026-08-17 15:05:52 [ERROR]: Error: Validation failed: body: Required
    at /root/icq_full/backend/src/utils/validators.ts:47:13
    at Layer.handle [as handle_request] (/root/icq_full/backend/node_modules/express/lib/router/layer.js:95:5)
    at next (/root/icq_full/backend/node_modules/express/lib/router/route.js:149:13)
    at Route.dispatch (/root/icq_full/backend/node_modules/express/lib/router/route.js:119:3)
    at Layer.handle [as handle_request] (/root/icq_full/backend/node_modules/express/lib/router/layer.js:95:5)
    at /root/icq_full/backend/node_modules/express/lib/router/index.js:284:15
    at Function.process_params (/root/icq_full/backend/node_modules/express/lib/router/index.js:346:12)
    at next (/root/icq_full/backend/node_modules/express/lib/router/index.js:280:10)
    at Function.handle (/root/icq_full/backend/node_modules/express/lib/router/index.js:175:3)
    at router (/root/icq_full/backend/node_modules/express/lib/router/index.js:47:12)
2026-08-17 15:05:52 [ERROR]: Error: Validation failed: body: Required
    at /root/icq_full/backend/src/utils/validators.ts:47:13
    at Layer.handle [as handle_request] (/root/icq_full/backend/node_modules/express/lib/router/layer.js:95:5)
    at next (/root/icq_full/backend/node_modules/express/lib/router/route.js:149:13)
    at Route.dispatch (/root/icq_full/backend/node_modules/express/lib/router/route.js:119:3)
    at Layer.handle [as handle_request] (/root/icq_full/backend/node_modules/express/lib/router/layer.js:95:5)
    at /root/icq_full/backend/node_modules/express/lib/router/index.js:284:15
    at Function.process_params (/root/icq_full/backend/node_modules/express/lib/router/index.js:346:12)
    at next (/root/icq_full/backend/node_modules/express/lib/router/index.js:280:10)
    at Function.handle (/root/icq_full/backend/node_modules/express/lib/router/index.js:175:3)
    at router (/root/icq_full/backend/node_modules/express/lib/router/index.js:47:12)
2026-08-17 15:05:52 [ERROR]: Error: Validation failed: body: Required
    at /root/icq_full/backend/src/utils/validators.ts:47:13
    at Layer.handle [as handle_request] (/root/icq_full/backend/node_modules/express/lib/router/layer.js:95:5)
    at next (/root/icq_full/backend/node_modules/express/lib/router/route.js:149:13)
    at Route.dispatch (/root/icq_full/backend/node_modules/express/lib/router/route.js:119:3)
    at Layer.handle [as handle_request] (/root/icq_full/backend/node_modules/express/lib/router/layer.js:95:5)
    at /root/icq_full/backend/node_modules/express/lib/router/index.js:284:15
    at Function.process_params (/root/icq_full/backend/node_modules/express/lib/router/index.js:346:12)
    at next (/root/icq_full/backend/node_modules/express/lib/router/index.js:280:10)
    at Function.handle (/root/icq_full/backend/node_modules/express/lib/router/index.js:175:3)
    at router (/root/icq_full/backend/node_modules/express/lib/router/index.js:47:12)
2026-08-17 15:08:34 [ERROR]: Error: Validation failed: body: Required
    at /root/icq_full/backend/src/utils/validators.ts:47:13
    at Layer.handle [as handle_request] (/root/icq_full/backend/node_modules/express/lib/router/layer.js:95:5)
    at next (/root/icq_full/backend/node_modules/express/lib/router/route.js:149:13)
    at Route.dispatch (/root/icq_full/backend/node_modules/express/lib/router/route.js:119:3)
    at Layer.handle [as handle_request] (/root/icq_full/backend/node_modules/express/lib/router/layer.js:95:5)
    at /root/icq_full/backend/node_modules/express/lib/router/index.js:284:15
    at Function.process_params (/root/icq_full/backend/node_modules/express/lib/router/index.js:346:12)
    at next (/root/icq_full/backend/node_modules/express/lib/router/index.js:280:10)
    at Function.handle (/root/icq_full/backend/node_modules/express/lib/router/index.js:175:3)
    at router (/root/icq_full/backend/node_modules/express/lib/router/index.js:47:12)
2026-08-17 15:08:35 [ERROR]: Error: Validation failed: body: Required
    at /root/icq_full/backend/src/utils/validators.ts:47:13
    at Layer.handle [as handle_request] (/root/icq_full/backend/node_modules/express/lib/router/layer.js:95:5)
    at next (/root/icq_full/backend/node_modules/express/lib/router/route.js:149:13)
    at Route.dispatch (/root/icq_full/backend/node_modules/express/lib/router/route.js:119:3)
    at Layer.handle [as handle_request] (/root/icq_full/backend/node_modules/express/lib/router/layer.js:95:5)
    at /root/icq_full/backend/node_modules/express/lib/router/index.js:284:15
    at Function.process_params (/root/icq_full/backend/node_modules/express/lib/router/index.js:346:12)
    at next (/root/icq_full/backend/node_modules/express/lib/router/index.js:280:10)
    at Function.handle (/root/icq_full/backend/node_modules/express/lib/router/index.js:175:3)
    at router (/root/icq_full/backend/node_modules/express/lib/router/index.js:47:12)
2026-08-17 15:08:35 [ERROR]: Error: Validation failed: body: Required
    at /root/icq_full/backend/src/utils/validators.ts:47:13
    at Layer.handle [as handle_request] (/root/icq_full/backend/node_modules/express/lib/router/layer.js:95:5)
    at next (/root/icq_full/backend/node_modules/express/lib/router/route.js:149:13)
    at Route.dispatch (/root/icq_full/backend/node_modules/express/lib/router/route.js:119:3)
    at Layer.handle [as handle_request] (/root/icq_full/backend/node_modules/express/lib/router/layer.js:95:5)
    at /root/icq_full/backend/node_modules/express/lib/router/index.js:284:15
    at Function.process_params (/root/icq_full/backend/node_modules/express/lib/router/index.js:346:12)
    at next (/root/icq_full/backend/node_modules/express/lib/router/index.js:280:10)
    at Function.handle (/root/icq_full/backend/node_modules/express/lib/router/index.js:175:3)
    at router (/root/icq_full/backend/node_modules/express/lib/router/index.js:47:12)
2026-08-17 15:09:59 [ERROR]: Error: Invalid email or password
    at /root/icq_full/backend/src/routes/auth.ts:96:13
2026-08-17 15:10:07 [ERROR]: Error: Invalid email or password
    at /root/icq_full/backend/src/routes/auth.ts:96:13
2026-08-17 15:10:29 [ERROR]: Error: Invalid email or password
    at /root/icq_full/backend/src/routes/auth.ts:96:13
2026-08-17 15:52:39 [ERROR]: Could not close connections in time, forcefully shutting down
2026-08-17 18:07:50 [ERROR]: Error: Validation failed: username: String must contain at least 3 character(s), password: Password must be at least 6 characters
    at /root/icq_full/backend/src/utils/validators.ts:47:13
    at Layer.handle [as handle_request] (/root/icq_full/backend/node_modules/express/lib/router/layer.js:95:5)
    at next (/root/icq_full/backend/node_modules/express/lib/router/route.js:149:13)
    at Route.dispatch (/root/icq_full/backend/node_modules/express/lib/router/route.js:119:3)
    at Layer.handle [as handle_request] (/root/icq_full/backend/node_modules/express/lib/router/layer.js:95:5)
    at /root/icq_full/backend/node_modules/express/lib/router/index.js:284:15
    at Function.process_params (/root/icq_full/backend/node_modules/express/lib/router/index.js:346:12)
    at next (/root/icq_full/backend/node_modules/express/lib/router/index.js:280:10)
    at Function.handle (/root/icq_full/backend/node_modules/express/lib/router/index.js:175:3)
    at router (/root/icq_full/backend/node_modules/express/lib/router/index.js:47:12)
2026-08-17 18:08:00 [ERROR]: Error: Validation failed: username: String must contain at least 3 character(s), password: Password must be at least 6 characters
    at /root/icq_full/backend/src/utils/validators.ts:47:13
    at Layer.handle [as handle_request] (/root/icq_full/backend/node_modules/express/lib/router/layer.js:95:5)
    at next (/root/icq_full/backend/node_modules/express/lib/router/route.js:149:13)
    at Route.dispatch (/root/icq_full/backend/node_modules/express/lib/router/route.js:119:3)
    at Layer.handle [as handle_request] (/root/icq_full/backend/node_modules/express/lib/router/layer.js:95:5)
    at /root/icq_full/backend/node_modules/express/lib/router/index.js:284:15
    at Function.process_params (/root/icq_full/backend/node_modules/express/lib/router/index.js:346:12)
    at next (/root/icq_full/backend/node_modules/express/lib/router/index.js:280:10)
    at Function.handle (/root/icq_full/backend/node_modules/express/lib/router/index.js:175:3)
    at router (/root/icq_full/backend/node_modules/express/lib/router/index.js:47:12)
2026-08-17 18:08:08 [ERROR]: Error: Validation failed: username: String must contain at least 3 character(s)
    at /root/icq_full/backend/src/utils/validators.ts:47:13
    at Layer.handle [as handle_request] (/root/icq_full/backend/node_modules/express/lib/router/layer.js:95:5)
    at next (/root/icq_full/backend/node_modules/express/lib/router/route.js:149:13)
    at Route.dispatch (/root/icq_full/backend/node_modules/express/lib/router/route.js:119:3)
    at Layer.handle [as handle_request] (/root/icq_full/backend/node_modules/express/lib/router/layer.js:95:5)
    at /root/icq_full/backend/node_modules/express/lib/router/index.js:284:15
    at Function.process_params (/root/icq_full/backend/node_modules/express/lib/router/index.js:346:12)
    at next (/root/icq_full/backend/node_modules/express/lib/router/index.js:280:10)
    at Function.handle (/root/icq_full/backend/node_modules/express/lib/router/index.js:175:3)
    at router (/root/icq_full/backend/node_modules/express/lib/router/index.js:47:12)
2026-08-17 18:08:27 [ERROR]: Error: Validation failed: username: String must contain at least 3 character(s)
    at /root/icq_full/backend/src/utils/validators.ts:47:13
    at Layer.handle [as handle_request] (/root/icq_full/backend/node_modules/express/lib/router/layer.js:95:5)
    at next (/root/icq_full/backend/node_modules/express/lib/router/route.js:149:13)
    at Route.dispatch (/root/icq_full/backend/node_modules/express/lib/router/route.js:119:3)
    at Layer.handle [as handle_request] (/root/icq_full/backend/node_modules/express/lib/router/layer.js:95:5)
    at /root/icq_full/backend/node_modules/express/lib/router/index.js:284:15
    at Function.process_params (/root/icq_full/backend/node_modules/express/lib/router/index.js:346:12)
    at next (/root/icq_full/backend/node_modules/express/lib/router/index.js:280:10)
    at Function.handle (/root/icq_full/backend/node_modules/express/lib/router/index.js:175:3)
    at router (/root/icq_full/backend/node_modules/express/lib/router/index.js:47:12)
2026-08-17 18:22:14 [ERROR]: Error: Validation failed: username: String must contain at least 3 character(s), password: Password must be at least 6 characters
    at /root/icq_full/backend/src/utils/validators.ts:47:13
    at Layer.handle [as handle_request] (/root/icq_full/backend/node_modules/express/lib/router/layer.js:95:5)
    at next (/root/icq_full/backend/node_modules/express/lib/router/route.js:149:13)
    at Route.dispatch (/root/icq_full/backend/node_modules/express/lib/router/route.js:119:3)
    at Layer.handle [as handle_request] (/root/icq_full/backend/node_modules/express/lib/router/layer.js:95:5)
    at /root/icq_full/backend/node_modules/express/lib/router/index.js:284:15
    at Function.process_params (/root/icq_full/backend/node_modules/express/lib/router/index.js:346:12)
    at next (/root/icq_full/backend/node_modules/express/lib/router/index.js:280:10)
    at Function.handle (/root/icq_full/backend/node_modules/express/lib/router/index.js:175:3)
    at router (/root/icq_full/backend/node_modules/express/lib/router/index.js:47:12)
2026-08-17 18:22:16 [ERROR]: Error: Invalid email or password
    at /root/icq_full/backend/src/routes/auth.ts:96:13
2026-08-17 18:22:46 [ERROR]: Error: Invalid email or password
    at /root/icq_full/backend/src/routes/auth.ts:96:13
2026-08-17 18:22:55 [ERROR]: Error: Invalid email or password
    at /root/icq_full/backend/src/routes/auth.ts:96:13
2026-08-17 18:22:57 [ERROR]: Error: Validation failed: username: String must contain at least 3 character(s), password: Password must be at least 6 characters
    at /root/icq_full/backend/src/utils/validators.ts:47:13
    at Layer.handle [as handle_request] (/root/icq_full/backend/node_modules/express/lib/router/layer.js:95:5)
    at next (/root/icq_full/backend/node_modules/express/lib/router/route.js:149:13)
    at Route.dispatch (/root/icq_full/backend/node_modules/express/lib/router/route.js:119:3)
    at Layer.handle [as handle_request] (/root/icq_full/backend/node_modules/express/lib/router/layer.js:95:5)
    at /root/icq_full/backend/node_modules/express/lib/router/index.js:284:15
    at Function.process_params (/root/icq_full/backend/node_modules/express/lib/router/index.js:346:12)
    at next (/root/icq_full/backend/node_modules/express/lib/router/index.js:280:10)
    at Function.handle (/root/icq_full/backend/node_modules/express/lib/router/index.js:175:3)
    at router (/root/icq_full/backend/node_modules/express/lib/router/index.js:47:12)
2026-08-17 21:23:08 [ERROR]: Error: Invalid email or password
    at /root/icq_full/backend/src/routes/auth.ts:96:13
2026-08-17 21:23:13 [ERROR]: Error: Invalid email or password
    at /root/icq_full/backend/src/routes/auth.ts:96:13
2026-08-17 21:23:23 [ERROR]: Error: Validation failed: username: String must contain at least 3 character(s), password: Password must be at least 6 characters
    at /root/icq_full/backend/src/utils/validators.ts:47:13
    at Layer.handle [as handle_request] (/root/icq_full/backend/node_modules/express/lib/router/layer.js:95:5)
    at next (/root/icq_full/backend/node_modules/express/lib/router/route.js:149:13)
    at Route.dispatch (/root/icq_full/backend/node_modules/express/lib/router/route.js:119:3)
    at Layer.handle [as handle_request] (/root/icq_full/backend/node_modules/express/lib/router/layer.js:95:5)
    at /root/icq_full/backend/node_modules/express/lib/router/index.js:284:15
    at Function.process_params (/root/icq_full/backend/node_modules/express/lib/router/index.js:346:12)
    at next (/root/icq_full/backend/node_modules/express/lib/router/index.js:280:10)
    at Function.handle (/root/icq_full/backend/node_modules/express/lib/router/index.js:175:3)
    at router (/root/icq_full/backend/node_modules/express/lib/router/index.js:47:12)
2026-08-17 21:23:47 [ERROR]: Error: Validation failed: password: Password must be at least 6 characters
    at /root/icq_full/backend/src/utils/validators.ts:47:13
    at Layer.handle [as handle_request] (/root/icq_full/backend/node_modules/express/lib/router/layer.js:95:5)
    at next (/root/icq_full/backend/node_modules/express/lib/router/route.js:149:13)
    at Route.dispatch (/root/icq_full/backend/node_modules/express/lib/router/route.js:119:3)
    at Layer.handle [as handle_request] (/root/icq_full/backend/node_modules/express/lib/router/layer.js:95:5)
    at /root/icq_full/backend/node_modules/express/lib/router/index.js:284:15
    at Function.process_params (/root/icq_full/backend/node_modules/express/lib/router/index.js:346:12)
    at next (/root/icq_full/backend/node_modules/express/lib/router/index.js:280:10)
    at Function.handle (/root/icq_full/backend/node_modules/express/lib/router/index.js:175:3)
    at router (/root/icq_full/backend/node_modules/express/lib/router/index.js:47:12)
2026-08-18 01:30:44 [ERROR]: Error: write EIO
    at afterWriteDispatched (node:internal/stream_base_commons:161:15)
    at writeGeneric (node:internal/stream_base_commons:152:3)
    at WriteStream.Socket._writeGeneric (node:net:958:11)
    at WriteStream.Socket._write (node:net:970:8)
    at writeOrBuffer (node:internal/streams/writable:572:12)
    at _write (node:internal/streams/writable:501:10)
    at WriteStream.Writable.write (node:internal/streams/writable:510:10)
    at Console.log (/root/icq_full/backend/node_modules/winston/lib/winston/transports/console.js:87:23)
    at Console._write (/root/icq_full/backend/node_modules/winston-transport/modern.js:103:17)
    at doWrite (/root/icq_full/backend/node_modules/readable-stream/lib/_stream_writable.js:390:139)
2026-08-18 10:18:27 [ERROR]: Could not close connections in time, forcefully shutting down
2026-08-18 10:35:04 [ERROR]: Error: listen EADDRINUSE: address already in use :::3000
    at Server.setupListenHandle [as _listen2] (node:net:1908:16)
    at listenInCluster (node:net:1965:12)
    at Server.listen (node:net:2067:7)
    at main (/root/icq_full/backend/dist/server.js:53:20)
    at process.processTicksAndRejections (node:internal/process/task_queues:95:5)
2026-08-18 10:35:05 [ERROR]: Error: listen EADDRINUSE: address already in use :::3000
    at Server.setupListenHandle [as _listen2] (node:net:1908:16)
    at listenInCluster (node:net:1965:12)
    at Server.listen (node:net:2067:7)
    at main (/root/icq_full/backend/dist/server.js:53:20)
    at process.processTicksAndRejections (node:internal/process/task_queues:95:5)
2026-08-18 10:35:06 [ERROR]: Error: listen EADDRINUSE: address already in use :::3000
    at Server.setupListenHandle [as _listen2] (node:net:1908:16)
    at listenInCluster (node:net:1965:12)
    at Server.listen (node:net:2067:7)
    at main (/root/icq_full/backend/dist/server.js:53:20)
    at process.processTicksAndRejections (node:internal/process/task_queues:95:5)
2026-08-18 10:35:07 [ERROR]: Error: listen EADDRINUSE: address already in use :::3000
    at Server.setupListenHandle [as _listen2] (node:net:1908:16)
    at listenInCluster (node:net:1965:12)
    at Server.listen (node:net:2067:7)
    at main (/root/icq_full/backend/dist/server.js:53:20)
    at process.processTicksAndRejections (node:internal/process/task_queues:95:5)
2026-08-18 10:35:07 [ERROR]: Error: listen EADDRINUSE: address already in use :::3000
    at Server.setupListenHandle [as _listen2] (node:net:1908:16)
    at listenInCluster (node:net:1965:12)
    at Server.listen (node:net:2067:7)
    at main (/root/icq_full/backend/dist/server.js:53:20)
    at process.processTicksAndRejections (node:internal/process/task_queues:95:5)
2026-08-18 10:35:08 [ERROR]: Error: listen EADDRINUSE: address already in use :::3000
    at Server.setupListenHandle [as _listen2] (node:net:1908:16)
    at listenInCluster (node:net:1965:12)
    at Server.listen (node:net:2067:7)
    at main (/root/icq_full/backend/dist/server.js:53:20)
    at process.processTicksAndRejections (node:internal/process/task_queues:95:5)
2026-08-18 10:35:09 [ERROR]: Error: listen EADDRINUSE: address already in use :::3000
    at Server.setupListenHandle [as _listen2] (node:net:1908:16)
    at listenInCluster (node:net:1965:12)
    at Server.listen (node:net:2067:7)
    at main (/root/icq_full/backend/dist/server.js:53:20)
    at process.processTicksAndRejections (node:internal/process/task_queues:95:5)
2026-08-18 10:35:10 [ERROR]: Error: listen EADDRINUSE: address already in use :::3000
    at Server.setupListenHandle [as _listen2] (node:net:1908:16)
    at listenInCluster (node:net:1965:12)
    at Server.listen (node:net:2067:7)
    at main (/root/icq_full/backend/dist/server.js:53:20)
    at process.processTicksAndRejections (node:internal/process/task_queues:95:5)
2026-08-18 10:35:11 [ERROR]: Error: listen EADDRINUSE: address already in use :::3000
    at Server.setupListenHandle [as _listen2] (node:net:1908:16)
    at listenInCluster (node:net:1965:12)
    at Server.listen (node:net:2067:7)
    at main (/root/icq_full/backend/dist/server.js:53:20)
    at process.processTicksAndRejections (node:internal/process/task_queues:95:5)
2026-08-18 10:35:11 [ERROR]: Error: listen EADDRINUSE: address already in use :::3000
    at Server.setupListenHandle [as _listen2] (node:net:1908:16)
    at listenInCluster (node:net:1965:12)
    at Server.listen (node:net:2067:7)
    at main (/root/icq_full/backend/dist/server.js:53:20)
    at process.processTicksAndRejections (node:internal/process/task_queues:95:5)
2026-08-18 10:35:12 [ERROR]: Error: listen EADDRINUSE: address already in use :::3000
    at Server.setupListenHandle [as _listen2] (node:net:1908:16)
    at listenInCluster (node:net:1965:12)
    at Server.listen (node:net:2067:7)
    at main (/root/icq_full/backend/dist/server.js:53:20)
    at process.processTicksAndRejections (node:internal/process/task_queues:95:5)
2026-08-18 10:35:13 [ERROR]: Error: listen EADDRINUSE: address already in use :::3000
    at Server.setupListenHandle [as _listen2] (node:net:1908:16)
    at listenInCluster (node:net:1965:12)
    at Server.listen (node:net:2067:7)
    at main (/root/icq_full/backend/dist/server.js:53:20)
    at process.processTicksAndRejections (node:internal/process/task_queues:95:5)
2026-08-18 10:35:14 [ERROR]: Error: listen EADDRINUSE: address already in use :::3000
    at Server.setupListenHandle [as _listen2] (node:net:1908:16)
    at listenInCluster (node:net:1965:12)
    at Server.listen (node:net:2067:7)
    at main (/root/icq_full/backend/dist/server.js:53:20)
    at process.processTicksAndRejections (node:internal/process/task_queues:95:5)
2026-08-18 10:35:14 [ERROR]: Error: listen EADDRINUSE: address already in use :::3000
    at Server.setupListenHandle [as _listen2] (node:net:1908:16)
    at listenInCluster (node:net:1965:12)
    at Server.listen (node:net:2067:7)
    at main (/root/icq_full/backend/dist/server.js:53:20)
    at process.processTicksAndRejections (node:internal/process/task_queues:95:5)
2026-08-18 10:35:15 [ERROR]: Error: listen EADDRINUSE: address already in use :::3000
    at Server.setupListenHandle [as _listen2] (node:net:1908:16)
    at listenInCluster (node:net:1965:12)
    at Server.listen (node:net:2067:7)
    at main (/root/icq_full/backend/dist/server.js:53:20)
    at process.processTicksAndRejections (node:internal/process/task_queues:95:5)
2026-08-18 10:35:16 [ERROR]: Error: listen EADDRINUSE: address already in use :::3000
    at Server.setupListenHandle [as _listen2] (node:net:1908:16)
    at listenInCluster (node:net:1965:12)
    at Server.listen (node:net:2067:7)
    at main (/root/icq_full/backend/dist/server.js:53:20)
    at process.processTicksAndRejections (node:internal/process/task_queues:95:5)
2026-08-18 10:35:17 [ERROR]: Error: listen EADDRINUSE: address already in use :::3000
    at Server.setupListenHandle [as _listen2] (node:net:1908:16)
    at listenInCluster (node:net:1965:12)
    at Server.listen (node:net:2067:7)
    at main (/root/icq_full/backend/dist/server.js:53:20)
    at process.processTicksAndRejections (node:internal/process/task_queues:95:5)
2026-08-18 10:37:50 [ERROR]: Error: listen EADDRINUSE: address already in use :::3000
    at Server.setupListenHandle [as _listen2] (node:net:1908:16)
    at listenInCluster (node:net:1965:12)
    at Server.listen (node:net:2067:7)
    at main (/root/icq_full/backend/dist/server.js:53:20)
    at process.processTicksAndRejections (node:internal/process/task_queues:95:5)
2026-08-18 10:37:51 [ERROR]: Error: listen EADDRINUSE: address already in use :::3000
    at Server.setupListenHandle [as _listen2] (node:net:1908:16)
    at listenInCluster (node:net:1965:12)
    at Server.listen (node:net:2067:7)
    at main (/root/icq_full/backend/dist/server.js:53:20)
    at process.processTicksAndRejections (node:internal/process/task_queues:95:5)
2026-08-18 10:37:52 [ERROR]: Error: listen EADDRINUSE: address already in use :::3000
    at Server.setupListenHandle [as _listen2] (node:net:1908:16)
    at listenInCluster (node:net:1965:12)
    at Server.listen (node:net:2067:7)
    at main (/root/icq_full/backend/dist/server.js:53:20)
    at process.processTicksAndRejections (node:internal/process/task_queues:95:5)
2026-08-18 10:37:53 [ERROR]: Error: listen EADDRINUSE: address already in use :::3000
    at Server.setupListenHandle [as _listen2] (node:net:1908:16)
    at listenInCluster (node:net:1965:12)
    at Server.listen (node:net:2067:7)
    at main (/root/icq_full/backend/dist/server.js:53:20)
    at process.processTicksAndRejections (node:internal/process/task_queues:95:5)
2026-08-18 10:37:53 [ERROR]: Error: listen EADDRINUSE: address already in use :::3000
    at Server.setupListenHandle [as _listen2] (node:net:1908:16)
    at listenInCluster (node:net:1965:12)
    at Server.listen (node:net:2067:7)
    at main (/root/icq_full/backend/dist/server.js:53:20)
    at process.processTicksAndRejections (node:internal/process/task_queues:95:5)
2026-08-18 10:37:54 [ERROR]: Error: listen EADDRINUSE: address already in use :::3000
    at Server.setupListenHandle [as _listen2] (node:net:1908:16)
    at listenInCluster (node:net:1965:12)
    at Server.listen (node:net:2067:7)
    at main (/root/icq_full/backend/dist/server.js:53:20)
    at process.processTicksAndRejections (node:internal/process/task_queues:95:5)
2026-08-18 10:37:55 [ERROR]: Error: listen EADDRINUSE: address already in use :::3000
    at Server.setupListenHandle [as _listen2] (node:net:1908:16)
    at listenInCluster (node:net:1965:12)
    at Server.listen (node:net:2067:7)
    at main (/root/icq_full/backend/dist/server.js:53:20)
    at process.processTicksAndRejections (node:internal/process/task_queues:95:5)
2026-08-18 10:37:56 [ERROR]: Error: listen EADDRINUSE: address already in use :::3000
    at Server.setupListenHandle [as _listen2] (node:net:1908:16)
    at listenInCluster (node:net:1965:12)
    at Server.listen (node:net:2067:7)
    at main (/root/icq_full/backend/dist/server.js:53:20)
    at process.processTicksAndRejections (node:internal/process/task_queues:95:5)
2026-08-18 10:37:57 [ERROR]: Error: listen EADDRINUSE: address already in use :::3000
    at Server.setupListenHandle [as _listen2] (node:net:1908:16)
    at listenInCluster (node:net:1965:12)
    at Server.listen (node:net:2067:7)
    at main (/root/icq_full/backend/dist/server.js:53:20)
    at process.processTicksAndRejections (node:internal/process/task_queues:95:5)
2026-08-18 10:37:57 [ERROR]: Error: listen EADDRINUSE: address already in use :::3000
    at Server.setupListenHandle [as _listen2] (node:net:1908:16)
    at listenInCluster (node:net:1965:12)
    at Server.listen (node:net:2067:7)
    at main (/root/icq_full/backend/dist/server.js:53:20)
    at process.processTicksAndRejections (node:internal/process/task_queues:95:5)
2026-08-18 10:37:58 [ERROR]: Error: listen EADDRINUSE: address already in use :::3000
    at Server.setupListenHandle [as _listen2] (node:net:1908:16)
    at listenInCluster (node:net:1965:12)
    at Server.listen (node:net:2067:7)
    at main (/root/icq_full/backend/dist/server.js:53:20)
    at process.processTicksAndRejections (node:internal/process/task_queues:95:5)
2026-08-18 10:37:59 [ERROR]: Error: listen EADDRINUSE: address already in use :::3000
    at Server.setupListenHandle [as _listen2] (node:net:1908:16)
    at listenInCluster (node:net:1965:12)
    at Server.listen (node:net:2067:7)
    at main (/root/icq_full/backend/dist/server.js:53:20)
    at process.processTicksAndRejections (node:internal/process/task_queues:95:5)
2026-08-18 10:38:00 [ERROR]: Error: listen EADDRINUSE: address already in use :::3000
    at Server.setupListenHandle [as _listen2] (node:net:1908:16)
    at listenInCluster (node:net:1965:12)
    at Server.listen (node:net:2067:7)
    at main (/root/icq_full/backend/dist/server.js:53:20)
    at process.processTicksAndRejections (node:internal/process/task_queues:95:5)
2026-08-18 10:38:01 [ERROR]: Error: listen EADDRINUSE: address already in use :::3000
    at Server.setupListenHandle [as _listen2] (node:net:1908:16)
    at listenInCluster (node:net:1965:12)
    at Server.listen (node:net:2067:7)
    at main (/root/icq_full/backend/dist/server.js:53:20)
    at process.processTicksAndRejections (node:internal/process/task_queues:95:5)
2026-08-18 10:38:01 [ERROR]: Error: listen EADDRINUSE: address already in use :::3000
    at Server.setupListenHandle [as _listen2] (node:net:1908:16)
    at listenInCluster (node:net:1965:12)
    at Server.listen (node:net:2067:7)
    at main (/root/icq_full/backend/dist/server.js:53:20)
    at process.processTicksAndRejections (node:internal/process/task_queues:95:5)
2026-08-18 10:38:02 [ERROR]: Error: listen EADDRINUSE: address already in use :::3000
    at Server.setupListenHandle [as _listen2] (node:net:1908:16)
    at listenInCluster (node:net:1965:12)
    at Server.listen (node:net:2067:7)
    at main (/root/icq_full/backend/dist/server.js:53:20)
    at process.processTicksAndRejections (node:internal/process/task_queues:95:5)
2026-08-18 10:38:43 [ERROR]: Error: listen EADDRINUSE: address already in use :::3000
    at Server.setupListenHandle [as _listen2] (node:net:1908:16)
    at listenInCluster (node:net:1965:12)
    at Server.listen (node:net:2067:7)
    at main (/root/icq_full/backend/dist/server.js:53:20)
    at process.processTicksAndRejections (node:internal/process/task_queues:95:5)
2026-08-18 10:38:43 [ERROR]: Error: listen EADDRINUSE: address already in use :::3000
    at Server.setupListenHandle [as _listen2] (node:net:1908:16)
    at listenInCluster (node:net:1965:12)
    at Server.listen (node:net:2067:7)
    at main (/root/icq_full/backend/dist/server.js:53:20)
    at process.processTicksAndRejections (node:internal/process/task_queues:95:5)
2026-08-18 10:38:44 [ERROR]: Error: listen EADDRINUSE: address already in use :::3000
    at Server.setupListenHandle [as _listen2] (node:net:1908:16)
    at listenInCluster (node:net:1965:12)
    at Server.listen (node:net:2067:7)
    at main (/root/icq_full/backend/dist/server.js:53:20)
    at process.processTicksAndRejections (node:internal/process/task_queues:95:5)
2026-08-18 10:38:45 [ERROR]: Error: listen EADDRINUSE: address already in use :::3000
    at Server.setupListenHandle [as _listen2] (node:net:1908:16)
    at listenInCluster (node:net:1965:12)
    at Server.listen (node:net:2067:7)
    at main (/root/icq_full/backend/dist/server.js:53:20)
    at process.processTicksAndRejections (node:internal/process/task_queues:95:5)
2026-08-18 10:38:46 [ERROR]: Error: listen EADDRINUSE: address already in use :::3000
    at Server.setupListenHandle [as _listen2] (node:net:1908:16)
    at listenInCluster (node:net:1965:12)
    at Server.listen (node:net:2067:7)
    at main (/root/icq_full/backend/dist/server.js:53:20)
    at process.processTicksAndRejections (node:internal/process/task_queues:95:5)
2026-08-18 10:38:46 [ERROR]: Error: listen EADDRINUSE: address already in use :::3000
    at Server.setupListenHandle [as _listen2] (node:net:1908:16)
    at listenInCluster (node:net:1965:12)
    at Server.listen (node:net:2067:7)
    at main (/root/icq_full/backend/dist/server.js:53:20)
    at process.processTicksAndRejections (node:internal/process/task_queues:95:5)
2026-08-18 10:38:47 [ERROR]: Error: listen EADDRINUSE: address already in use :::3000
    at Server.setupListenHandle [as _listen2] (node:net:1908:16)
    at listenInCluster (node:net:1965:12)
    at Server.listen (node:net:2067:7)
    at main (/root/icq_full/backend/dist/server.js:53:20)
    at process.processTicksAndRejections (node:internal/process/task_queues:95:5)
2026-08-18 10:38:48 [ERROR]: Error: listen EADDRINUSE: address already in use :::3000
    at Server.setupListenHandle [as _listen2] (node:net:1908:16)
    at listenInCluster (node:net:1965:12)
    at Server.listen (node:net:2067:7)
    at main (/root/icq_full/backend/dist/server.js:53:20)
    at process.processTicksAndRejections (node:internal/process/task_queues:95:5)
2026-08-18 10:38:49 [ERROR]: Error: listen EADDRINUSE: address already in use :::3000
    at Server.setupListenHandle [as _listen2] (node:net:1908:16)
    at listenInCluster (node:net:1965:12)
    at Server.listen (node:net:2067:7)
    at main (/root/icq_full/backend/dist/server.js:53:20)
    at process.processTicksAndRejections (node:internal/process/task_queues:95:5)
2026-08-18 10:38:49 [ERROR]: Error: listen EADDRINUSE: address already in use :::3000
    at Server.setupListenHandle [as _listen2] (node:net:1908:16)
    at listenInCluster (node:net:1965:12)
    at Server.listen (node:net:2067:7)
    at main (/root/icq_full/backend/dist/server.js:53:20)
    at process.processTicksAndRejections (node:internal/process/task_queues:95:5)
2026-08-18 10:38:50 [ERROR]: Error: listen EADDRINUSE: address already in use :::3000
    at Server.setupListenHandle [as _listen2] (node:net:1908:16)
    at listenInCluster (node:net:1965:12)
    at Server.listen (node:net:2067:7)
    at main (/root/icq_full/backend/dist/server.js:53:20)
    at process.processTicksAndRejections (node:internal/process/task_queues:95:5)
2026-08-18 10:38:51 [ERROR]: Error: listen EADDRINUSE: address already in use :::3000
    at Server.setupListenHandle [as _listen2] (node:net:1908:16)
    at listenInCluster (node:net:1965:12)
    at Server.listen (node:net:2067:7)
    at main (/root/icq_full/backend/dist/server.js:53:20)
    at process.processTicksAndRejections (node:internal/process/task_queues:95:5)
2026-08-18 10:38:52 [ERROR]: Error: listen EADDRINUSE: address already in use :::3000
    at Server.setupListenHandle [as _listen2] (node:net:1908:16)
    at listenInCluster (node:net:1965:12)
    at Server.listen (node:net:2067:7)
    at main (/root/icq_full/backend/dist/server.js:53:20)
    at process.processTicksAndRejections (node:internal/process/task_queues:95:5)
2026-08-18 10:38:52 [ERROR]: Error: listen EADDRINUSE: address already in use :::3000
    at Server.setupListenHandle [as _listen2] (node:net:1908:16)
    at listenInCluster (node:net:1965:12)
    at Server.listen (node:net:2067:7)
    at main (/root/icq_full/backend/dist/server.js:53:20)
    at process.processTicksAndRejections (node:internal/process/task_queues:95:5)
2026-08-18 10:38:53 [ERROR]: Error: listen EADDRINUSE: address already in use :::3000
    at Server.setupListenHandle [as _listen2] (node:net:1908:16)
    at listenInCluster (node:net:1965:12)
    at Server.listen (node:net:2067:7)
    at main (/root/icq_full/backend/dist/server.js:53:20)
    at process.processTicksAndRejections (node:internal/process/task_queues:95:5)
2026-08-18 10:38:54 [ERROR]: Error: listen EADDRINUSE: address already in use :::3000
    at Server.setupListenHandle [as _listen2] (node:net:1908:16)
    at listenInCluster (node:net:1965:12)
    at Server.listen (node:net:2067:7)
    at main (/root/icq_full/backend/dist/server.js:53:20)
    at process.processTicksAndRejections (node:internal/process/task_queues:95:5)
2026-08-18 10:40:41 [ERROR]: Error: listen EADDRINUSE: address already in use :::3000
    at Server.setupListenHandle [as _listen2] (node:net:1908:16)
    at listenInCluster (node:net:1965:12)
    at Server.listen (node:net:2067:7)
    at main (/root/icq_full/backend/dist/server.js:53:20)
    at process.processTicksAndRejections (node:internal/process/task_queues:95:5)
2026-08-18 10:40:42 [ERROR]: Error: listen EADDRINUSE: address already in use :::3000
    at Server.setupListenHandle [as _listen2] (node:net:1908:16)
    at listenInCluster (node:net:1965:12)
    at Server.listen (node:net:2067:7)
    at main (/root/icq_full/backend/dist/server.js:53:20)
    at process.processTicksAndRejections (node:internal/process/task_queues:95:5)
2026-08-18 10:40:42 [ERROR]: Error: listen EADDRINUSE: address already in use :::3000
    at Server.setupListenHandle [as _listen2] (node:net:1908:16)
    at listenInCluster (node:net:1965:12)
    at Server.listen (node:net:2067:7)
    at main (/root/icq_full/backend/dist/server.js:53:20)
    at process.processTicksAndRejections (node:internal/process/task_queues:95:5)
2026-08-18 10:40:43 [ERROR]: Error: listen EADDRINUSE: address already in use :::3000
    at Server.setupListenHandle [as _listen2] (node:net:1908:16)
    at listenInCluster (node:net:1965:12)
    at Server.listen (node:net:2067:7)
    at main (/root/icq_full/backend/dist/server.js:53:20)
    at process.processTicksAndRejections (node:internal/process/task_queues:95:5)
2026-08-18 10:40:44 [ERROR]: Error: listen EADDRINUSE: address already in use :::3000
    at Server.setupListenHandle [as _listen2] (node:net:1908:16)
    at listenInCluster (node:net:1965:12)
    at Server.listen (node:net:2067:7)
    at main (/root/icq_full/backend/dist/server.js:53:20)
    at process.processTicksAndRejections (node:internal/process/task_queues:95:5)
2026-08-18 10:40:45 [ERROR]: Error: listen EADDRINUSE: address already in use :::3000
    at Server.setupListenHandle [as _listen2] (node:net:1908:16)
    at listenInCluster (node:net:1965:12)
    at Server.listen (node:net:2067:7)
    at main (/root/icq_full/backend/dist/server.js:53:20)
    at process.processTicksAndRejections (node:internal/process/task_queues:95:5)
2026-08-18 10:40:46 [ERROR]: Error: listen EADDRINUSE: address already in use :::3000
    at Server.setupListenHandle [as _listen2] (node:net:1908:16)
    at listenInCluster (node:net:1965:12)
    at Server.listen (node:net:2067:7)
    at main (/root/icq_full/backend/dist/server.js:53:20)
    at process.processTicksAndRejections (node:internal/process/task_queues:95:5)
2026-08-18 10:40:47 [ERROR]: Error: listen EADDRINUSE: address already in use :::3000
    at Server.setupListenHandle [as _listen2] (node:net:1908:16)
    at listenInCluster (node:net:1965:12)
    at Server.listen (node:net:2067:7)
    at main (/root/icq_full/backend/dist/server.js:53:20)
    at process.processTicksAndRejections (node:internal/process/task_queues:95:5)
2026-08-18 10:40:47 [ERROR]: Error: listen EADDRINUSE: address already in use :::3000
    at Server.setupListenHandle [as _listen2] (node:net:1908:16)
    at listenInCluster (node:net:1965:12)
    at Server.listen (node:net:2067:7)
    at main (/root/icq_full/backend/dist/server.js:53:20)
    at process.processTicksAndRejections (node:internal/process/task_queues:95:5)
2026-08-18 10:40:48 [ERROR]: Error: listen EADDRINUSE: address already in use :::3000
    at Server.setupListenHandle [as _listen2] (node:net:1908:16)
    at listenInCluster (node:net:1965:12)
    at Server.listen (node:net:2067:7)
    at main (/root/icq_full/backend/dist/server.js:53:20)
    at process.processTicksAndRejections (node:internal/process/task_queues:95:5)
2026-08-18 10:40:49 [ERROR]: Error: listen EADDRINUSE: address already in use :::3000
    at Server.setupListenHandle [as _listen2] (node:net:1908:16)
    at listenInCluster (node:net:1965:12)
    at Server.listen (node:net:2067:7)
    at main (/root/icq_full/backend/dist/server.js:53:20)
    at process.processTicksAndRejections (node:internal/process/task_queues:95:5)
2026-08-18 10:40:50 [ERROR]: Error: listen EADDRINUSE: address already in use :::3000
    at Server.setupListenHandle [as _listen2] (node:net:1908:16)
    at listenInCluster (node:net:1965:12)
    at Server.listen (node:net:2067:7)
    at main (/root/icq_full/backend/dist/server.js:53:20)
    at process.processTicksAndRejections (node:internal/process/task_queues:95:5)
2026-08-18 10:40:51 [ERROR]: Error: listen EADDRINUSE: address already in use :::3000
    at Server.setupListenHandle [as _listen2] (node:net:1908:16)
    at listenInCluster (node:net:1965:12)
    at Server.listen (node:net:2067:7)
    at main (/root/icq_full/backend/dist/server.js:53:20)
    at process.processTicksAndRejections (node:internal/process/task_queues:95:5)
2026-08-18 10:40:52 [ERROR]: Error: listen EADDRINUSE: address already in use :::3000
    at Server.setupListenHandle [as _listen2] (node:net:1908:16)
    at listenInCluster (node:net:1965:12)
    at Server.listen (node:net:2067:7)
    at main (/root/icq_full/backend/dist/server.js:53:20)
    at process.processTicksAndRejections (node:internal/process/task_queues:95:5)
2026-08-18 10:40:52 [ERROR]: Error: listen EADDRINUSE: address already in use :::3000
    at Server.setupListenHandle [as _listen2] (node:net:1908:16)
    at listenInCluster (node:net:1965:12)
    at Server.listen (node:net:2067:7)
    at main (/root/icq_full/backend/dist/server.js:53:20)
    at process.processTicksAndRejections (node:internal/process/task_queues:95:5)
2026-08-18 10:40:53 [ERROR]: Error: listen EADDRINUSE: address already in use :::3000
    at Server.setupListenHandle [as _listen2] (node:net:1908:16)
    at listenInCluster (node:net:1965:12)
    at Server.listen (node:net:2067:7)
    at main (/root/icq_full/backend/dist/server.js:53:20)
    at process.processTicksAndRejections (node:internal/process/task_queues:95:5)
